# 출처 K카(kcar.com) 직영 매물 목록 API. 수집 2026-09-08 19:29 KST. 직영 재고 전체 7408대 수집(시세 비교군 6842대) 중 조건 통과 490대. 개인 검토용 비공식 분석, 상업적 이용 금지. total_cost/insurance_history/owner_changes/listed_date/warranty 는 상세 페이지가 robots.txt Disallow 라 미수집(null).
id,url,maker,model,model_group,full_name,trim,trim_series,grade_name,year_month,year,model_year,km,price,total_cost,total_cost_est,fuel,fuel_raw,transmission,cc,seats,body_type,category_raw,accident,insurance_history,owner_changes,options,airbags,adas,adas_n,parking_aid_n,location,listed_date,warranty,photo,use_tag,rent_reg,reg_type,group_key,group_n,group_median_price,group_median_km,price_gap,km_gap,group_basis,group_note,score
EC61399204,https://www.kcar.com/bc/detail/carInfoDtl?i_sCarCd=EC61399204,기아,K8,K8,기아 K8 가솔린 2.5 노블레스,가솔린 2.5 노블레스,가솔린,가솔린 2.5,2021-09,2021,2022,50102,2020,,2164,가솔린,가솔린,오토,2497,5,세단,대형차,무사고,,,후방카메라|후방센서|전방센서|자동긴급제동|차선이탈경보|타이어공기압경고|차체자세제어|전자식파킹브레이크|통풍시트|열선시트|스마트키|내비|크루즈|전동시트|하이패스|무선충전,4,자동긴급제동|차선이탈경보,2,3,광명직영점 경기/인천,,,https://img.kcar.com/3dcarpicture/2026/08/104/61399204_1/main/main780.jpg,,N,SELL,K8 2021±1 / 같은 세대·연료·배기량·트림,23,2180,72945,0.0734,0.3132,같은 세대·연료·배기량·트림,,61.0
EC61409867,https://www.kcar.com/bc/detail/carInfoDtl?i_sCarCd=EC61409867,현대,올 뉴 투싼 TL,투싼,현대 올 뉴 투싼 TL 가솔린 1.6 터보 2WD 스마트,가솔린 1.6 터보 2WD 스마트,가솔린,가솔린 1.6 터보 2WD,2020-05,2020,2020,44465,1520,,1629,가솔린,가솔린,오토,1591,5,SUV,SUV,무사고,,,후방카메라|후방센서|자동긴급제동|차선이탈경보|타이어공기압경고|차체자세제어|경사로밀림방지|스마트키|하이패스,4,자동긴급제동|차선이탈경보,2,2,장한평직영점 서울,,,https://img.kcar.com/3dcarpicture/2026/09/095/61409867_1/main/main780.jpg,,N,SELL,올 뉴 투싼 TL 2020±1 / 같은 세대·연료·엔진(트림 등급 섞임),22,1700.0,85766,0.1059,0.4816,같은 세대·연료·엔진(트림 등급 섞임),,60.9
EC61397752,https://www.kcar.com/bc/detail/carInfoDtl?i_sCarCd=EC61397752,기아,K8,K8,기아 K8 LPG 3.5 (일반인) 프레스티지,LPG 3.5 (일반인) 프레스티지,LPG,LPG 3.5 (일반인),2022-07,2022,2023,95247,2050,,2196,LPG,LPG,오토,3470,5,세단,대형차,무사고,,,후방카메라|후방센서|전방센서|자동긴급제동|후측방경보|차선이탈경보|스마트크루즈|타이어공기압경고|차체자세제어|전자식파킹브레이크|통풍시트|열선시트|스마트키|내비|크루즈|전동시트|하이패스,4,자동긴급제동|후측방경보|차선이탈경보|스마트크루즈,4,3,김포공항직영점 경기/인천,,,https://img.kcar.com/carpicture/carpicture09/pic6139/kcarM_61397752_045.jpg,영업용,N,SELL,K8 2022±1 / 같은 세대·연료·엔진(트림 등급 섞임),3,2730,65732,0.2491,-0.449,같은 세대·연료·엔진(트림 등급 섞임),,60.0
EC61408992,https://www.kcar.com/bc/detail/carInfoDtl?i_sCarCd=EC61408992,현대,코나 (SX2),코나,현대 코나 (SX2) 가솔린 1.6 2WD 모던,가솔린 1.6 2WD 모던,가솔린,가솔린 1.6 2WD,2023-03,2023,2023,61355,2130,,2282,가솔린,가솔린,오토,1598,5,SUV,SUV,무사고,,,후방카메라|후방센서|전방센서|자동긴급제동|후측방경보|차선이탈경보|스마트크루즈|타이어공기압경고|차체자세제어|전자식파킹브레이크|열선시트|스마트키|내비|크루즈,4,자동긴급제동|후측방경보|차선이탈경보|스마트크루즈,4,3,원주직영점 강원,,,https://img.kcar.com/3dcarpicture/2026/09/168/61408992_1/main/main780.jpg,,N,SELL,코나 (SX2) 2023±1 / 같은 세대·연료·엔진(트림 등급 섞임),25,2650,21664,0.1962,-1.8321,같은 세대·연료·엔진(트림 등급 섞임),,59.4
EC61352720,https://www.kcar.com/bc/detail/carInfoDtl?i_sCarCd=EC61352720,현대,싼타페 TM,싼타페,현대 싼타페 TM 가솔린 2.0T 2WD 프레스티지,가솔린 2.0T 2WD 프레스티지,가솔린,가솔린 2.0T 2WD,2020-03,2020,2020,58638,1840,,1972,가솔린,가솔린,오토,1998,5,SUV,SUV,무사고,,,후방카메라|후방센서|전방센서|차선이탈경보|스마트크루즈|타이어공기압경고|차체자세제어|경사로밀림방지|전자식파킹브레이크|통풍시트|열선시트|스마트키|내비|크루즈|전동시트|하이패스,4,차선이탈경보|스마트크루즈,2,3,일산직영점 경기/인천,,,https://img.kcar.com/carpicture/carpicture05/pic6135/kcarM_61352720_045.jpg,,N,SELL,싼타페 TM 2020±1 / 같은 세대·연료·배기량·트림,19,1980,80212,0.0707,0.269,같은 세대·연료·배기량·트림,,58.5
EC61409810,https://www.kcar.com/bc/detail/carInfoDtl?i_sCarCd=EC61409810,현대,코나 (SX2),코나,현대 코나 (SX2) 가솔린 1.6 2WD 모던,가솔린 1.6 2WD 모던,가솔린,가솔린 1.6 2WD,2023-02,2023,2023,28867,2190,,2346,가솔린,가솔린,오토,1598,5,SUV,SUV,무사고,,,후방카메라|후방센서|차선이탈경보|타이어공기압경고|차체자세제어|전자식파킹브레이크|열선시트|스마트키|내비|크루즈|하이패스,4,차선이탈경보,1,2,서부산직영점 경남,,,https://img.kcar.com/3dcarpicture/2026/09/116/61409810_1/main/main780.jpg,,N,SELL,코나 (SX2) 2023±1 / 같은 세대·연료·엔진(트림 등급 섞임),25,2650,21664,0.1736,-0.3325,같은 세대·연료·엔진(트림 등급 섞임),,56.0
EC61402450,https://www.kcar.com/bc/detail/carInfoDtl?i_sCarCd=EC61402450,기아,더 뉴 니로,니로,기아 더 뉴 니로 럭셔리 ,럭셔리,럭셔리,럭셔리,2020-12,2020,2020,51517,1810,,1940,하이브리드,가솔린+전기,오토,1580,5,SUV,SUV,무사고,,,후방카메라|후방센서|타이어공기압경고|차체자세제어|열선시트|스마트키|내비|하이패스,4,,0,2,수원신갈직영점 경기/인천,,,https://img.kcar.com/carpicture/carpicture10/pic6140/kcarM_61402450_045.jpg,영업용,N,SELL,더 뉴 니로 2020±1 / 같은 세대·연료·배기량·트림,3,1640,103938,-0.1037,0.5043,같은 세대·연료·배기량·트림,,55.0
EC61408052,https://www.kcar.com/bc/detail/carInfoDtl?i_sCarCd=EC61408052,기아,더 뉴 니로,니로,기아 더 뉴 니로 노블레스 ,노블레스,노블레스,노블레스,2020-06,2020,2020,60673,1950,,2090,하이브리드,가솔린+전기,오토,1580,5,SUV,SUV,무사고,,,후방카메라|후방센서|후측방경보|차선이탈경보|스마트크루즈|타이어공기압경고|차체자세제어|경사로밀림방지|전자식파킹브레이크|통풍시트|열선시트|스마트키|내비|크루즈|선루프|전동시트|하이패스,4,후측방경보|차선이탈경보|스마트크루즈,3,2,강남직영점 서울,,,https://img.kcar.com/carpicture/carpicture10/pic6140/kcarM_61408052_045.jpg,영업용,N,SELL,더 뉴 니로 2020±1 / 같은 세대·연료·배기량·트림,3,1710,105783,-0.1404,0.4264,같은 세대·연료·배기량·트림,,55.0
EC61400704,https://www.kcar.com/bc/detail/carInfoDtl?i_sCarCd=EC61400704,기아,셀토스,셀토스,기아 셀토스 가솔린 터보 1.6 2WD 트렌디,가솔린 터보 1.6 2WD 트렌디,가솔린,가솔린 터보 1.6 2WD,2022-04,2022,2023,60503,1530,,1640,가솔린,가솔린,오토,1591,5,SUV,SUV,무사고,,,후방센서|자동긴급제동|차선이탈경보|타이어공기압경고|차체자세제어|경사로밀림방지|열선시트|스마트키|크루즈|하이패스,4,자동긴급제동|차선이탈경보,2,1,화성직영점 경기/인천,,,https://img.kcar.com/3dcarpicture/2026/09/175/61400704_1/main/main780.jpg,,N,SELL,셀토스 2022±1 / 같은 세대·연료·엔진(트림 등급 섞임),15,1990,50108,0.2312,-0.2075,같은 세대·연료·엔진(트림 등급 섞임),,55.0
EC61403400,https://www.kcar.com/bc/detail/carInfoDtl?i_sCarCd=EC61403400,기아,K5 3세대 하이브리드,K5,기아 K5 3세대 하이브리드 트랜디 ,트랜디,트랜디,트랜디,2023-09,2023,2023,25100,2030,,2175,하이브리드,가솔린+전기,오토,1999,5,세단,중형차,무사고,,,후방카메라|후방센서|자동긴급제동|차선이탈경보|타이어공기압경고|차체자세제어|전자식파킹브레이크|열선시트|스마트키|내비|크루즈|무선충전,4,자동긴급제동|차선이탈경보,2,2,해운대직영점 경남,,,https://img.kcar.com/carpicture/carpicture10/pic6140/kcarM_61403400_045.jpg,영업용,N,SELL,K5 3세대 하이브리드 2023±1 / 같은 세대·연료·배기량·트림,8,1840.0,45041,-0.1033,0.4427,같은 세대·연료·배기량·트림,,55.0
EC61398238,https://www.kcar.com/bc/detail/carInfoDtl?i_sCarCd=EC61398238,현대,쏘나타 DN8 하이브리드,쏘나타,현대 쏘나타 DN8 하이브리드 모던 ,모던,모던,모던,2021-12,2021,2022,37459,1960,,2100,하이브리드,가솔린+전기,오토,1999,5,세단,중형차,무사고,,,후방카메라|후방센서|차선이탈경보|타이어공기압경고|차체자세제어|전자식파킹브레이크|열선시트|스마트키|내비|크루즈|하이패스|무선충전,4,차선이탈경보,1,2,수원직영점 경기/인천,,,https://img.kcar.com/carpicture/carpicture09/pic6139/kcarM_61398238_045.jpg,영업용,N,SELL,쏘나타 DN8 하이브리드 2021±1 / 같은 세대·연료·배기량·트림,5,1770,56120,-0.1073,0.3325,같은 세대·연료·배기량·트림,,55.0
EC61411222,https://www.kcar.com/bc/detail/carInfoDtl?i_sCarCd=EC61411222,기아,디 올 뉴 스포티지,스포티지,기아 디 올 뉴 스포티지 1.6 가솔린 터보 2WD 프레스티지,1.6 가솔린 터보 2WD 프레스티지,1.6,1.6 가솔린 터보 2WD,2023-08,2023,2024,58888,2120,,2271,가솔린,가솔린,오토,1598,5,SUV,SUV,무사고,,,후방카메라|후방센서|차선이탈경보|타이어공기압경고|차체자세제어|경사로밀림방지|전자식파킹브레이크|통풍시트|열선시트|스마트키|크루즈|전동시트|하이패스,4,차선이탈경보,1,2,창원마산직영점 경남,,,https://img.kcar.com/carpicture/carpicture01/pic6141/kcarM_61411222_045.jpg,,N,SELL,디 올 뉴 스포티지 2023±1 / 같은 세대·연료·엔진(트림 등급 섞임),14,2590.0,42394,0.1815,-0.389,같은 세대·연료·엔진(트림 등급 섞임),비교군 가격 산포 52% — 시세차를 그대로 믿지 말 것,54.7
EC61399939,https://www.kcar.com/bc/detail/carInfoDtl?i_sCarCd=EC61399939,현대,더 뉴 그랜저 하이브리드,그랜저,현대 더 뉴 그랜저 하이브리드 가솔린 2.4  프리미엄,가솔린 2.4  프리미엄,가솔린,가솔린 2.4 ,2020-10,2020,2021,93201,1990,,2132,하이브리드,가솔린+전기,오토,2359,5,세단,대형차,단순수리,,,후방카메라|후방센서|전방센서|자동긴급제동|차선이탈경보|타이어공기압경고|차체자세제어|전자식파킹브레이크|열선시트|스마트키|내비|크루즈|전동시트|하이패스,4,자동긴급제동|차선이탈경보,2,3,오산동탄직영점 경기/인천,,,https://img.kcar.com/carpicture/carpicture09/pic6139/kcarM_61399939_045.jpg,영업용,N,SELL,더 뉴 그랜저 하이브리드 2020±1 / 같은 세대·연료·엔진(트림 등급 섞임),31,2270,111844,0.1233,0.1667,같은 세대·연료·엔진(트림 등급 섞임),비교군 가격 산포 59% — 시세차를 그대로 믿지 말 것,54.6
EC61408306,https://www.kcar.com/bc/detail/carInfoDtl?i_sCarCd=EC61408306,현대,더 뉴 싼타페,싼타페,현대 더 뉴 싼타페 가솔린 2.5 2WD 익스클루시브,가솔린 2.5 2WD 익스클루시브,가솔린,가솔린 2.5 2WD,2022-05,2022,2022,48175,1890,,2025,가솔린,가솔린,오토,2497,5,SUV,SUV,단순수리,,,후방카메라|후방센서|전방센서|자동긴급제동|후측방경보|차선이탈경보|스마트크루즈|타이어공기압경고|차체자세제어|전자식파킹브레이크|통풍시트|열선시트|스마트키|내비|크루즈|하이패스,4,자동긴급제동|후측방경보|차선이탈경보|스마트크루즈,4,3,아산직영점 충남,,,https://img.kcar.com/3dcarpicture/2026/09/174/61408306_1/main/main780.jpg,,N,SELL,더 뉴 싼타페 2022±1 / 같은 세대·연료·배기량·트림,3,2180,60833,0.133,0.2081,같은 세대·연료·배기량·트림,,53.8
EC61404385,https://www.kcar.com/bc/detail/carInfoDtl?i_sCarCd=EC61404385,현대,쏘나타 DN8,쏘나타,현대 쏘나타 DN8 1.6 터보 모던,1.6 터보 모던,1.6,1.6 터보,2022-08,2022,2023,28593,1830,,1961,가솔린,가솔린,오토,1598,5,세단,중형차,무사고,,,후방카메라|후방센서|차선이탈경보|타이어공기압경고|차체자세제어|전자식파킹브레이크|열선시트|스마트키|내비|크루즈|하이패스|무선충전,4,차선이탈경보,1,2,홈서비스 메가센터 홈서비스 메가센터,,,https://img.kcar.com/3dcarpicture/2026/09/173/61404385_1/main/main780.jpg,,N,SELL,쏘나타 DN8 2022±1 / 같은 세대·연료·엔진(트림 등급 섞임),12,1865.0,54074,0.0188,0.4712,같은 세대·연료·엔진(트림 등급 섞임),,52.8
EC61326935,https://www.kcar.com/bc/detail/carInfoDtl?i_sCarCd=EC61326935,기아,스팅어 마이스터,스팅어,기아 스팅어 마이스터 3.3 터보 2WD 마스터즈 터보 패키지,3.3 터보 2WD 마스터즈 터보 패키지,3.3,3.3 터보 2WD,2021-04,2021,2021,93462,2140,,2293,가솔린,가솔린,오토,3342,5,세단,중형차,무사고,,,후방카메라|후방센서|전방센서|자동긴급제동|후측방경보|차선이탈경보|스마트크루즈|타이어공기압경고|차체자세제어|전자식파킹브레이크|통풍시트|열선시트|스마트키|내비|크루즈|전동시트|하이패스|무선충전,4,자동긴급제동|후측방경보|차선이탈경보|스마트크루즈,4,3,평택직영점 경기/인천,,,https://img.kcar.com/3dcarpicture/2026/09/177/61326935_2/main/main780.jpg,,N,SELL,스팅어 마이스터 2021±1 / 같은 세대·연료·배기량·트림,3,2520,53639,0.1508,-0.7424,같은 세대·연료·배기량·트림,,52.6
EC61404994,https://www.kcar.com/bc/detail/carInfoDtl?i_sCarCd=EC61404994,현대,더 뉴 아반떼 (CN7),아반떼,현대 더 뉴 아반떼 (CN7) 가솔린 1.6 스마트,가솔린 1.6 스마트,가솔린,가솔린 1.6,2024-04,2024,2024,25642,1740,,1865,가솔린,가솔린,오토,1598,5,세단,준중형차,무사고,,,후방카메라|자동긴급제동|후측방경보|타이어공기압경고|차체자세제어|크루즈,4,자동긴급제동|후측방경보,2,1,광주수완직영점 전남,,,https://img.kcar.com/3dcarpicture/2026/08/081/61404994_2/main/main780.jpg,,N,SELL,더 뉴 아반떼 (CN7) 2024±1 / 같은 세대·연료·엔진(트림 등급 섞임),29,2320,25642,0.25,0.0,같은 세대·연료·엔진(트림 등급 섞임),비교군 가격 산포 47% — 시세차를 그대로 믿지 말 것,52.5
EC61402842,https://www.kcar.com/bc/detail/carInfoDtl?i_sCarCd=EC61402842,현대,쏘나타 DN8 하이브리드,쏘나타,현대 쏘나타 DN8 하이브리드 모던 ,모던,모던,모던,2022-03,2022,2022,39140,1930,,2068,하이브리드,가솔린+전기,오토,1999,5,세단,중형차,무사고,,,후방카메라|후방센서|차선이탈경보|타이어공기압경고|차체자세제어|전자식파킹브레이크|열선시트|스마트키|크루즈,4,차선이탈경보,1,2,수원직영점 경기/인천,,,https://img.kcar.com/carpicture/carpicture10/pic6140/kcarM_61402842_045.jpg,영업용,N,SELL,쏘나타 DN8 하이브리드 2022±1 / 같은 세대·연료·배기량·트림,5,1770,56120,-0.0904,0.3026,같은 세대·연료·배기량·트림,,52.5
EC61411049,https://www.kcar.com/bc/detail/carInfoDtl?i_sCarCd=EC61411049,기아,더 뉴 니로,니로,기아 더 뉴 니로 노블레스 스폐셜 ,노블레스 스폐셜,노블레스,노블레스 스폐셜,2021-02,2021,2021,70021,2050,,2196,하이브리드,가솔린+전기,오토,1580,5,SUV,SUV,무사고,,,후방카메라|후방센서|전방센서|후측방경보|차선이탈경보|스마트크루즈|타이어공기압경고|차체자세제어|전자식파킹브레이크|통풍시트|열선시트|스마트키|내비|크루즈|전동시트|하이패스|무선충전,4,후측방경보|차선이탈경보|스마트크루즈,3,3,서부산직영점 경남,,,https://img.kcar.com/carpicture/carpicture01/pic6141/kcarM_61411049_045.jpg,영업용,N,SELL,더 뉴 니로 2021±1 / 같은 세대·연료·배기량·트림,9,1800,94000,-0.1389,0.2551,같은 세대·연료·배기량·트림,,52.0
EC61354915,https://www.kcar.com/bc/detail/carInfoDtl?i_sCarCd=EC61354915,현대,아반떼 N,아반떼,현대 아반떼 N 2.0 터보 ,2.0 터보,2.0,2.0 터보,2022-02,2022,2022,59987,1890,,2025,가솔린,가솔린,오토,1998,5,세단,준중형차,무사고,,,후방카메라|후방센서|전방센서|차선이탈경보|타이어공기압경고|차체자세제어|통풍시트|열선시트|스마트키|내비|크루즈|전동시트|하이패스,4,차선이탈경보,1,3,해운대직영점 경남,,,https://img.kcar.com/carpicture/carpicture05/pic6135/kcarM_61354915_045.jpg,,N,SELL,아반떼 N 2022±1 / 같은 세대·연료·배기량·트림,8,2210.0,49249,0.1448,-0.218,같은 세대·연료·배기량·트림,,51.7
EC61410094,https://www.kcar.com/bc/detail/carInfoDtl?i_sCarCd=EC61410094,현대,쏘나타 DN8,쏘나타,현대 쏘나타 DN8 1.6 터보 프리미엄,1.6 터보 프리미엄,1.6,1.6 터보,2021-03,2021,2021,31121,1800,,1929,가솔린,가솔린,오토,1598,5,세단,중형차,무사고,,,후방카메라|후방센서|자동긴급제동|차선이탈경보|타이어공기압경고|차체자세제어|전자식파킹브레이크|열선시트|스마트키|크루즈|전동시트|하이패스,4,자동긴급제동|차선이탈경보,2,2,대구반야월직영점 경북,,,https://img.kcar.com/carpicture/carpicture01/pic6141/kcarM_61410094_045.jpg,,N,SELL,쏘나타 DN8 2021±1 / 같은 세대·연료·엔진(트림 등급 섞임),21,1850,69479,0.027,0.5521,같은 세대·연료·엔진(트림 등급 섞임),,51.5
EC61410838,https://www.kcar.com/bc/detail/carInfoDtl?i_sCarCd=EC61410838,현대,쏘나타 DN8,쏘나타,현대 쏘나타 DN8 1.6 터보 프리미엄,1.6 터보 프리미엄,1.6,1.6 터보,2020-10,2020,2021,74492,1590,,1704,가솔린,가솔린,오토,1598,5,세단,중형차,무사고,,,후방카메라|후방센서|자동긴급제동|후측방경보|차선이탈경보|스마트크루즈|타이어공기압경고|차체자세제어|전자식파킹브레이크|열선시트|스마트키|내비|크루즈|전동시트|하이패스|무선충전,4,자동긴급제동|후측방경보|차선이탈경보|스마트크루즈,4,2,청주직영점 충북,,,https://img.kcar.com/3dcarpicture/2026/09/114/61410838_1/main/main780.jpg,,N,SELL,쏘나타 DN8 2020±1 / 같은 세대·연료·엔진(트림 등급 섞임),21,1850,69888,0.1405,-0.0659,같은 세대·연료·엔진(트림 등급 섞임),,51.1
EC61393080,https://www.kcar.com/bc/detail/carInfoDtl?i_sCarCd=EC61393080,기아,쏘렌토 4세대,쏘렌토,기아 쏘렌토 4세대 디젤 2.2 4WD 트렌디,디젤 2.2 4WD 트렌디,디젤,디젤 2.2 4WD,2021-06,2021,2021,98163,1900,,2036,디젤,디젤,오토,2151,5,SUV,SUV,무사고,,,후방카메라|후방센서|전방센서|차선이탈경보|타이어공기압경고|차체자세제어|전자식파킹브레이크|열선시트|스마트키|크루즈,4,차선이탈경보,1,3,홈서비스 메가센터 홈서비스 메가센터,,,https://img.kcar.com/3dcarpicture/2026/07/173/61393080_1/main/main780.jpg,출퇴근용|영업용,N,SELL,쏘렌토 4세대 2021±1 / 같은 세대·연료·엔진(트림 등급 섞임),6,2335.0,85297,0.1863,-0.1508,같은 세대·연료·엔진(트림 등급 섞임),,50.4
EC61407903,https://www.kcar.com/bc/detail/carInfoDtl?i_sCarCd=EC61407903,현대,더 뉴 그랜저,그랜저,현대 더 뉴 그랜저 가솔린 2.5 프리미엄 초이스,가솔린 2.5 프리미엄 초이스,가솔린,가솔린 2.5,2020-08,2020,2020,60144,1950,,2090,가솔린,가솔린,오토,2497,5,세단,대형차,무사고,,,후방카메라|후방센서|전방센서|차선이탈경보|타이어공기압경고|차체자세제어|전자식파킹브레이크|통풍시트|열선시트|스마트키|내비|크루즈|전동시트|하이패스|무선충전,4,차선이탈경보,1,3,광주풍암직영점 전남,,,https://img.kcar.com/carpicture/carpicture10/pic6140/kcarM_61407903_045.jpg,,N,SELL,더 뉴 그랜저 2020±1 / 같은 세대·연료·배기량·트림,27,1850,92248,-0.0541,0.348,같은 세대·연료·배기량·트림,,50.0
EC61407272,https://www.kcar.com/bc/detail/carInfoDtl?i_sCarCd=EC61407272,현대,아반떼 (CN7),아반떼,현대 아반떼 (CN7) 가솔린 1.6 모던,가솔린 1.6 모던,가솔린,가솔린 1.6,2022-09,2022,2023,16500,1770,,1897,가솔린,가솔린,오토,1598,5,세단,준중형차,무사고,,,후방카메라|후방센서|전방센서|후측방경보|차선이탈경보|스마트크루즈|타이어공기압경고|차체자세제어|전자식파킹브레이크|통풍시트|열선시트|스마트키|내비|크루즈,4,후측방경보|차선이탈경보|스마트크루즈,3,3,홈서비스 메가센터 홈서비스 메가센터,,,https://img.kcar.com/3dcarpicture/2026/09/173/61407272_1/main/main780.jpg,,N,SELL,아반떼 (CN7) 2022±1 / 같은 세대·연료·배기량·트림,11,1590,53610,-0.1132,0.6922,같은 세대·연료·배기량·트림,,50.0
EC61393824,https://www.kcar.com/bc/detail/carInfoDtl?i_sCarCd=EC61393824,현대,아반떼 (CN7),아반떼,현대 아반떼 (CN7) 가솔린 1.6 터보 (N라인) 스포츠,가솔린 1.6 터보 (N라인) 스포츠,가솔린,가솔린 1.6 터보 (N라인),2021-07,2021,2021,42858,1830,,1961,가솔린,가솔린,오토,1598,5,세단,준중형차,무사고,,,후방카메라|후방센서|전방센서|후측방경보|차선이탈경보|스마트크루즈|타이어공기압경고|차체자세제어|전자식파킹브레이크|통풍시트|열선시트|스마트키|내비|크루즈|선루프|전동시트|하이패스,4,후측방경보|차선이탈경보|스마트크루즈,3,3,안양직영점 경기/인천,,,https://img.kcar.com/carpicture/carpicture09/pic6139/kcarM_61393824_045.jpg,,N,SELL,아반떼 (CN7) 2021±1 / 같은 세대·연료·배기량(트림 섞임),33,1560,63539,-0.1731,0.3255,같은 세대·연료·배기량(트림 섞임),비교군 가격 산포 56% — 시세차를 그대로 믿지 말 것,50.0
EC61399239,https://www.kcar.com/bc/detail/carInfoDtl?i_sCarCd=EC61399239,현대,더 뉴 코나,코나,현대 더 뉴 코나 가솔린 터보 1.6 2WD 모던,가솔린 터보 1.6 2WD 모던,가솔린,가솔린 터보 1.6 2WD,2021-02,2021,2021,36798,1840,,1972,가솔린,가솔린,오토,1598,5,SUV,SUV,무사고,,,후방카메라|후방센서|차선이탈경보|스마트크루즈|타이어공기압경고|차체자세제어|전자식파킹브레이크|열선시트|스마트키|내비|크루즈|하이패스,4,차선이탈경보|스마트크루즈,2,2,수원신갈직영점 경기/인천,,,https://img.kcar.com/carpicture/carpicture09/pic6139/kcarM_61399239_045.jpg,,N,SELL,더 뉴 코나 2021±1 / 같은 세대·연료·배기량·트림,5,1840,55331,0.0,0.3349,같은 세대·연료·배기량·트림,,50.0
EC61407926,https://www.kcar.com/bc/detail/carInfoDtl?i_sCarCd=EC61407926,현대,더 뉴 그랜저,그랜저,현대 더 뉴 그랜저 가솔린 2.5 프리미엄,가솔린 2.5 프리미엄,가솔린,가솔린 2.5,2021-05,2021,2021,31324,2190,,2346,가솔린,가솔린,오토,2497,5,세단,대형차,무사고,,,후방카메라|후방센서|전방센서|후측방경보|스마트크루즈|타이어공기압경고|차체자세제어|전자식파킹브레이크|열선시트|스마트키|내비|크루즈|전동시트|하이패스,4,후측방경보|스마트크루즈,2,3,수원신갈직영점 경기/인천,,,https://img.kcar.com/carpicture/carpicture10/pic6140/kcarM_61407926_045.jpg,,N,SELL,더 뉴 그랜저 2021±1 / 같은 세대·연료·배기량·트림,18,1975.0,73434,-0.1089,0.5734,같은 세대·연료·배기량·트림,,50.0
EC61408829,https://www.kcar.com/bc/detail/carInfoDtl?i_sCarCd=EC61408829,기아,셀토스,셀토스,기아 셀토스 가솔린 터보 1.6 2WD 노블레스,가솔린 터보 1.6 2WD 노블레스,가솔린,가솔린 터보 1.6 2WD,2020-04,2020,2020,41152,1890,,2025,가솔린,가솔린,오토,1591,5,SUV,SUV,무사고,,,후방카메라|후방센서|전방센서|자동긴급제동|후측방경보|차선이탈경보|스마트크루즈|타이어공기압경고|차체자세제어|경사로밀림방지|전자식파킹브레이크|통풍시트|열선시트|스마트키|내비|크루즈|전동시트|하이패스,4,자동긴급제동|후측방경보|차선이탈경보|스마트크루즈,4,3,화성직영점 경기/인천,,,https://img.kcar.com/3dcarpicture/2026/09/175/61408829_1/main/main780.jpg,,N,SELL,셀토스 2020±1 / 같은 세대·연료·배기량·트림,6,1650.0,74650,-0.1455,0.4487,같은 세대·연료·배기량·트림,,50.0
EC61402894,https://www.kcar.com/bc/detail/carInfoDtl?i_sCarCd=EC61402894,기아,더 뉴 K3 2세대,K3,기아 더 뉴 K3 2세대 프레스티지 ,프레스티지,프레스티지,프레스티지,2021-07,2021,2022,46970,1620,,1736,가솔린,가솔린,오토,1598,5,세단,준중형차,무사고,,,후방카메라|후방센서|타이어공기압경고|차체자세제어|통풍시트|열선시트|스마트키|내비|크루즈|전동시트|하이패스|무선충전,4,,0,2,수원신갈직영점 경기/인천,,,https://img.kcar.com/carpicture/carpicture10/pic6140/kcarM_61402894_045.jpg,,N,SELL,더 뉴 K3 2세대 2021±1 / 같은 세대·연료·배기량·트림,9,1550,75911,-0.0452,0.3812,같은 세대·연료·배기량·트림,,50.0
EC61403559,https://www.kcar.com/bc/detail/carInfoDtl?i_sCarCd=EC61403559,기아,디 올 뉴 스포티지,스포티지,기아 디 올 뉴 스포티지 1.6 가솔린 터보 2WD 트렌디,1.6 가솔린 터보 2WD 트렌디,1.6,1.6 가솔린 터보 2WD,2022-08,2022,2023,90111,1780,,1908,가솔린,가솔린,오토,1598,5,SUV,SUV,단순수리,,,후방카메라|후방센서|자동긴급제동|후측방경보|차선이탈경보|스마트크루즈|타이어공기압경고|차체자세제어|전자식파킹브레이크|열선시트|스마트키|내비|크루즈,4,자동긴급제동|후측방경보|차선이탈경보|스마트크루즈,4,2,포천직영점 경기/인천,,,https://img.kcar.com/3dcarpicture/2026/08/145/61403559_1/main/main780.jpg,,N,SELL,디 올 뉴 스포티지 2022±1 / 같은 세대·연료·엔진(트림 등급 섞임),13,2380,50412,0.2521,-0.7875,같은 세대·연료·엔진(트림 등급 섞임),비교군 가격 산포 41% — 시세차를 그대로 믿지 말 것,50.0
EC61409577,https://www.kcar.com/bc/detail/carInfoDtl?i_sCarCd=EC61409577,기아,더 뉴 셀토스,셀토스,기아 더 뉴 셀토스 가솔린 터보 1.6 2WD 트렌디,가솔린 터보 1.6 2WD 트렌디,가솔린,가솔린 터보 1.6 2WD,2022-09,2022,2023,11128,2190,,2346,가솔린,가솔린,오토,1598,5,SUV,SUV,무사고,,,후방카메라|후방센서|자동긴급제동|후측방경보|차선이탈경보|스마트크루즈|타이어공기압경고|차체자세제어|전자식파킹브레이크|열선시트|스마트키|내비|크루즈|하이패스,4,자동긴급제동|후측방경보|차선이탈경보|스마트크루즈,4,2,수원신갈직영점 경기/인천,,,https://img.kcar.com/carpicture/carpicture10/pic6140/kcarM_61409577_045.jpg,,N,SELL,더 뉴 셀토스 2022±1 / 같은 세대·연료·배기량·트림,5,2070,57376,-0.058,0.8061,같은 세대·연료·배기량·트림,,50.0
EC61406908,https://www.kcar.com/bc/detail/carInfoDtl?i_sCarCd=EC61406908,기아,더 뉴 셀토스,셀토스,기아 더 뉴 셀토스 가솔린 터보 1.6 2WD 트렌디,가솔린 터보 1.6 2WD 트렌디,가솔린,가솔린 터보 1.6 2WD,2022-09,2022,2023,27046,2180,,2336,가솔린,가솔린,오토,1598,5,SUV,SUV,무사고,,,후방카메라|후방센서|자동긴급제동|후측방경보|차선이탈경보|스마트크루즈|타이어공기압경고|차체자세제어|경사로밀림방지|열선시트|스마트키|내비|크루즈|하이패스,4,자동긴급제동|후측방경보|차선이탈경보|스마트크루즈,4,2,광주수완직영점 전남,,,https://img.kcar.com/3dcarpicture/2026/09/081/61406908_1/main/main780.jpg,,N,SELL,더 뉴 셀토스 2022±1 / 같은 세대·연료·배기량·트림,5,2070,57376,-0.0531,0.5286,같은 세대·연료·배기량·트림,,50.0
EC61372575,https://www.kcar.com/bc/detail/carInfoDtl?i_sCarCd=EC61372575,제네시스,G80,G80,제네시스 G80 3.8 GDI 럭셔리,3.8 GDI 럭셔리,3.8,3.8 GDI,2020-03,2020,2020,57588,1960,,2100,가솔린,가솔린,오토,3778,5,세단,대형차,무사고,,,후방카메라|후방센서|전방센서|자동긴급제동|후측방경보|차선이탈경보|스마트크루즈|타이어공기압경고|차체자세제어|경사로밀림방지|전자식파킹브레이크|통풍시트|열선시트|스마트키|내비|크루즈|전동시트|하이패스|무선충전,4,자동긴급제동|후측방경보|차선이탈경보|스마트크루즈,4,3,서초직영점 서울,,,https://img.kcar.com/carpicture/carpicture07/pic6137/kcarM_61372575_045.jpg,,N,SELL,G80 2020±1 / 같은 세대·연료·엔진(트림 등급 섞임),3,1960,83941,0.0,0.3139,같은 세대·연료·엔진(트림 등급 섞임),,50.0
EC61396018,https://www.kcar.com/bc/detail/carInfoDtl?i_sCarCd=EC61396018,현대,쏘나타 DN8,쏘나타,현대 쏘나타 DN8 2.0 가솔린 프리미엄 패밀리,2.0 가솔린 프리미엄 패밀리,2.0,2.0 가솔린,2021-01,2021,2021,61758,1880,,2015,가솔린,가솔린,오토,1999,5,세단,중형차,무사고,,,후방카메라|후방센서|전방센서|자동긴급제동|후측방경보|차선이탈경보|스마트크루즈|타이어공기압경고|차체자세제어|경사로밀림방지|전자식파킹브레이크|통풍시트|열선시트|스마트키|내비|크루즈|전동시트|하이패스|무선충전,4,자동긴급제동|후측방경보|차선이탈경보|스마트크루즈,4,3,대전유성직영점 충남,,,https://img.kcar.com/3dcarpicture/2026/08/148/61396018_1/main/main780.jpg,,N,SELL,쏘나타 DN8 2021±1 / 같은 세대·연료·배기량·트림,4,1705.0,92437,-0.1026,0.3319,같은 세대·연료·배기량·트림,,50.0
EC61405526,https://www.kcar.com/bc/detail/carInfoDtl?i_sCarCd=EC61405526,현대,쏘나타 DN8,쏘나타,현대 쏘나타 DN8 2.0 가솔린 프리미엄 플러스,2.0 가솔린 프리미엄 플러스,2.0,2.0 가솔린,2022-04,2022,2022,45060,2080,,2229,가솔린,가솔린,오토,1999,5,세단,중형차,무사고,,,후방카메라|후방센서|전방센서|후측방경보|차선이탈경보|스마트크루즈|타이어공기압경고|차체자세제어|전자식파킹브레이크|통풍시트|열선시트|스마트키|내비|크루즈|전동시트|하이패스|무선충전,4,후측방경보|차선이탈경보|스마트크루즈,3,3,수원직영점 경기/인천,,,https://img.kcar.com/carpicture/carpicture10/pic6140/kcarM_61405526_045.jpg,,N,SELL,쏘나타 DN8 2022±1 / 같은 세대·연료·배기량·트림,17,1870,66118,-0.1123,0.3185,같은 세대·연료·배기량·트림,,50.0
EC61410568,https://www.kcar.com/bc/detail/carInfoDtl?i_sCarCd=EC61410568,현대,더 뉴 그랜저,그랜저,현대 더 뉴 그랜저 가솔린 2.5 프리미엄 초이스,가솔린 2.5 프리미엄 초이스,가솔린,가솔린 2.5,2020-07,2020,2020,52746,2170,,2325,가솔린,가솔린,오토,2497,5,세단,대형차,무사고,,,후방카메라|후방센서|전방센서|차선이탈경보|헤드업디스플레이|타이어공기압경고|차체자세제어|전자식파킹브레이크|통풍시트|열선시트|스마트키|내비|선루프|전동시트|하이패스|무선충전,4,차선이탈경보,1,3,광주수완직영점 전남,,,https://img.kcar.com/3dcarpicture/2026/09/081/61410568_1/main/main780.jpg,,N,SELL,더 뉴 그랜저 2020±1 / 같은 세대·연료·배기량·트림,27,1850,92248,-0.173,0.4282,같은 세대·연료·배기량·트림,,50.0
EC61411564,https://www.kcar.com/bc/detail/carInfoDtl?i_sCarCd=EC61411564,기아,셀토스,셀토스,기아 셀토스 가솔린 터보 1.6 2WD 시그니처,가솔린 터보 1.6 2WD 시그니처,가솔린,가솔린 터보 1.6 2WD,2021-12,2021,2022,34508,2090,,2239,가솔린,가솔린,오토,1591,5,SUV,SUV,무사고,,,후방카메라|후방센서|전방센서|자동긴급제동|후측방경보|차선이탈경보|스마트크루즈|타이어공기압경고|차체자세제어|전자식파킹브레이크|통풍시트|열선시트|스마트키|내비|크루즈|전동시트|하이패스,4,자동긴급제동|후측방경보|차선이탈경보|스마트크루즈,4,3,양산직영점 경남,,,https://img.kcar.com/carpicture/carpicture01/pic6141/kcarM_61411564_045.jpg,,N,SELL,셀토스 2021±1 / 같은 세대·연료·배기량·트림,13,1990,50108,-0.0503,0.3113,같은 세대·연료·배기량·트림,,50.0
EC61411626,https://www.kcar.com/bc/detail/carInfoDtl?i_sCarCd=EC61411626,현대,더 뉴 그랜저,그랜저,현대 더 뉴 그랜저 가솔린 2.5 프리미엄 초이스,가솔린 2.5 프리미엄 초이스,가솔린,가솔린 2.5,2020-10,2020,2020,35232,2090,,2239,가솔린,가솔린,오토,2497,5,세단,대형차,무사고,,,후방카메라|후방센서|전방센서|차선이탈경보|타이어공기압경고|차체자세제어|전자식파킹브레이크|통풍시트|열선시트|스마트키|내비|크루즈|전동시트|하이패스|무선충전,4,차선이탈경보,1,3,아산직영점 충남,,,https://img.kcar.com/3dcarpicture/2026/09/174/61411626_1/main/main780.jpg,,N,SELL,더 뉴 그랜저 2020±1 / 같은 세대·연료·배기량·트림,27,1850,92248,-0.1297,0.6181,같은 세대·연료·배기량·트림,,50.0
EC61404974,https://www.kcar.com/bc/detail/carInfoDtl?i_sCarCd=EC61404974,현대,쏘나타 DN8,쏘나타,현대 쏘나타 DN8 2.0 가솔린 프리미엄,2.0 가솔린 프리미엄,2.0,2.0 가솔린,2020-02,2020,2020,19377,1740,,1865,가솔린,가솔린,오토,1999,5,세단,중형차,무사고,,,후방카메라|후방센서|자동긴급제동|차선이탈경보|타이어공기압경고|차체자세제어|경사로밀림방지|전자식파킹브레이크|열선시트|스마트키|내비|크루즈|전동시트|하이패스|무선충전,4,자동긴급제동|차선이탈경보,2,2,평택직영점 경기/인천,,,https://img.kcar.com/3dcarpicture/2026/09/177/61404974_1/main/main780.jpg,,N,SELL,쏘나타 DN8 2020±1 / 같은 세대·연료·배기량·트림,4,1415.0,84980,-0.2297,0.772,같은 세대·연료·배기량·트림,,50.0
EC61409591,https://www.kcar.com/bc/detail/carInfoDtl?i_sCarCd=EC61409591,현대,벨로스터-N,벨로스터,현대 벨로스터-N T-Gdi 2.0 N 퍼포먼스패키지,T-Gdi 2.0 N 퍼포먼스패키지,T-Gdi,T-Gdi 2.0,2020-06,2020,2021,58251,1920,,2057,가솔린,가솔린,수동,1998,5,해치백,준중형차,무사고,,,후방카메라|후방센서|타이어공기압경고|차체자세제어|통풍시트|열선시트|스마트키|내비|크루즈|선루프|하이패스,4,,0,2,홈서비스 메가센터 홈서비스 메가센터,,,https://img.kcar.com/3dcarpicture/2026/09/173/61409591_1/main/main780.jpg,,N,SELL,벨로스터-N 2020±1 / 같은 세대·연료·엔진(트림 등급 섞임),6,1905.0,83725,-0.0079,0.3043,같은 세대·연료·엔진(트림 등급 섞임),,50.0
EC61411805,https://www.kcar.com/bc/detail/carInfoDtl?i_sCarCd=EC61411805,기아,K5 3세대,K5,기아 K5 3세대 가솔린 2.0 프레스티지,가솔린 2.0 프레스티지,가솔린,가솔린 2.0,2021-12,2021,2022,40378,1990,,2132,가솔린,가솔린,오토,1999,5,세단,중형차,무사고,,,후방카메라|후방센서|전방센서|자동긴급제동|차선이탈경보|타이어공기압경고|차체자세제어|경사로밀림방지|전자식파킹브레이크|통풍시트|열선시트|스마트키|내비|크루즈|전동시트|하이패스,4,자동긴급제동|차선이탈경보,2,3,포천직영점 경기/인천,,,https://img.kcar.com/carpicture/carpicture01/pic6141/kcarM_61411805_045.jpg,,N,SELL,K5 3세대 2021±1 / 같은 세대·연료·배기량·트림,10,1650.0,88561,-0.2061,0.5441,같은 세대·연료·배기량·트림,,50.0
EC61403368,https://www.kcar.com/bc/detail/carInfoDtl?i_sCarCd=EC61403368,기아,K5 3세대 하이브리드,K5,기아 K5 3세대 하이브리드 트랜디 ,트랜디,트랜디,트랜디,2022-07,2022,2022,33883,1760,,1886,하이브리드,가솔린+전기,오토,1999,5,세단,중형차,단순수리,,,후방카메라|후방센서|자동긴급제동|차선이탈경보|차체자세제어|경사로밀림방지|전자식파킹브레이크|열선시트|스마트키|내비|크루즈,4,자동긴급제동|차선이탈경보,2,2,구미직영점 경북,,,https://img.kcar.com/3dcarpicture/2026/09/075/61403368_2/main/main780.jpg,영업용,N,SELL,K5 3세대 하이브리드 2022±1 / 같은 세대·연료·배기량·트림,9,1830,47100,0.0383,0.2806,같은 세대·연료·배기량·트림,,49.5
EC61406184,https://www.kcar.com/bc/detail/carInfoDtl?i_sCarCd=EC61406184,현대,더 뉴 싼타페,싼타페,현대 더 뉴 싼타페 디젤 2.2 2WD 프레스티지,디젤 2.2 2WD 프레스티지,디젤,디젤 2.2 2WD,2020-12,2020,2021,74638,2000,,2143,디젤,디젤,오토,2151,5,SUV,SUV,무사고,,,후방카메라|후방센서|전방센서|자동긴급제동|차선이탈경보|스마트크루즈|타이어공기압경고|차체자세제어|전자식파킹브레이크|통풍시트|열선시트|스마트키|내비|크루즈|전동시트|하이패스,4,자동긴급제동|차선이탈경보|스마트크루즈,3,3,포천직영점 경기/인천,,,https://img.kcar.com/3dcarpicture/2026/08/145/61406184_1/main/main780.jpg,출퇴근용|영업용,N,SELL,더 뉴 싼타페 2020±1 / 같은 세대·연료·배기량·트림,25,2170,90619,0.0783,0.1764,같은 세대·연료·배기량·트림,,48.5
EC61407951,https://www.kcar.com/bc/detail/carInfoDtl?i_sCarCd=EC61407951,현대,베뉴,베뉴,현대 베뉴 1.6 모던 플러스 ,1.6 모던 플러스,1.6,1.6 모던 플러스,2021-12,2021,2022,91145,1490,,1597,가솔린,가솔린,오토,1598,5,SUV,SUV,무사고,,,후방카메라|후방센서|후측방경보|차선이탈경보|타이어공기압경고|차체자세제어|통풍시트|열선시트|스마트키|내비|크루즈|하이패스,4,후측방경보|차선이탈경보,2,2,홈서비스 메가센터 홈서비스 메가센터,,,https://img.kcar.com/3dcarpicture/2026/09/173/61407951_1/main/main780.jpg,,N,SELL,베뉴 2021±1 / 같은 세대·연료·배기량·트림,3,1690,55101,0.1183,-0.6541,같은 세대·연료·배기량·트림,,47.7
EC61403919,https://www.kcar.com/bc/detail/carInfoDtl?i_sCarCd=EC61403919,현대,아반떼 (CN7),아반떼,현대 아반떼 (CN7) 가솔린 1.6 스마트,가솔린 1.6 스마트,가솔린,가솔린 1.6,2021-06,2021,2021,43558,1550,,1662,가솔린,가솔린,오토,1598,5,세단,준중형차,무사고,,,후방카메라|후방센서|차선이탈경보|타이어공기압경고|차체자세제어|경사로밀림방지|스마트키|내비|크루즈|하이패스,4,차선이탈경보,1,2,인천직영점 경기/인천,,,https://img.kcar.com/carpicture/carpicture10/pic6140/kcarM_61403919_045.jpg,,N,SELL,아반떼 (CN7) 2021±1 / 같은 세대·연료·배기량·트림,3,1380,62212,-0.1232,0.2998,같은 세대·연료·배기량·트림,,47.5
EC61404142,https://www.kcar.com/bc/detail/carInfoDtl?i_sCarCd=EC61404142,기아,K8,K8,기아 K8 가솔린 2.5 노블레스 라이트,가솔린 2.5 노블레스 라이트,가솔린,가솔린 2.5,2021-11,2021,2022,22946,2190,,2346,가솔린,가솔린,오토,2497,5,세단,대형차,무사고,,,후방카메라|후방센서|전방센서|자동긴급제동|차선이탈경보|타이어공기압경고|차체자세제어|경사로밀림방지|전자식파킹브레이크|통풍시트|열선시트|스마트키|크루즈|전동시트|하이패스,4,자동긴급제동|차선이탈경보,2,3,인천직영점 경기/인천,,,https://img.kcar.com/carpicture/carpicture10/pic6140/kcarM_61404142_045.jpg,,N,SELL,K8 2021±1 / 같은 세대·연료·배기량·트림,5,2190,50064,0.0,0.5417,같은 세대·연료·배기량·트림,,47.5
EC61410565,https://www.kcar.com/bc/detail/carInfoDtl?i_sCarCd=EC61410565,현대,쏘나타 DN8,쏘나타,현대 쏘나타 DN8 2.0 LPi 모던,2.0 LPi 모던,2.0,2.0 LPi,2023-02,2023,2023,11145,2120,,2271,LPG,LPG,오토,1999,5,세단,중형차,무사고,,,후방카메라|후방센서|자동긴급제동|차선이탈경보|타이어공기압경고|차체자세제어|전자식파킹브레이크|열선시트|스마트키|크루즈|하이패스,4,자동긴급제동|차선이탈경보,2,2,구미직영점 경북,,,https://img.kcar.com/3dcarpicture/2026/09/075/61410565_1/main/main780.jpg,영업용,N,SELL,쏘나타 DN8 2023±1 / 같은 세대만(연료·트림 섞임),17,1950,55893,-0.0872,0.8006,같은 세대만(연료·트림 섞임),,47.5
EC61411100,https://www.kcar.com/bc/detail/carInfoDtl?i_sCarCd=EC61411100,현대,더 뉴 그랜저,그랜저,현대 더 뉴 그랜저 가솔린 2.5 프리미엄,가솔린 2.5 프리미엄,가솔린,가솔린 2.5,2020-03,2020,2020,67953,2120,,2271,가솔린,가솔린,오토,2497,5,세단,대형차,무사고,,,후방카메라|전방카메라|어라운드뷰|후방센서|전방센서|자동긴급제동|후측방경보|차선이탈경보|스마트크루즈|타이어공기압경고|차체자세제어|전자식파킹브레이크|열선시트|스마트키|내비|크루즈|전동시트|하이패스,4,자동긴급제동|후측방경보|차선이탈경보|스마트크루즈,4,5,구미직영점 경북,,,https://img.kcar.com/3dcarpicture/2026/09/075/61411100_1/main/main780.jpg,,N,SELL,더 뉴 그랜저 2020±1 / 같은 세대·연료·배기량·트림,12,1970.0,92169,-0.0761,0.2627,같은 세대·연료·배기량·트림,,47.5
EC61397328,https://www.kcar.com/bc/detail/carInfoDtl?i_sCarCd=EC61397328,현대,더 뉴 싼타페,싼타페,현대 더 뉴 싼타페 디젤 2.2 2WD 프리미엄,디젤 2.2 2WD 프리미엄,디젤,디젤 2.2 2WD,2021-07,2021,2021,99836,1860,,1993,디젤,디젤,오토,2151,5,SUV,SUV,무사고,,,후방카메라|후방센서|전방센서|차선이탈경보|타이어공기압경고|차체자세제어|전자식파킹브레이크|통풍시트|열선시트|스마트키|내비|크루즈|하이패스,4,차선이탈경보,1,3,안산직영점 경기/인천,,,https://img.kcar.com/3dcarpicture/2026/08/164/61397328_1/main/main780.jpg,출퇴근용|영업용,N,SELL,더 뉴 싼타페 2021±1 / 같은 세대·연료·엔진(트림 등급 섞임),39,2180,83120,0.1468,-0.2011,같은 세대·연료·엔진(트림 등급 섞임),,47.0
EC61405006,https://www.kcar.com/bc/detail/carInfoDtl?i_sCarCd=EC61405006,기아,셀토스,셀토스,기아 셀토스 가솔린 터보 1.6 2WD 시그니처,가솔린 터보 1.6 2WD 시그니처,가솔린,가솔린 터보 1.6 2WD,2021-04,2021,2022,37311,2090,,2239,가솔린,가솔린,오토,1591,5,SUV,SUV,무사고,,,후방카메라|후방센서|전방센서|후측방경보|차선이탈경보|스마트크루즈|타이어공기압경고|차체자세제어|전자식파킹브레이크|통풍시트|열선시트|스마트키|내비|크루즈|전동시트|하이패스|무선충전,4,후측방경보|차선이탈경보|스마트크루즈,3,3,수원직영점 경기/인천,,,https://img.kcar.com/carpicture/carpicture10/pic6140/kcarM_61405006_045.jpg,,N,SELL,셀토스 2021±1 / 같은 세대·연료·배기량·트림,13,1990,50108,-0.0503,0.2554,같은 세대·연료·배기량·트림,,47.0
EC61405482,https://www.kcar.com/bc/detail/carInfoDtl?i_sCarCd=EC61405482,현대,더 뉴 아반떼 (CN7),아반떼,현대 더 뉴 아반떼 (CN7) 가솔린 1.6 모던,가솔린 1.6 모던,가솔린,가솔린 1.6,2023-07,2023,2024,50030,1880,,2015,가솔린,가솔린,오토,1598,5,세단,준중형차,무사고,,,후방카메라|후방센서|전방센서|차선이탈경보|차체자세제어|전자식파킹브레이크|통풍시트|열선시트|스마트키|내비|크루즈|하이패스,4,차선이탈경보,1,3,홈서비스 메가센터 홈서비스 메가센터,,,https://img.kcar.com/3dcarpicture/2026/08/173/61405482_1/main/main780.jpg,,N,SELL,더 뉴 아반떼 (CN7) 2023±1 / 같은 세대·연료·배기량·트림,5,2120,37851,0.1132,-0.3218,같은 세대·연료·배기량·트림,,47.0
EC61402577,https://www.kcar.com/bc/detail/carInfoDtl?i_sCarCd=EC61402577,기아,더 뉴 니로,니로,기아 더 뉴 니로 노블레스 스폐셜 ,노블레스 스폐셜,노블레스,노블레스 스폐셜,2021-01,2021,2021,77781,2020,,2164,하이브리드,가솔린+전기,오토,1580,5,SUV,SUV,무사고,,,후방카메라|후방센서|전방센서|후측방경보|차선이탈경보|스마트크루즈|타이어공기압경고|차체자세제어|경사로밀림방지|전자식파킹브레이크|통풍시트|열선시트|스마트키|내비|크루즈|전동시트|하이패스,4,후측방경보|차선이탈경보|스마트크루즈,3,3,수원직영점 경기/인천,,,https://img.kcar.com/carpicture/carpicture10/pic6140/kcarM_61402577_045.jpg,영업용,N,SELL,더 뉴 니로 2021±1 / 같은 세대·연료·배기량·트림,9,1800,94000,-0.1222,0.1725,같은 세대·연료·배기량·트림,,46.5
EC61407396,https://www.kcar.com/bc/detail/carInfoDtl?i_sCarCd=EC61407396,현대,더 뉴 그랜저,그랜저,현대 더 뉴 그랜저 가솔린 2.5 프리미엄 초이스,가솔린 2.5 프리미엄 초이스,가솔린,가솔린 2.5,2020-04,2020,2020,32702,1770,,1897,가솔린,가솔린,오토,2497,5,세단,대형차,단순수리,,,후방카메라|후방센서|전방센서|자동긴급제동|후측방경보|차선이탈경보|스마트크루즈|타이어공기압경고|차체자세제어|전자식파킹브레이크|통풍시트|열선시트|스마트키|내비|크루즈|전동시트|하이패스|무선충전,4,자동긴급제동|후측방경보|차선이탈경보|스마트크루즈,4,3,영등포직영점 서울,,,https://img.kcar.com/3dcarpicture/2026/09/010/61407396_1/main/main780.jpg,,N,SELL,더 뉴 그랜저 2020±1 / 같은 세대·연료·배기량·트림,27,1850,92248,0.0432,0.6455,같은 세대·연료·배기량·트림,,46.5
EC61384591,https://www.kcar.com/bc/detail/carInfoDtl?i_sCarCd=EC61384591,현대,더 뉴 그랜저,그랜저,현대 더 뉴 그랜저 가솔린 2.5 익스클루시브,가솔린 2.5 익스클루시브,가솔린,가솔린 2.5,2021-05,2021,2021,71420,2180,,2336,가솔린,가솔린,오토,2497,5,세단,대형차,무사고,,,후방카메라|전방카메라|어라운드뷰|후방센서|전방센서|후측방경보|차선이탈경보|타이어공기압경고|차체자세제어|전자식파킹브레이크|통풍시트|열선시트|스마트키|내비|크루즈|전동시트|하이패스|무선충전,4,후측방경보|차선이탈경보,2,5,안양직영점 경기/인천,,,https://img.kcar.com/carpicture/carpicture08/pic6138/kcarM_61384591_045.jpg,,N,SELL,더 뉴 그랜저 2021±1 / 같은 세대·연료·배기량·트림,35,2050,94484,-0.0634,0.2441,같은 세대·연료·배기량·트림,,46.3
EC61385551,https://www.kcar.com/bc/detail/carInfoDtl?i_sCarCd=EC61385551,기아,K8,K8,기아 K8 가솔린 2.5 노블레스,가솔린 2.5 노블레스,가솔린,가솔린 2.5,2021-11,2021,2022,55226,2180,,2336,가솔린,가솔린,오토,2497,5,세단,대형차,무사고,,,후방카메라|전방카메라|어라운드뷰|후방센서|전방센서|자동긴급제동|차선이탈경보|타이어공기압경고|차체자세제어|경사로밀림방지|전자식파킹브레이크|통풍시트|열선시트|스마트키|내비|크루즈|전동시트|하이패스|무선충전,4,자동긴급제동|차선이탈경보,2,5,원주직영점 강원,,,https://img.kcar.com/3dcarpicture/2026/08/168/61385551_2/main/main780.jpg,,N,SELL,K8 2021±1 / 같은 세대·연료·배기량·트림,23,2180,72945,0.0,0.2429,같은 세대·연료·배기량·트림,,46.2
EC61401800,https://www.kcar.com/bc/detail/carInfoDtl?i_sCarCd=EC61401800,현대,코나 (SX2),코나,현대 코나 (SX2) 가솔린 1.6 2WD 프리미엄,가솔린 1.6 2WD 프리미엄,가솔린,가솔린 1.6 2WD,2023-04,2023,2023,53964,2200,,2357,가솔린,가솔린,오토,1598,5,SUV,SUV,무사고,,,후방카메라|후방센서|전방센서|자동긴급제동|차선이탈경보|타이어공기압경고|차체자세제어|전자식파킹브레이크|통풍시트|열선시트|스마트키|내비|크루즈|전동시트|하이패스,4,자동긴급제동|차선이탈경보,2,3,홈서비스 메가센터 홈서비스 메가센터,,,https://img.kcar.com/3dcarpicture/2026/09/173/61401800_1/main/main780.jpg,,N,SELL,코나 (SX2) 2023±1 / 같은 세대·연료·배기량·트림,4,2465.0,28516,0.1075,-0.8924,같은 세대·연료·배기량·트림,,46.1
EC61406719,https://www.kcar.com/bc/detail/carInfoDtl?i_sCarCd=EC61406719,기아,셀토스,셀토스,기아 셀토스 가솔린 터보 1.6 4WD 시그니처,가솔린 터보 1.6 4WD 시그니처,가솔린,가솔린 터보 1.6 4WD,2021-03,2021,2022,69261,1830,,1961,가솔린,가솔린,오토,1591,5,SUV,SUV,무사고,,,후방카메라|후방센서|전방센서|후측방경보|차선이탈경보|스마트크루즈|타이어공기압경고|차체자세제어|전자식파킹브레이크|통풍시트|열선시트|스마트키|내비|크루즈|전동시트|하이패스,4,후측방경보|차선이탈경보|스마트크루즈,3,3,장한평직영점 서울,,,https://img.kcar.com/3dcarpicture/2026/08/095/61406719_1/main/main780.jpg,,N,SELL,셀토스 2021±1 / 같은 세대·연료·엔진(트림 등급 섞임),3,2050,40593,0.1073,-0.7062,같은 세대·연료·엔진(트림 등급 섞임),,46.1
EC61394931,https://www.kcar.com/bc/detail/carInfoDtl?i_sCarCd=EC61394931,기아,K5 3세대,K5,기아 K5 3세대 가솔린 2.0 프레스티지,가솔린 2.0 프레스티지,가솔린,가솔린 2.0,2020-07,2020,2020,63860,1570,,1683,가솔린,가솔린,오토,1999,5,세단,중형차,단순수리,,,후방카메라|후방센서|자동긴급제동|차선이탈경보|타이어공기압경고|차체자세제어|전자식파킹브레이크|통풍시트|열선시트|스마트키|내비|크루즈|전동시트|하이패스,4,자동긴급제동|차선이탈경보,2,2,화성직영점 경기/인천,,,https://img.kcar.com/3dcarpicture/2026/08/175/61394931_1/main/main780.jpg,,N,SELL,K5 3세대 2020±1 / 같은 세대·연료·배기량·트림,10,1650.0,88561,0.0485,0.2789,같은 세대·연료·배기량·트림,,45.9
EC61376586,https://www.kcar.com/bc/detail/carInfoDtl?i_sCarCd=EC61376586,현대,싼타페 TM,싼타페,현대 싼타페 TM 디젤 2.0 2WD 익스클루시브,디젤 2.0 2WD 익스클루시브,디젤,디젤 2.0 2WD,2020-06,2020,2020,57182,1990,,2132,디젤,디젤,오토,1995,5,SUV,SUV,무사고,,,후방카메라|후방센서|전방센서|자동긴급제동|차선이탈경보|스마트크루즈|타이어공기압경고|차체자세제어|경사로밀림방지|전자식파킹브레이크|통풍시트|열선시트|스마트키|내비|크루즈|전동시트|하이패스,4,자동긴급제동|차선이탈경보|스마트크루즈,3,3,강서직영점 경기/인천,,,https://img.kcar.com/3dcarpicture/2026/08/014/61376586_1/main/main780.jpg,출퇴근용|영업용,N,SELL,싼타페 TM 2020±1 / 같은 세대·연료·배기량·트림,5,1880,84224,-0.0585,0.3211,같은 세대·연료·배기량·트림,,45.0
EC61403125,https://www.kcar.com/bc/detail/carInfoDtl?i_sCarCd=EC61403125,현대,싼타페 TM,싼타페,현대 싼타페 TM 디젤 2.0 2WD 익스클루시브,디젤 2.0 2WD 익스클루시브,디젤,디젤 2.0 2WD,2020-07,2020,2020,43226,1990,,2132,디젤,디젤,오토,1995,5,SUV,SUV,무사고,,,후방카메라|후방센서|전방센서|자동긴급제동|차선이탈경보|스마트크루즈|타이어공기압경고|차체자세제어|전자식파킹브레이크|통풍시트|열선시트|스마트키|내비|크루즈|전동시트|하이패스,4,자동긴급제동|차선이탈경보|스마트크루즈,3,3,강남직영점 서울,,,https://img.kcar.com/carpicture/carpicture10/pic6140/kcarM_61403125_045.jpg,출퇴근용|영업용,N,SELL,싼타페 TM 2020±1 / 같은 세대·연료·배기량·트림,5,1880,84224,-0.0585,0.4868,같은 세대·연료·배기량·트림,,45.0
EC61406972,https://www.kcar.com/bc/detail/carInfoDtl?i_sCarCd=EC61406972,기아,K5 3세대,K5,기아 K5 3세대 가솔린 2.0 트렌디,가솔린 2.0 트렌디,가솔린,가솔린 2.0,2023-10,2023,2023,38087,1880,,2015,가솔린,가솔린,오토,1999,5,세단,중형차,무사고,,,후방카메라|후방센서|차선이탈경보|타이어공기압경고|차체자세제어|경사로밀림방지|전자식파킹브레이크|열선시트|크루즈,4,차선이탈경보,1,2,청주직영점 충북,,,https://img.kcar.com/3dcarpicture/2026/08/114/61406972_1/main/main780.jpg,,N,SELL,K5 3세대 2023±1 / 같은 세대·연료·배기량·트림,3,1700,74414,-0.1059,0.4882,같은 세대·연료·배기량·트림,,45.0
EC61406352,https://www.kcar.com/bc/detail/carInfoDtl?i_sCarCd=EC61406352,현대,투싼 (4세대),투싼,현대 투싼 (4세대) 1.6 터보 모던,1.6 터보 모던,1.6,1.6 터보,2022-05,2022,2022,16550,2050,,2196,가솔린,가솔린,오토,1598,5,SUV,SUV,무사고,,,후방카메라|후방센서|차선이탈경보|타이어공기압경고|차체자세제어|통풍시트|열선시트|크루즈,4,차선이탈경보,1,2,포천직영점 경기/인천,,,https://img.kcar.com/3dcarpicture/2026/09/145/61406352_2/main/main780.jpg,,N,SELL,투싼 (4세대) 2022±1 / 같은 세대·연료·배기량·트림,13,1900,68466,-0.0789,0.7583,같은 세대·연료·배기량·트림,,45.0
EC61400209,https://www.kcar.com/bc/detail/carInfoDtl?i_sCarCd=EC61400209,현대,투싼 (4세대),투싼,현대 투싼 (4세대) 2.0 디젤 모던,2.0 디젤 모던,2.0,2.0 디젤,2023-05,2023,2023,12666,2100,,2250,디젤,디젤,오토,1998,5,SUV,SUV,무사고,,,후방카메라|후방센서|자동긴급제동|차선이탈경보|타이어공기압경고|차체자세제어|전자식파킹브레이크|통풍시트|열선시트|스마트키|내비|크루즈|하이패스,4,자동긴급제동|차선이탈경보,2,2,대구반야월직영점 경북,,,https://img.kcar.com/carpicture/carpicture10/pic6140/kcarM_61400209_045.jpg,출퇴근용|영업용,N,SELL,투싼 (4세대) 2023±1 / 같은 세대·연료·배기량·트림,3,2100,19758,0.0,0.3589,같은 세대·연료·배기량·트림,,45.0
EC61406393,https://www.kcar.com/bc/detail/carInfoDtl?i_sCarCd=EC61406393,현대,아반떼 하이브리드 (CN7),아반떼,현대 아반떼 하이브리드 (CN7) 모던 ,모던,모던,모던,2021-07,2021,2021,59184,1720,,1843,하이브리드,가솔린+전기,오토,1580,5,세단,준중형차,단순수리,,,후방카메라|후방센서|차선이탈경보|스마트크루즈|차체자세제어|전자식파킹브레이크|통풍시트|열선시트|스마트키|내비|크루즈|하이패스,4,차선이탈경보|스마트크루즈,2,2,홈서비스 메가센터 홈서비스 메가센터,,,https://img.kcar.com/3dcarpicture/2026/09/173/61406393_1/main/main780.jpg,영업용,N,SELL,아반떼 하이브리드 (CN7) 2021±1 / 같은 세대·연료·배기량(트림 섞임),4,1510.0,84516,-0.1391,0.2997,같은 세대·연료·배기량(트림 섞임),,45.0
EC61409137,https://www.kcar.com/bc/detail/carInfoDtl?i_sCarCd=EC61409137,기아,더 뉴 쏘렌토,쏘렌토,기아 더 뉴 쏘렌토 디젤 2.0 2WD 마스터,디젤 2.0 2WD 마스터,디젤,디젤 2.0 2WD,2020-03,2020,2020,48313,1990,,2132,디젤,디젤,오토,1995,5,SUV,SUV,무사고,,,후방카메라|후방센서|전방센서|후측방경보|차선이탈경보|스마트크루즈|타이어공기압경고|차체자세제어|전자식파킹브레이크|통풍시트|열선시트|스마트키|내비|크루즈|전동시트|하이패스,4,후측방경보|차선이탈경보|스마트크루즈,3,3,안산직영점 경기/인천,,,https://img.kcar.com/3dcarpicture/2026/09/164/61409137_1/main/main780.jpg,출퇴근용|영업용,N,SELL,더 뉴 쏘렌토 2020±1 / 같은 세대·연료·배기량·트림,15,1740,84135,-0.1437,0.4258,같은 세대·연료·배기량·트림,,45.0
EC61409331,https://www.kcar.com/bc/detail/carInfoDtl?i_sCarCd=EC61409331,기아,스포티지 더 볼드,스포티지,기아 스포티지 더 볼드 디젤 2.0 2WD 시그니쳐,디젤 2.0 2WD 시그니쳐,디젤,디젤 2.0 2WD,2021-01,2021,2021,36445,2080,,2229,디젤,디젤,오토,1995,5,SUV,SUV,무사고,,,후방카메라|후방센서|전방센서|자동긴급제동|후측방경보|차선이탈경보|스마트크루즈|타이어공기압경고|차체자세제어|전자식파킹브레이크|통풍시트|열선시트|스마트키|내비|크루즈|전동시트|하이패스|무선충전,4,자동긴급제동|후측방경보|차선이탈경보|스마트크루즈,4,3,서대구직영점 경북,,,https://img.kcar.com/carpicture/carpicture10/pic6140/kcarM_61409331_045.jpg,출퇴근용|영업용,N,SELL,스포티지 더 볼드 2021±1 / 같은 세대·연료·배기량·트림,7,1770,66767,-0.1751,0.4541,같은 세대·연료·배기량·트림,,45.0
EC61407607,https://www.kcar.com/bc/detail/carInfoDtl?i_sCarCd=EC61407607,기아,더 뉴 니로,니로,기아 더 뉴 니로 시그니처 ,시그니처,시그니처,시그니처,2021-07,2021,2022,48466,2090,,2239,하이브리드,가솔린+전기,오토,1580,5,SUV,SUV,단순수리,,,후방카메라|후방센서|전방센서|후측방경보|차선이탈경보|스마트크루즈|타이어공기압경고|차체자세제어|전자식파킹브레이크|통풍시트|열선시트|스마트키|내비|크루즈|전동시트,4,후측방경보|차선이탈경보|스마트크루즈,3,3,영등포직영점 서울,,,https://img.kcar.com/carpicture/carpicture10/pic6140/kcarM_61407607_045.jpg,영업용,N,SELL,더 뉴 니로 2021±1 / 같은 세대·연료·배기량(트림 섞임),21,1810,93318,-0.1547,0.4806,같은 세대·연료·배기량(트림 섞임),,45.0
EC61393917,https://www.kcar.com/bc/detail/carInfoDtl?i_sCarCd=EC61393917,기아,더 뉴 K3 GT 2세대,K3,기아 더 뉴 K3 GT 2세대 1.6 터보 5도어 시그니처,1.6 터보 5도어 시그니처,1.6,1.6 터보 5도어,2021-06,2021,2022,80698,1600,,1715,가솔린,가솔린,오토,1591,5,해치백,준중형차,단순수리,,,후방카메라|후방센서|전방센서|후측방경보|차선이탈경보|스마트크루즈|타이어공기압경고|차체자세제어|전자식파킹브레이크|통풍시트|열선시트|스마트키|내비|크루즈|선루프|전동시트|하이패스,4,후측방경보|차선이탈경보|스마트크루즈,3,3,안양직영점 경기/인천,,,https://img.kcar.com/carpicture/carpicture09/pic6139/kcarM_61393917_045.jpg,,N,SELL,더 뉴 K3 GT 2세대 2021±1 / 같은 세대·연료·배기량·트림,3,1920,61597,0.1667,-0.3101,같은 세대·연료·배기량·트림,,45.0
EC61410485,https://www.kcar.com/bc/detail/carInfoDtl?i_sCarCd=EC61410485,기아,셀토스,셀토스,기아 셀토스 디젤 1.6 2WD 트렌디,디젤 1.6 2WD 트렌디,디젤,디젤 1.6 2WD,2021-03,2021,2022,35031,1660,,1779,디젤,디젤,오토,1598,5,SUV,SUV,무사고,,,후방카메라|후방센서|차선이탈경보|타이어공기압경고|차체자세제어|열선시트|스마트키|내비|크루즈,4,차선이탈경보,1,2,안양직영점 경기/인천,,,https://img.kcar.com/carpicture/carpicture01/pic6141/kcarM_61410485_045.jpg,출퇴근용|영업용,N,SELL,셀토스 2021±1 / 같은 세대·연료·엔진(트림 등급 섞임),3,1370,88975,-0.2117,0.6063,같은 세대·연료·엔진(트림 등급 섞임),,45.0
EC61389860,https://www.kcar.com/bc/detail/carInfoDtl?i_sCarCd=EC61389860,기아,쏘울 부스터,쏘울,기아 쏘울 부스터 1.6 T-GDI 노블레스 스폐셜 ,1.6 T-GDI 노블레스 스폐셜,1.6,1.6 T-GDI 노블레스 스폐셜,2020-01,2020,2020,56564,1570,,1683,가솔린,가솔린,오토,1591,5,세단,준중형차,무사고,,,후방카메라|후방센서|전방센서|후측방경보|차선이탈경보|스마트크루즈|헤드업디스플레이|타이어공기압경고|차체자세제어|통풍시트|열선시트|스마트키|내비|크루즈|전동시트|하이패스|무선충전,4,후측방경보|차선이탈경보|스마트크루즈,3,3,대구반야월직영점 경북,,,https://img.kcar.com/carpicture/carpicture08/pic6138/kcarM_61389860_045.jpg,,N,SELL,쏘울 부스터 2020±1 / 같은 세대·연료·배기량·트림,9,1410,72659,-0.1135,0.2215,같은 세대·연료·배기량·트림,,44.8
EC61409356,https://www.kcar.com/bc/detail/carInfoDtl?i_sCarCd=EC61409356,현대,더 뉴 코나,코나,현대 더 뉴 코나 가솔린 터보 1.6 2WD 모던,가솔린 터보 1.6 2WD 모던,가솔린,가솔린 터보 1.6 2WD,2021-10,2021,2022,55331,1660,,1779,가솔린,가솔린,오토,1598,5,SUV,SUV,무사고,,,후방카메라|후방센서|자동긴급제동|차선이탈경보|타이어공기압경고|차체자세제어|열선시트|스마트키|내비|크루즈|하이패스,4,자동긴급제동|차선이탈경보,2,2,일산직영점 경기/인천,,,https://img.kcar.com/carpicture/carpicture10/pic6140/kcarM_61409356_045.jpg,,N,SELL,더 뉴 코나 2021±1 / 같은 세대·연료·배기량·트림,5,1840,55331,0.0978,0.0,같은 세대·연료·배기량·트림,,44.7
EC61408427,https://www.kcar.com/bc/detail/carInfoDtl?i_sCarCd=EC61408427,기아,셀토스,셀토스,기아 셀토스 가솔린 터보 1.6 2WD 시그니처,가솔린 터보 1.6 2WD 시그니처,가솔린,가솔린 터보 1.6 2WD,2021-10,2021,2022,39112,2130,,2282,가솔린,가솔린,오토,1591,5,SUV,SUV,무사고,,,후방카메라|후방센서|전방센서|자동긴급제동|후측방경보|차선이탈경보|스마트크루즈|헤드업디스플레이|타이어공기압경고|차체자세제어|전자식파킹브레이크|통풍시트|열선시트|스마트키|내비|크루즈|전동시트|하이패스,4,자동긴급제동|후측방경보|차선이탈경보|스마트크루즈,4,3,서대구직영점 경북,,,https://img.kcar.com/carpicture/carpicture10/pic6140/kcarM_61408427_045.jpg,,N,SELL,셀토스 2021±1 / 같은 세대·연료·배기량·트림,13,1990,50108,-0.0704,0.2194,같은 세대·연료·배기량·트림,,44.6
EC61400155,https://www.kcar.com/bc/detail/carInfoDtl?i_sCarCd=EC61400155,기아,K7 프리미어,K7,기아 K7 프리미어 가솔린 3.0  시그니처,가솔린 3.0  시그니처,가솔린,가솔린 3.0 ,2020-02,2020,2020,52505,2010,,2154,가솔린,가솔린,오토,2999,5,세단,대형차,무사고,,,후방카메라|후방센서|전방센서|자동긴급제동|후측방경보|차선이탈경보|스마트크루즈|타이어공기압경고|차체자세제어|경사로밀림방지|전자식파킹브레이크|통풍시트|열선시트|스마트키|내비|크루즈|전동시트|하이패스,4,자동긴급제동|후측방경보|차선이탈경보|스마트크루즈,4,3,양산직영점 경남,,,https://img.kcar.com/carpicture/carpicture10/pic6140/kcarM_61400155_045.jpg,,N,SELL,K7 프리미어 2020±1 / 같은 세대·연료·배기량·트림,6,2065.0,62388,0.0266,0.1584,같은 세대·연료·배기량·트림,,44.5
EC61400822,https://www.kcar.com/bc/detail/carInfoDtl?i_sCarCd=EC61400822,기아,K8,K8,기아 K8 가솔린 2.5 노블레스 라이트,가솔린 2.5 노블레스 라이트,가솔린,가솔린 2.5,2021-05,2021,2022,73277,1980,,2122,가솔린,가솔린,오토,2497,5,세단,대형차,무사고,,,후방카메라|후방센서|전방센서|차선이탈경보|타이어공기압경고|차체자세제어|전자식파킹브레이크|통풍시트|열선시트|스마트키|내비|크루즈|전동시트|하이패스,4,차선이탈경보,1,3,안양직영점 경기/인천,,,https://img.kcar.com/carpicture/carpicture10/pic6140/kcarM_61400822_045.jpg,,N,SELL,K8 2021±1 / 같은 세대·연료·배기량·트림,5,2190,50064,0.0959,-0.4637,같은 세대·연료·배기량·트림,,44.4
EC61410728,https://www.kcar.com/bc/detail/carInfoDtl?i_sCarCd=EC61410728,기아,스포티지 더 볼드,스포티지,기아 스포티지 더 볼드 디젤 2.0 2WD 프레스티지,디젤 2.0 2WD 프레스티지,디젤,디젤 2.0 2WD,2020-10,2020,2021,57093,1680,,1801,디젤,디젤,오토,1995,5,SUV,SUV,무사고,,,후방카메라|후방센서|자동긴급제동|후측방경보|차선이탈경보|스마트크루즈|타이어공기압경고|차체자세제어|전자식파킹브레이크|통풍시트|열선시트|스마트키|내비|크루즈|전동시트|하이패스,4,자동긴급제동|후측방경보|차선이탈경보|스마트크루즈,4,2,서대구직영점 경북,,,https://img.kcar.com/carpicture/carpicture01/pic6141/kcarM_61410728_045.jpg,출퇴근용|영업용,N,SELL,스포티지 더 볼드 2020±1 / 같은 세대·연료·배기량·트림,11,1490,80419,-0.1275,0.2901,같은 세대·연료·배기량·트림,,44.3
EC61402083,https://www.kcar.com/bc/detail/carInfoDtl?i_sCarCd=EC61402083,현대,코나,코나,현대 코나 1.6 터보 2WD 모던 초이스,1.6 터보 2WD 모던 초이스,1.6,1.6 터보 2WD,2020-05,2020,2020,58034,1570,,1683,가솔린,가솔린,오토,1591,5,SUV,SUV,무사고,,,후방카메라|후방센서|차선이탈경보|타이어공기압경고|차체자세제어|통풍시트|열선시트|스마트키|크루즈,4,차선이탈경보,1,2,수원직영점 경기/인천,,,https://img.kcar.com/carpicture/carpicture10/pic6140/kcarM_61402083_045.jpg,,N,SELL,코나 2020±1 / 같은 세대·연료·엔진(트림 등급 섞임),11,1440,77306,-0.0903,0.2493,같은 세대·연료·엔진(트림 등급 섞임),비교군 가격 산포 48% — 시세차를 그대로 믿지 말 것,44.1
EC61409860,https://www.kcar.com/bc/detail/carInfoDtl?i_sCarCd=EC61409860,현대,더 뉴 그랜저 하이브리드,그랜저,현대 더 뉴 그랜저 하이브리드 가솔린 2.4  익스클루시브,가솔린 2.4  익스클루시브,가솔린,가솔린 2.4 ,2020-04,2020,2020,95258,2130,,2282,하이브리드,가솔린+전기,오토,2359,5,세단,대형차,단순수리,,,후방카메라|전방카메라|어라운드뷰|후방센서|전방센서|자동긴급제동|후측방경보|차선이탈경보|타이어공기압경고|차체자세제어|경사로밀림방지|전자식파킹브레이크|통풍시트|열선시트|스마트키|내비|크루즈|전동시트|하이패스|무선충전,4,자동긴급제동|후측방경보|차선이탈경보,3,5,광주수완직영점 전남,,,https://img.kcar.com/carpicture/carpicture10/pic6140/kcarM_61409860_045.jpg,영업용,N,SELL,더 뉴 그랜저 하이브리드 2020±1 / 같은 세대·연료·배기량·트림,13,2270,111844,0.0617,0.1483,같은 세대·연료·배기량·트림,,44.1
EC61408851,https://www.kcar.com/bc/detail/carInfoDtl?i_sCarCd=EC61408851,현대,아반떼 (CN7),아반떼,현대 아반떼 (CN7) 가솔린 1.6 모던,가솔린 1.6 모던,가솔린,가솔린 1.6,2020-04,2020,2021,39985,1390,,1490,가솔린,가솔린,오토,1598,5,세단,준중형차,단순수리,,,후방센서|자동긴급제동|차선이탈경보|타이어공기압경고|차체자세제어|경사로밀림방지|통풍시트|열선시트|스마트키|크루즈,4,자동긴급제동|차선이탈경보,2,1,광명직영점 경기/인천,,,https://img.kcar.com/3dcarpicture/2026/09/104/61408851_1/main/main780.jpg,,N,SELL,아반떼 (CN7) 2020±1 / 같은 세대·연료·배기량·트림,13,1480,83495,0.0608,0.5211,같은 세대·연료·배기량·트림,,44.1
EC61410436,https://www.kcar.com/bc/detail/carInfoDtl?i_sCarCd=EC61410436,현대,더 뉴 그랜저,그랜저,현대 더 뉴 그랜저 가솔린 2.5 프리미엄 초이스,가솔린 2.5 프리미엄 초이스,가솔린,가솔린 2.5,2020-09,2020,2020,72949,1890,,2025,가솔린,가솔린,오토,2497,5,세단,대형차,무사고,,,후방카메라|후방센서|전방센서|후측방경보|차선이탈경보|타이어공기압경고|차체자세제어|경사로밀림방지|전자식파킹브레이크|통풍시트|열선시트|스마트키|내비|크루즈|전동시트|하이패스|무선충전,4,후측방경보|차선이탈경보,2,3,대전직영점 충남,,,https://img.kcar.com/3dcarpicture/2026/09/067/61410436_1/main/main780.jpg,,N,SELL,더 뉴 그랜저 2020±1 / 같은 세대·연료·배기량·트림,27,1850,92248,-0.0216,0.2092,같은 세대·연료·배기량·트림,,43.9
EC61377089,https://www.kcar.com/bc/detail/carInfoDtl?i_sCarCd=EC61377089,기아,더 뉴 니로,니로,기아 더 뉴 니로 노블레스 스폐셜 ,노블레스 스폐셜,노블레스,노블레스 스폐셜,2020-10,2020,2020,85832,1750,,1876,하이브리드,가솔린+전기,오토,1580,5,SUV,SUV,무사고,,,후방카메라|후방센서|전방센서|자동긴급제동|후측방경보|차선이탈경보|스마트크루즈|타이어공기압경고|차체자세제어|전자식파킹브레이크|통풍시트|열선시트|스마트키|내비|크루즈|전동시트|하이패스,4,자동긴급제동|후측방경보|차선이탈경보|스마트크루즈,4,3,화성직영점 경기/인천,,,https://img.kcar.com/3dcarpicture/2026/09/175/61377089_1/main/main780.jpg,영업용,N,SELL,더 뉴 니로 2020±1 / 같은 세대·연료·배기량·트림,12,1775.0,95571,0.0141,0.1019,같은 세대·연료·배기량·트림,,43.9
EC61407299,https://www.kcar.com/bc/detail/carInfoDtl?i_sCarCd=EC61407299,현대,쏘나타 DN8 하이브리드,쏘나타,현대 쏘나타 DN8 하이브리드 프리미엄 패밀리 ,프리미엄 패밀리,프리미엄,프리미엄 패밀리,2021-02,2021,2021,87571,1850,,1983,하이브리드,가솔린+전기,오토,1999,5,세단,중형차,무사고,,,후방카메라|후방센서|전방센서|자동긴급제동|후측방경보|차선이탈경보|스마트크루즈|타이어공기압경고|차체자세제어|전자식파킹브레이크|통풍시트|열선시트|스마트키|내비|크루즈|전동시트|하이패스|무선충전,4,자동긴급제동|후측방경보|차선이탈경보|스마트크루즈,4,3,경기서부직영점 경기/인천,,,https://img.kcar.com/3dcarpicture/2026/09/143/61407299_1/main/main780.jpg,영업용,N,SELL,쏘나타 DN8 하이브리드 2021±1 / 같은 세대·연료·배기량·트림,4,1825.0,101074,-0.0137,0.1336,같은 세대·연료·배기량·트림,,43.9
EC61401943,https://www.kcar.com/bc/detail/carInfoDtl?i_sCarCd=EC61401943,기아,K5 3세대,K5,기아 K5 3세대 가솔린 2.0 노블레스,가솔린 2.0 노블레스,가솔린,가솔린 2.0,2020-06,2020,2020,45438,1730,,1854,가솔린,가솔린,오토,1999,5,세단,중형차,단순수리,,,후방카메라|전방카메라|어라운드뷰|후방센서|전방센서|차선이탈경보|타이어공기압경고|차체자세제어|전자식파킹브레이크|통풍시트|열선시트|스마트키|내비|크루즈|전동시트|하이패스,4,차선이탈경보,1,5,구미직영점 경북,,,https://img.kcar.com/3dcarpicture/2026/08/075/61401943_1/main/main780.jpg,,N,SELL,K5 3세대 2020±1 / 같은 세대·연료·배기량·트림,12,1775.0,73406,0.0254,0.381,같은 세대·연료·배기량·트림,,43.8
EC61384919,https://www.kcar.com/bc/detail/carInfoDtl?i_sCarCd=EC61384919,현대,쏘나타 DN8,쏘나타,현대 쏘나타 DN8 1.6 터보 프리미엄 플러스,1.6 터보 프리미엄 플러스,1.6,1.6 터보,2021-06,2021,2022,46952,1880,,2015,가솔린,가솔린,오토,1598,5,세단,중형차,무사고,,,후방카메라|후방센서|전방센서|자동긴급제동|후측방경보|차선이탈경보|스마트크루즈|타이어공기압경고|차체자세제어|경사로밀림방지|전자식파킹브레이크|열선시트|스마트키|내비|크루즈|전동시트|하이패스|무선충전,4,자동긴급제동|후측방경보|차선이탈경보|스마트크루즈,4,3,울산직영점 경남,,,https://img.kcar.com/carpicture/carpicture08/pic6138/kcarM_61384919_045.jpg,,N,SELL,쏘나타 DN8 2021±1 / 같은 세대·연료·배기량·트림,5,1880,58934,0.0,0.2033,같은 세대·연료·배기량·트림,,43.6
EC61405683,https://www.kcar.com/bc/detail/carInfoDtl?i_sCarCd=EC61405683,기아,K5 3세대,K5,기아 K5 3세대 가솔린 터보 1.6 시그니처,가솔린 터보 1.6 시그니처,가솔린,가솔린 터보 1.6,2020-03,2020,2020,90672,1700,,1822,가솔린,가솔린,오토,1598,5,세단,중형차,단순수리,,,후방카메라|전방카메라|어라운드뷰|후방센서|전방센서|후측방경보|차선이탈경보|스마트크루즈|타이어공기압경고|차체자세제어|전자식파킹브레이크|통풍시트|열선시트|스마트키|내비|크루즈|전동시트|하이패스,4,후측방경보|차선이탈경보|스마트크루즈,3,5,광주풍암직영점 전남,,,https://img.kcar.com/carpicture/carpicture10/pic6140/kcarM_61405683_045.jpg,,N,SELL,K5 3세대 2020±1 / 같은 세대·연료·배기량·트림,10,2015.0,57968,0.1563,-0.5642,같은 세대·연료·배기량·트림,,43.4
EC61387113,https://www.kcar.com/bc/detail/carInfoDtl?i_sCarCd=EC61387113,현대,쏘나타 DN8,쏘나타,현대 쏘나타 DN8 2.0 가솔린 프리미엄 플러스,2.0 가솔린 프리미엄 플러스,2.0,2.0 가솔린,2021-11,2021,2022,25609,1830,,1961,가솔린,가솔린,오토,1999,5,세단,중형차,단순수리,,,후방카메라|후방센서|전방센서|자동긴급제동|후측방경보|차선이탈경보|스마트크루즈|타이어공기압경고|차체자세제어|경사로밀림방지|전자식파킹브레이크|통풍시트|열선시트|스마트키|내비|크루즈|전동시트|하이패스|무선충전,4,자동긴급제동|후측방경보|차선이탈경보|스마트크루즈,4,3,경기서부직영점 경기/인천,,,https://img.kcar.com/3dcarpicture/2026/07/143/61387113_2/main/main780.jpg,,N,SELL,쏘나타 DN8 2021±1 / 같은 세대·연료·배기량·트림,17,1870,66118,0.0214,0.6127,같은 세대·연료·배기량·트림,,43.2
EC61397114,https://www.kcar.com/bc/detail/carInfoDtl?i_sCarCd=EC61397114,현대,더 뉴 그랜저,그랜저,현대 더 뉴 그랜저 가솔린 2.5 익스클루시브,가솔린 2.5 익스클루시브,가솔린,가솔린 2.5,2021-02,2021,2021,76115,2120,,2271,가솔린,가솔린,오토,2497,5,세단,대형차,무사고,,,후방카메라|전방카메라|어라운드뷰|후방센서|전방센서|후측방경보|차선이탈경보|타이어공기압경고|차체자세제어|경사로밀림방지|전자식파킹브레이크|통풍시트|열선시트|스마트키|내비|크루즈|전동시트|하이패스|무선충전,4,후측방경보|차선이탈경보,2,5,구미직영점 경북,,,https://img.kcar.com/3dcarpicture/2026/08/075/61397114_2/main/main780.jpg,,N,SELL,더 뉴 그랜저 2021±1 / 같은 세대·연료·배기량·트림,35,2050,94484,-0.0341,0.1944,같은 세대·연료·배기량·트림,,43.0
EC61402541,https://www.kcar.com/bc/detail/carInfoDtl?i_sCarCd=EC61402541,기아,K7 프리미어,K7,기아 K7 프리미어 가솔린 3.0  시그니처,가솔린 3.0  시그니처,가솔린,가솔린 3.0 ,2020-04,2020,2020,99925,1750,,1876,가솔린,가솔린,오토,2999,5,세단,대형차,단순수리,,,후방카메라|전방카메라|어라운드뷰|후방센서|전방센서|후측방경보|차선이탈경보|스마트크루즈|헤드업디스플레이|타이어공기압경고|차체자세제어|전자식파킹브레이크|통풍시트|열선시트|스마트키|내비|크루즈|전동시트|하이패스|무선충전,4,후측방경보|차선이탈경보|스마트크루즈,3,5,안양직영점 경기/인천,,,https://img.kcar.com/carpicture/carpicture10/pic6140/kcarM_61402541_045.jpg,,N,SELL,K7 프리미어 2020±1 / 같은 세대·연료·배기량·트림,6,2065.0,62388,0.1525,-0.6017,같은 세대·연료·배기량·트림,,42.9
EC61398920,https://www.kcar.com/bc/detail/carInfoDtl?i_sCarCd=EC61398920,현대,더 뉴 싼타페,싼타페,현대 더 뉴 싼타페 디젤 2.2 2WD 프레스티지,디젤 2.2 2WD 프레스티지,디젤,디젤 2.2 2WD,2020-11,2020,2021,55030,2060,,2207,디젤,디젤,오토,2151,5,SUV,SUV,단순수리,,,후방카메라|후방센서|자동긴급제동|후측방경보|차선이탈경보|스마트크루즈|타이어공기압경고|차체자세제어|전자식파킹브레이크|통풍시트|열선시트|스마트키|내비|크루즈|전동시트|하이패스,4,자동긴급제동|후측방경보|차선이탈경보|스마트크루즈,4,2,경기서부직영점 경기/인천,,,https://img.kcar.com/3dcarpicture/2026/08/143/61398920_1/main/main780.jpg,출퇴근용|영업용,N,SELL,더 뉴 싼타페 2020±1 / 같은 세대·연료·배기량·트림,25,2170,90619,0.0507,0.3927,같은 세대·연료·배기량·트림,,42.6
EC61404477,https://www.kcar.com/bc/detail/carInfoDtl?i_sCarCd=EC61404477,현대,투싼 (4세대),투싼,현대 투싼 (4세대) 2.0 디젤 모던,2.0 디젤 모던,2.0,2.0 디젤,2022-02,2022,2022,90476,1680,,1801,디젤,디젤,오토,1998,5,SUV,SUV,단순수리,,,후방카메라|후방센서|자동긴급제동|차선이탈경보|타이어공기압경고|차체자세제어|전자식파킹브레이크|통풍시트|열선시트|스마트키|크루즈|하이패스,4,자동긴급제동|차선이탈경보,2,2,장한평직영점 서울,,,https://img.kcar.com/3dcarpicture/2026/08/095/61404477_1/main/main780.jpg,출퇴근용|영업용,N,SELL,투싼 (4세대) 2022±1 / 같은 세대·연료·배기량·트림,3,2100,19758,0.2,-3.5792,같은 세대·연료·배기량·트림,,42.5
EC61407590,https://www.kcar.com/bc/detail/carInfoDtl?i_sCarCd=EC61407590,현대,투싼 (4세대),투싼,현대 투싼 (4세대) 2.0 디젤 AWD 모던,2.0 디젤 AWD 모던,2.0,2.0 디젤 AWD,2021-01,2021,2021,75520,1650,,1768,디젤,디젤,오토,1998,5,SUV,SUV,단순수리,,,후방카메라|후방센서|자동긴급제동|타이어공기압경고|차체자세제어|전자식파킹브레이크|열선시트|내비|크루즈,4,자동긴급제동,1,2,포항직영점 경북,,,https://img.kcar.com/3dcarpicture/2026/09/162/61407590_2/main/main780.jpg,출퇴근용|영업용,N,SELL,투싼 (4세대) 2021±1 / 같은 세대·연료·엔진(트림 등급 섞임),4,2215.0,55059,0.2551,-0.3716,같은 세대·연료·엔진(트림 등급 섞임),,42.5
EC61406354,https://www.kcar.com/bc/detail/carInfoDtl?i_sCarCd=EC61406354,현대,투싼 (4세대),투싼,현대 투싼 (4세대) 1.6 터보 모던,1.6 터보 모던,1.6,1.6 터보,2022-05,2022,2022,12428,2050,,2196,가솔린,가솔린,오토,1598,5,SUV,SUV,무사고,,,후방센서|자동긴급제동|차선이탈경보|타이어공기압경고|차체자세제어|경사로밀림방지|전자식파킹브레이크|통풍시트|열선시트|크루즈,4,자동긴급제동|차선이탈경보,2,1,포천직영점 경기/인천,,,https://img.kcar.com/carpicture/carpicture10/pic6140/kcarM_61406354_045.jpg,,N,SELL,투싼 (4세대) 2022±1 / 같은 세대·연료·배기량·트림,13,1900,68466,-0.0789,0.8185,같은 세대·연료·배기량·트림,,42.5
EC61406346,https://www.kcar.com/bc/detail/carInfoDtl?i_sCarCd=EC61406346,현대,투싼 (4세대),투싼,현대 투싼 (4세대) 1.6 터보 모던,1.6 터보 모던,1.6,1.6 터보,2022-05,2022,2022,20615,2010,,2154,가솔린,가솔린,오토,1598,5,SUV,SUV,무사고,,,후방센서|차선이탈경보|타이어공기압경고|차체자세제어|전자식파킹브레이크|통풍시트|열선시트|크루즈,2,차선이탈경보,1,1,포천직영점 경기/인천,,,https://img.kcar.com/3dcarpicture/2026/08/145/61406346_1/main/main780.jpg,,N,SELL,투싼 (4세대) 2022±1 / 같은 세대·연료·배기량·트림,13,1900,68466,-0.0579,0.6989,같은 세대·연료·배기량·트림,,42.5
EC61403377,https://www.kcar.com/bc/detail/carInfoDtl?i_sCarCd=EC61403377,기아,디 올 뉴 니로,니로,기아 디 올 뉴 니로 트렌디 ,트렌디,트렌디,트렌디,2022-07,2022,2022,56214,1980,,2122,하이브리드,가솔린+전기,오토,1580,5,SUV,SUV,단순수리,,,후방카메라|후방센서|자동긴급제동|차선이탈경보|타이어공기압경고|차체자세제어|경사로밀림방지|전자식파킹브레이크|열선시트|스마트키|크루즈|하이패스,4,자동긴급제동|차선이탈경보,2,2,광주수완직영점 전남,,,https://img.kcar.com/3dcarpicture/2026/09/081/61403377_1/main/main780.jpg,영업용,N,SELL,디 올 뉴 니로 2022±1 / 같은 세대·연료·배기량·트림,8,1860.0,87371,-0.0645,0.3566,같은 세대·연료·배기량·트림,,42.5
EC61403374,https://www.kcar.com/bc/detail/carInfoDtl?i_sCarCd=EC61403374,기아,디 올 뉴 니로,니로,기아 디 올 뉴 니로 트렌디 ,트렌디,트렌디,트렌디,2022-07,2022,2022,41540,2090,,2239,하이브리드,가솔린+전기,오토,1580,5,SUV,SUV,단순수리,,,후방카메라|후방센서|자동긴급제동|차선이탈경보|타이어공기압경고|차체자세제어|전자식파킹브레이크|열선시트|스마트키|크루즈|하이패스,4,자동긴급제동|차선이탈경보,2,2,포항직영점 경북,,,https://img.kcar.com/3dcarpicture/2026/08/162/61403374_2/main/main780.jpg,영업용,N,SELL,디 올 뉴 니로 2022±1 / 같은 세대·연료·배기량·트림,8,1860.0,87371,-0.1237,0.5246,같은 세대·연료·배기량·트림,,42.5
EC61407100,https://www.kcar.com/bc/detail/carInfoDtl?i_sCarCd=EC61407100,현대,더 뉴 아반떼 (CN7),아반떼,현대 더 뉴 아반떼 (CN7) 가솔린 1.6 스마트,가솔린 1.6 스마트,가솔린,가솔린 1.6,2023-12,2023,2024,51779,1490,,1597,가솔린,가솔린,오토,1598,5,세단,준중형차,단순수리,,,후방카메라|후방센서|전방센서|차선이탈경보|타이어공기압경고|차체자세제어|크루즈,4,차선이탈경보,1,3,홈서비스 메가센터 홈서비스 메가센터,,,https://img.kcar.com/3dcarpicture/2026/09/173/61407100_1/main/main780.jpg,,N,SELL,더 뉴 아반떼 (CN7) 2023±1 / 같은 세대·연료·엔진(트림 등급 섞임),23,2300,27399,0.3522,-0.8898,같은 세대·연료·엔진(트림 등급 섞임),비교군 가격 산포 48% — 시세차를 그대로 믿지 말 것,42.5
EC61407017,https://www.kcar.com/bc/detail/carInfoDtl?i_sCarCd=EC61407017,현대,쏘나타 DN8,쏘나타,현대 쏘나타 DN8 2.0 가솔린 프리미엄 플러스,2.0 가솔린 프리미엄 플러스,2.0,2.0 가솔린,2021-05,2021,2022,53824,1890,,2025,가솔린,가솔린,오토,1999,5,세단,중형차,무사고,,,후방카메라|후방센서|전방센서|자동긴급제동|후측방경보|차선이탈경보|스마트크루즈|타이어공기압경고|차체자세제어|전자식파킹브레이크|통풍시트|열선시트|스마트키|내비|크루즈|전동시트|하이패스|무선충전,4,자동긴급제동|후측방경보|차선이탈경보|스마트크루즈,4,3,인천직영점 경기/인천,,,https://img.kcar.com/carpicture/carpicture10/pic6140/kcarM_61407017_045.jpg,,N,SELL,쏘나타 DN8 2021±1 / 같은 세대·연료·배기량·트림,17,1870,66118,-0.0107,0.1859,같은 세대·연료·배기량·트림,,42.4
EC61391983,https://www.kcar.com/bc/detail/carInfoDtl?i_sCarCd=EC61391983,현대,쏘나타 DN8,쏘나타,현대 쏘나타 DN8 2.0 LPi 스마트,2.0 LPi 스마트,2.0,2.0 LPi,2020-03,2020,2020,98274,1480,,1587,LPG,LPG,오토,1999,5,세단,중형차,단순수리,,,후방카메라|후방센서|자동긴급제동|차선이탈경보|타이어공기압경고|차체자세제어|전자식파킹브레이크|열선시트|스마트키|내비|크루즈|전동시트|하이패스,4,자동긴급제동|차선이탈경보,2,2,부산직영점 경남,,,https://img.kcar.com/carpicture/carpicture09/pic6139/kcarM_61391983_045.jpg,영업용,N,SELL,쏘나타 DN8 2020±1 / 같은 세대·연료·엔진(트림 등급 섞임),6,1740.0,81480,0.1494,-0.2061,같은 세대·연료·엔진(트림 등급 섞임),,42.4
EC61405075,https://www.kcar.com/bc/detail/carInfoDtl?i_sCarCd=EC61405075,기아,더 뉴 K3 2세대,K3,기아 더 뉴 K3 2세대 프레스티지 ,프레스티지,프레스티지,프레스티지,2021-10,2021,2022,83753,1320,,1415,가솔린,가솔린,오토,1598,5,세단,준중형차,단순수리,,,후방카메라|후방센서|자동긴급제동|후측방경보|차선이탈경보|스마트크루즈|타이어공기압경고|차체자세제어|전자식파킹브레이크|통풍시트|열선시트|스마트키|내비|크루즈|선루프|전동시트|하이패스|무선충전,4,자동긴급제동|후측방경보|차선이탈경보|스마트크루즈,4,2,청주직영점 충북,,,https://img.kcar.com/3dcarpicture/2026/09/114/61405075_2/main/main780.jpg,,N,SELL,더 뉴 K3 2세대 2021±1 / 같은 세대·연료·배기량·트림,9,1550,75911,0.1484,-0.1033,같은 세대·연료·배기량·트림,,42.3
EC61402612,https://www.kcar.com/bc/detail/carInfoDtl?i_sCarCd=EC61402612,기아,스포티지 더 볼드,스포티지,기아 스포티지 더 볼드 디젤 2.0 2WD 트렌디,디젤 2.0 2WD 트렌디,디젤,디젤 2.0 2WD,2020-04,2020,2020,72283,1390,,1490,디젤,디젤,오토,1995,5,SUV,SUV,단순수리,,,후방카메라|후방센서|자동긴급제동|차선이탈경보|타이어공기압경고|차체자세제어|통풍시트|열선시트|스마트키|내비|크루즈|하이패스,4,자동긴급제동|차선이탈경보,2,2,경기서부직영점 경기/인천,,,https://img.kcar.com/3dcarpicture/2026/08/143/61402612_1/main/main780.jpg,출퇴근용|영업용,N,SELL,스포티지 더 볼드 2020±1 / 같은 세대·연료·엔진(트림 등급 섞임),24,1615.0,79633,0.1393,0.0923,같은 세대·연료·엔진(트림 등급 섞임),비교군 가격 산포 51% — 시세차를 그대로 믿지 말 것,42.0
EC61400826,https://www.kcar.com/bc/detail/carInfoDtl?i_sCarCd=EC61400826,기아,K7 프리미어 하이브리드,K7,기아 K7 프리미어 하이브리드 노블레스 ,노블레스,노블레스,노블레스,2021-04,2021,2021,94530,1970,,2111,하이브리드,가솔린+전기,오토,2359,5,세단,대형차,단순수리,,,후방카메라|전방카메라|어라운드뷰|후방센서|전방센서|후측방경보|차선이탈경보|스마트크루즈|타이어공기압경고|차체자세제어|전자식파킹브레이크|통풍시트|열선시트|스마트키|내비|크루즈|전동시트|하이패스|무선충전,4,후측방경보|차선이탈경보|스마트크루즈,3,5,안양직영점 경기/인천,,,https://img.kcar.com/carpicture/carpicture10/pic6140/kcarM_61400826_045.jpg,영업용,N,SELL,K7 프리미어 하이브리드 2021±1 / 같은 세대·연료·배기량·트림,10,2155.0,100708,0.0858,0.0613,같은 세대·연료·배기량·트림,,42.0
EC61405466,https://www.kcar.com/bc/detail/carInfoDtl?i_sCarCd=EC61405466,현대,아반떼 하이브리드 (CN7),아반떼,현대 아반떼 하이브리드 (CN7) 법인전용 ,법인전용,법인전용,법인전용,2023-01,2023,2023,38542,1770,,1897,하이브리드,가솔린+전기,오토,1580,5,세단,준중형차,무사고,,,후방센서|차선이탈경보|스마트크루즈|타이어공기압경고|차체자세제어|전자식파킹브레이크|열선시트|스마트키|크루즈|하이패스,4,차선이탈경보|스마트크루즈,2,1,강남직영점 서울,,,https://img.kcar.com/carpicture/carpicture10/pic6140/kcarM_61405466_045.jpg,영업용,N,SELL,아반떼 하이브리드 (CN7) 2023±1 / 같은 세대·연료·배기량·트림,6,1755.0,46657,-0.0085,0.1739,같은 세대·연료·배기량·트림,,41.6
EC61393411,https://www.kcar.com/bc/detail/carInfoDtl?i_sCarCd=EC61393411,현대,쏘나타 DN8,쏘나타,현대 쏘나타 DN8 2.5 터보 (N 라인) 프리미엄,2.5 터보 (N 라인) 프리미엄,2.5,2.5 터보 (N 라인),2021-09,2021,2022,66861,1840,,1972,가솔린,가솔린,오토,2497,5,세단,중형차,단순수리,,,후방카메라|후방센서|전방센서|자동긴급제동|후측방경보|차선이탈경보|스마트크루즈|타이어공기압경고|차체자세제어|경사로밀림방지|전자식파킹브레이크|통풍시트|열선시트|스마트키|내비|크루즈|하이패스|무선충전,4,자동긴급제동|후측방경보|차선이탈경보|스마트크루즈,4,3,대전직영점 충남,,,https://img.kcar.com/3dcarpicture/2026/07/067/61393411_2/main/main780.jpg,,N,SELL,쏘나타 DN8 2021±1 / 같은 세대·연료·엔진(트림 등급 섞임),3,2150,66861,0.1442,0.0,같은 세대·연료·엔진(트림 등급 섞임),,41.6
EC61375785,https://www.kcar.com/bc/detail/carInfoDtl?i_sCarCd=EC61375785,기아,디 올 뉴 스포티지,스포티지,기아 디 올 뉴 스포티지 2.0 디젤 2WD 노블레스 그래비티,2.0 디젤 2WD 노블레스 그래비티,2.0,2.0 디젤 2WD,2021-11,2021,2022,99189,1890,,2025,디젤,디젤,오토,1998,5,SUV,SUV,단순수리,,,후방카메라|후방센서|전방센서|자동긴급제동|후측방경보|차선이탈경보|스마트크루즈|타이어공기압경고|차체자세제어|전자식파킹브레이크|통풍시트|열선시트|스마트키|내비|크루즈|전동시트|하이패스,4,자동긴급제동|후측방경보|차선이탈경보|스마트크루즈,4,3,김포직영점 경기/인천,,,https://img.kcar.com/3dcarpicture/2026/06/087/61375785_1/main/main780.jpg,출퇴근용|영업용,N,SELL,디 올 뉴 스포티지 2021±1 / 같은 세대·연료·배기량·트림,3,2290,96304,0.1747,-0.03,같은 세대·연료·배기량·트림,,41.2
EC61408150,https://www.kcar.com/bc/detail/carInfoDtl?i_sCarCd=EC61408150,기아,K5 3세대,K5,기아 K5 3세대 가솔린 터보 1.6 시그니처,가솔린 터보 1.6 시그니처,가솔린,가솔린 터보 1.6,2020-07,2020,2020,99927,1730,,1854,가솔린,가솔린,오토,1598,5,세단,중형차,단순수리,,,후방카메라|전방카메라|어라운드뷰|후방센서|전방센서|자동긴급제동|후측방경보|차선이탈경보|스마트크루즈|타이어공기압경고|차체자세제어|경사로밀림방지|전자식파킹브레이크|통풍시트|열선시트|스마트키|내비|크루즈|전동시트|하이패스,4,자동긴급제동|후측방경보|차선이탈경보|스마트크루즈,4,5,인천직영점 경기/인천,,,https://img.kcar.com/carpicture/carpicture10/pic6140/kcarM_61408150_045.jpg,,N,SELL,K5 3세대 2020±1 / 같은 세대·연료·배기량·트림,10,2015.0,57968,0.1414,-0.7238,같은 세대·연료·배기량·트림,,41.2
EC61373451,https://www.kcar.com/bc/detail/carInfoDtl?i_sCarCd=EC61373451,현대,더 뉴 그랜저,그랜저,현대 더 뉴 그랜저 가솔린 2.5 익스클루시브,가솔린 2.5 익스클루시브,가솔린,가솔린 2.5,2020-02,2020,2020,91763,1740,,1865,가솔린,가솔린,오토,2497,5,세단,대형차,단순수리,,,후방카메라|전방카메라|어라운드뷰|후방센서|후측방경보|차선이탈경보|스마트크루즈|타이어공기압경고|차체자세제어|전자식파킹브레이크|통풍시트|열선시트|스마트키|내비|크루즈|전동시트|하이패스,4,후측방경보|차선이탈경보|스마트크루즈,3,4,강남직영점 서울,,,https://img.kcar.com/carpicture/carpicture07/pic6137/kcarM_61373451_045.jpg,,N,SELL,더 뉴 그랜저 2020±1 / 같은 세대·연료·배기량·트림,29,1990,94810,0.1256,0.0321,같은 세대·연료·배기량·트림,,41.0
EC61407448,https://www.kcar.com/bc/detail/carInfoDtl?i_sCarCd=EC61407448,기아,K7 프리미어,K7,기아 K7 프리미어 가솔린 2.5 X 에디션,가솔린 2.5 X 에디션,가솔린,가솔린 2.5,2020-06,2020,2020,93517,1730,,1854,가솔린,가솔린,오토,2497,5,세단,대형차,무사고,,,후방카메라|후방센서|전방센서|자동긴급제동|후측방경보|차선이탈경보|스마트크루즈|타이어공기압경고|차체자세제어|전자식파킹브레이크|통풍시트|열선시트|스마트키|내비|크루즈|전동시트|하이패스|무선충전,4,자동긴급제동|후측방경보|차선이탈경보|스마트크루즈,4,3,해운대직영점 경남,,,https://img.kcar.com/carpicture/carpicture10/pic6140/kcarM_61407448_045.jpg,,N,SELL,K7 프리미어 2020±1 / 같은 세대·연료·배기량·트림,14,1790.0,102010,0.0335,0.0833,같은 세대·연료·배기량·트림,,40.6
EC61408873,https://www.kcar.com/bc/detail/carInfoDtl?i_sCarCd=EC61408873,기아,더 뉴 니로,니로,기아 더 뉴 니로 프레스티지 ,프레스티지,프레스티지,프레스티지,2020-05,2020,2020,79412,1820,,1950,하이브리드,가솔린+전기,오토,1580,5,SUV,SUV,무사고,,,후방카메라|후방센서|후측방경보|차선이탈경보|스마트크루즈|타이어공기압경고|차체자세제어|경사로밀림방지|전자식파킹브레이크|열선시트|스마트키|내비|크루즈|하이패스,4,후측방경보|차선이탈경보|스마트크루즈,3,2,대전유성직영점 충남,,,https://img.kcar.com/carpicture/carpicture10/pic6140/kcarM_61408873_045.jpg,영업용,N,SELL,더 뉴 니로 2020±1 / 같은 세대·연료·배기량·트림,6,1770.0,86365,-0.0282,0.0805,같은 세대·연료·배기량·트림,,40.4
EC61403369,https://www.kcar.com/bc/detail/carInfoDtl?i_sCarCd=EC61403369,기아,K5 3세대 하이브리드,K5,기아 K5 3세대 하이브리드 트랜디 ,트랜디,트랜디,트랜디,2022-07,2022,2022,36198,1830,,1961,하이브리드,가솔린+전기,오토,1999,5,세단,중형차,단순수리,,,후방카메라|후방센서|자동긴급제동|차선이탈경보|타이어공기압경고|차체자세제어|경사로밀림방지|전자식파킹브레이크|열선시트|스마트키|내비|크루즈|하이패스,4,자동긴급제동|차선이탈경보,2,2,전주직영점 전북,,,https://img.kcar.com/3dcarpicture/2026/09/129/61403369_1/main/main780.jpg,영업용,N,SELL,K5 3세대 하이브리드 2022±1 / 같은 세대·연료·배기량·트림,9,1830,47100,0.0,0.2315,같은 세대·연료·배기량·트림,,40.4
EC61410206,https://www.kcar.com/bc/detail/carInfoDtl?i_sCarCd=EC61410206,현대,쏘나타 DN8,쏘나타,현대 쏘나타 DN8 2.0 가솔린 프리미엄 플러스,2.0 가솔린 프리미엄 플러스,2.0,2.0 가솔린,2022-01,2022,2022,55893,2010,,2154,가솔린,가솔린,오토,1999,5,세단,중형차,무사고,,,후방카메라|후방센서|전방센서|자동긴급제동|후측방경보|차선이탈경보|스마트크루즈|타이어공기압경고|차체자세제어|통풍시트|열선시트|스마트키|내비|크루즈|전동시트|하이패스|무선충전,4,자동긴급제동|후측방경보|차선이탈경보|스마트크루즈,4,3,원주직영점 강원,,,https://img.kcar.com/carpicture/carpicture01/pic6141/kcarM_61410206_045.jpg,,N,SELL,쏘나타 DN8 2022±1 / 같은 세대·연료·배기량·트림,17,1870,66118,-0.0749,0.1546,같은 세대·연료·배기량·트림,,40.3
EC61409607,https://www.kcar.com/bc/detail/carInfoDtl?i_sCarCd=EC61409607,현대,더 뉴 그랜저,그랜저,현대 더 뉴 그랜저 가솔린 2.5 프리미엄,가솔린 2.5 프리미엄,가솔린,가솔린 2.5,2020-07,2020,2020,44819,1970,,2111,가솔린,가솔린,오토,2497,5,세단,대형차,단순수리,,,후방카메라|후방센서|전방센서|자동긴급제동|후측방경보|차선이탈경보|스마트크루즈|타이어공기압경고|차체자세제어|전자식파킹브레이크|열선시트|스마트키|내비|크루즈|전동시트|하이패스,4,자동긴급제동|후측방경보|차선이탈경보|스마트크루즈,4,3,영등포직영점 서울,,,https://img.kcar.com/carpicture/carpicture10/pic6140/kcarM_61409607_045.jpg,,N,SELL,더 뉴 그랜저 2020±1 / 같은 세대·연료·배기량·트림,12,1970.0,92169,0.0,0.5137,같은 세대·연료·배기량·트림,,40.0
EC61409461,https://www.kcar.com/bc/detail/carInfoDtl?i_sCarCd=EC61409461,현대,더 뉴 그랜저,그랜저,현대 더 뉴 그랜저 가솔린 2.5 프리미엄 초이스,가솔린 2.5 프리미엄 초이스,가솔린,가솔린 2.5,2021-01,2021,2021,39379,2190,,2346,가솔린,가솔린,오토,2497,5,세단,대형차,단순수리,,,후방카메라|후방센서|전방센서|후측방경보|차선이탈경보|스마트크루즈|타이어공기압경고|차체자세제어|전자식파킹브레이크|통풍시트|열선시트|스마트키|내비|크루즈|전동시트|하이패스,4,후측방경보|차선이탈경보|스마트크루즈,3,3,분당용인직영점 경기/인천,,,https://img.kcar.com/carpicture/carpicture10/pic6140/kcarM_61409461_045.jpg,,N,SELL,더 뉴 그랜저 2021±1 / 같은 세대·연료·배기량·트림,27,1850,92248,-0.1838,0.5731,같은 세대·연료·배기량·트림,,40.0
EC61406369,https://www.kcar.com/bc/detail/carInfoDtl?i_sCarCd=EC61406369,현대,더 뉴 그랜저,그랜저,현대 더 뉴 그랜저 가솔린 2.5 프리미엄 초이스,가솔린 2.5 프리미엄 초이스,가솔린,가솔린 2.5,2021-05,2021,2021,36203,1990,,2132,가솔린,가솔린,오토,2500,5,세단,대형차,단순수리,,,후방카메라|후방센서|전방센서|자동긴급제동|차선이탈경보|타이어공기압경고|차체자세제어|경사로밀림방지|전자식파킹브레이크|통풍시트|열선시트|스마트키|내비|크루즈|전동시트|하이패스|무선충전,4,자동긴급제동|차선이탈경보,2,3,김포직영점 경기/인천,,,https://img.kcar.com/3dcarpicture/2026/09/087/61406369_2/main/main780.jpg,,N,SELL,더 뉴 그랜저 2021±1 / 같은 세대·연료·배기량·트림,27,1850,92248,-0.0757,0.6075,같은 세대·연료·배기량·트림,,40.0
EC61408824,https://www.kcar.com/bc/detail/carInfoDtl?i_sCarCd=EC61408824,현대,더 뉴 그랜저,그랜저,현대 더 뉴 그랜저 가솔린 2.5 프리미엄,가솔린 2.5 프리미엄,가솔린,가솔린 2.5,2020-07,2020,2020,40022,2190,,2346,가솔린,가솔린,오토,2497,5,세단,대형차,단순수리,,,후방카메라|후방센서|전방센서|후측방경보|차선이탈경보|스마트크루즈|타이어공기압경고|차체자세제어|경사로밀림방지|전자식파킹브레이크|열선시트|스마트키|내비|크루즈|전동시트|하이패스,4,후측방경보|차선이탈경보|스마트크루즈,3,3,수원직영점 경기/인천,,,https://img.kcar.com/carpicture/carpicture10/pic6140/kcarM_61408824_045.jpg,,N,SELL,더 뉴 그랜저 2020±1 / 같은 세대·연료·배기량·트림,12,1970.0,92169,-0.1117,0.5658,같은 세대·연료·배기량·트림,,40.0
EC61384915,https://www.kcar.com/bc/detail/carInfoDtl?i_sCarCd=EC61384915,현대,더 뉴 그랜저,그랜저,현대 더 뉴 그랜저 가솔린 2.5 프리미엄 초이스,가솔린 2.5 프리미엄 초이스,가솔린,가솔린 2.5,2020-12,2020,2021,28710,2150,,2304,가솔린,가솔린,오토,2497,5,세단,대형차,단순수리,,,후방카메라|후방센서|전방센서|자동긴급제동|후측방경보|차선이탈경보|스마트크루즈|타이어공기압경고|차체자세제어|전자식파킹브레이크|통풍시트|열선시트|스마트키|내비|크루즈|전동시트|하이패스|무선충전,4,자동긴급제동|후측방경보|차선이탈경보|스마트크루즈,4,3,안성직영점 경기/인천,,,https://img.kcar.com/3dcarpicture/2026/07/167/61384915_3/main/main780.jpg,,N,SELL,더 뉴 그랜저 2020±1 / 같은 세대·연료·배기량·트림,27,1850,92248,-0.1622,0.6888,같은 세대·연료·배기량·트림,,40.0
EC61395864,https://www.kcar.com/bc/detail/carInfoDtl?i_sCarCd=EC61395864,현대,쏘나타 DN8,쏘나타,현대 쏘나타 DN8 2.0 LPi 프리미엄 패밀리,2.0 LPi 프리미엄 패밀리,2.0,2.0 LPi,2021-04,2021,2021,58350,2020,,2164,LPG,LPG,오토,1999,5,세단,중형차,단순수리,,,후방카메라|후방센서|전방센서|후측방경보|차선이탈경보|타이어공기압경고|차체자세제어|경사로밀림방지|전자식파킹브레이크|통풍시트|열선시트|스마트키|내비|크루즈|전동시트|하이패스,4,후측방경보|차선이탈경보,2,3,광주풍암직영점 전남,,,https://img.kcar.com/carpicture/carpicture09/pic6139/kcarM_61395864_045.jpg,영업용,N,SELL,쏘나타 DN8 2021±1 / 같은 세대·연료·엔진(트림 등급 섞임),4,1750.0,87590,-0.1543,0.3338,같은 세대·연료·엔진(트림 등급 섞임),,40.0
EC61409404,https://www.kcar.com/bc/detail/carInfoDtl?i_sCarCd=EC61409404,현대,쏘나타 DN8,쏘나타,현대 쏘나타 DN8 1.6 터보 프리미엄 패밀리,1.6 터보 프리미엄 패밀리,1.6,1.6 터보,2021-04,2021,2021,48954,1850,,1983,가솔린,가솔린,오토,1598,5,세단,중형차,단순수리,,,후방카메라|후방센서|전방센서|후측방경보|차선이탈경보|스마트크루즈|타이어공기압경고|차체자세제어|전자식파킹브레이크|통풍시트|열선시트|스마트키|내비|크루즈|전동시트|하이패스,4,후측방경보|차선이탈경보|스마트크루즈,3,3,장한평직영점 서울,,,https://img.kcar.com/3dcarpicture/2026/09/095/61409404_2/main/main780.jpg,,N,SELL,쏘나타 DN8 2021±1 / 같은 세대·연료·배기량·트림,3,1640,93913,-0.128,0.4787,같은 세대·연료·배기량·트림,,40.0
EC61397331,https://www.kcar.com/bc/detail/carInfoDtl?i_sCarCd=EC61397331,현대,더 뉴 코나,코나,현대 더 뉴 코나 가솔린 터보 1.6 2WD 모던,가솔린 터보 1.6 2WD 모던,가솔린,가솔린 터보 1.6 2WD,2021-08,2021,2021,10385,1990,,2132,가솔린,가솔린,오토,1598,5,SUV,SUV,단순수리,,,후방카메라|후방센서|전방센서|자동긴급제동|후측방경보|차선이탈경보|스마트크루즈|헤드업디스플레이|타이어공기압경고|차체자세제어|경사로밀림방지|전자식파킹브레이크|열선시트|스마트키|내비|크루즈|하이패스|무선충전,4,자동긴급제동|후측방경보|차선이탈경보|스마트크루즈,4,3,서초직영점 서울,,,https://img.kcar.com/carpicture/carpicture09/pic6139/kcarM_61397331_045.jpg,,N,SELL,더 뉴 코나 2021±1 / 같은 세대·연료·배기량·트림,5,1840,55331,-0.0815,0.8123,같은 세대·연료·배기량·트림,,40.0
EC61352640,https://www.kcar.com/bc/detail/carInfoDtl?i_sCarCd=EC61352640,현대,더 뉴 그랜저,그랜저,현대 더 뉴 그랜저 가솔린 3.3 익스클루시브,가솔린 3.3 익스클루시브,가솔린,가솔린 3.3,2021-03,2021,2021,61555,2030,,2175,가솔린,가솔린,오토,3342,5,세단,대형차,단순수리,,,후방카메라|전방카메라|어라운드뷰|후방센서|전방센서|자동긴급제동|후측방경보|차선이탈경보|스마트크루즈|타이어공기압경고|차체자세제어|전자식파킹브레이크|통풍시트|열선시트|스마트키|내비|크루즈|전동시트|하이패스|무선충전,4,자동긴급제동|후측방경보|차선이탈경보|스마트크루즈,4,5,평택직영점 경기/인천,,,https://img.kcar.com/3dcarpicture/2026/08/177/61352640_4/main/main780.jpg,,N,SELL,더 뉴 그랜저 2021±1 / 같은 세대·연료·배기량·트림,10,1935.0,103078,-0.0491,0.4028,같은 세대·연료·배기량·트림,,40.0
EC61407257,https://www.kcar.com/bc/detail/carInfoDtl?i_sCarCd=EC61407257,현대,아반떼 (CN7),아반떼,현대 아반떼 (CN7) 가솔린 1.6 모던,가솔린 1.6 모던,가솔린,가솔린 1.6,2022-06,2022,2023,21895,1770,,1897,가솔린,가솔린,오토,1598,5,세단,준중형차,단순수리,,,후방카메라|후방센서|차선이탈경보|타이어공기압경고|차체자세제어|통풍시트|열선시트|스마트키|내비|크루즈|전동시트|하이패스|무선충전,4,차선이탈경보,1,2,광주풍암직영점 전남,,,https://img.kcar.com/carpicture/carpicture10/pic6140/kcarM_61407257_045.jpg,,N,SELL,아반떼 (CN7) 2022±1 / 같은 세대·연료·배기량·트림,11,1590,53610,-0.1132,0.5916,같은 세대·연료·배기량·트림,,40.0
EC61404985,https://www.kcar.com/bc/detail/carInfoDtl?i_sCarCd=EC61404985,현대,아반떼 (CN7),아반떼,현대 아반떼 (CN7) 가솔린 1.6 모던,가솔린 1.6 모던,가솔린,가솔린 1.6,2021-09,2021,2021,46802,1690,,1811,가솔린,가솔린,오토,1598,5,세단,준중형차,단순수리,,,후방카메라|후방센서|전방센서|자동긴급제동|차선이탈경보|타이어공기압경고|차체자세제어|통풍시트|열선시트|스마트키|내비|크루즈|선루프|전동시트,4,자동긴급제동|차선이탈경보,2,3,영등포직영점 서울,,,https://img.kcar.com/3dcarpicture/2026/08/010/61404985_1/main/main780.jpg,,N,SELL,아반떼 (CN7) 2021±1 / 같은 세대·연료·배기량·트림,18,1495.0,69408,-0.1304,0.3257,같은 세대·연료·배기량·트림,,40.0
EC61402105,https://www.kcar.com/bc/detail/carInfoDtl?i_sCarCd=EC61402105,기아,스포티지 더 볼드,스포티지,기아 스포티지 더 볼드 가솔린 2.0 2WD 시그니쳐,가솔린 2.0 2WD 시그니쳐,가솔린,가솔린 2.0 2WD,2020-06,2020,2020,25282,2160,,2314,가솔린,가솔린,오토,1999,5,SUV,SUV,단순수리,,,후방카메라|후방센서|전방센서|자동긴급제동|후측방경보|차선이탈경보|스마트크루즈|타이어공기압경고|차체자세제어|전자식파킹브레이크|통풍시트|열선시트|스마트키|내비|크루즈|전동시트|하이패스,4,자동긴급제동|후측방경보|차선이탈경보|스마트크루즈,4,3,경기서부직영점 경기/인천,,,https://img.kcar.com/3dcarpicture/2026/08/143/61402105_1/main/main780.jpg,,N,SELL,스포티지 더 볼드 2020±1 / 같은 세대·연료·엔진(트림 등급 섞임),4,1855.0,42393,-0.1644,0.4036,같은 세대·연료·엔진(트림 등급 섞임),,40.0
EC61408578,https://www.kcar.com/bc/detail/carInfoDtl?i_sCarCd=EC61408578,기아,올 뉴 K3,K3,기아 올 뉴 K3 럭셔리 ,럭셔리,럭셔리,럭셔리,2020-06,2020,2020,42800,1390,,1490,가솔린,가솔린,오토,1598,5,세단,준중형차,단순수리,,,후방카메라|후방센서|후측방경보|차선이탈경보|스마트크루즈|타이어공기압경고|차체자세제어|열선시트|스마트키|내비|크루즈|하이패스,4,후측방경보|차선이탈경보|스마트크루즈,3,2,수원직영점 경기/인천,,,https://img.kcar.com/carpicture/carpicture10/pic6140/kcarM_61408578_045.jpg,,N,SELL,올 뉴 K3 2020±1 / 같은 세대·연료·배기량·트림,6,1190.0,77023,-0.1681,0.4443,같은 세대·연료·배기량·트림,,40.0
EC61397117,https://www.kcar.com/bc/detail/carInfoDtl?i_sCarCd=EC61397117,기아,K3 GT,K3,기아 K3 GT 1.6 터보 5도어 플러스,1.6 터보 5도어 플러스,1.6,1.6 터보 5도어,2020-05,2020,2020,19523,1620,,1736,가솔린,가솔린,오토,1591,5,해치백,준중형차,단순수리,,,후방카메라|후방센서|전방센서|자동긴급제동|후측방경보|차선이탈경보|스마트크루즈|타이어공기압경고|차체자세제어|전자식파킹브레이크|통풍시트|열선시트|스마트키|내비|크루즈|전동시트|하이패스|무선충전,4,자동긴급제동|후측방경보|차선이탈경보|스마트크루즈,4,3,경기서부직영점 경기/인천,,,https://img.kcar.com/3dcarpicture/2026/08/143/61397117_1/main/main780.jpg,,N,SELL,K3 GT 2020±1 / 같은 세대·연료·배기량·트림,6,1305.0,97684,-0.2414,0.8001,같은 세대·연료·배기량·트림,,40.0
EC61400542,https://www.kcar.com/bc/detail/carInfoDtl?i_sCarCd=EC61400542,기아,셀토스,셀토스,기아 셀토스 가솔린 터보 1.6 2WD 시그니처,가솔린 터보 1.6 2WD 시그니처,가솔린,가솔린 터보 1.6 2WD,2021-02,2021,2022,24929,2090,,2239,가솔린,가솔린,오토,1591,5,SUV,SUV,단순수리,,,후방카메라|후방센서|전방센서|자동긴급제동|후측방경보|차선이탈경보|스마트크루즈|타이어공기압경고|차체자세제어|경사로밀림방지|전자식파킹브레이크|통풍시트|열선시트|스마트키|내비|크루즈|전동시트|하이패스|무선충전,4,자동긴급제동|후측방경보|차선이탈경보|스마트크루즈,4,3,일산직영점 경기/인천,,,https://img.kcar.com/carpicture/carpicture10/pic6140/kcarM_61400542_045.jpg,,N,SELL,셀토스 2021±1 / 같은 세대·연료·배기량·트림,13,1990,50108,-0.0503,0.5025,같은 세대·연료·배기량·트림,,40.0
EC61409047,https://www.kcar.com/bc/detail/carInfoDtl?i_sCarCd=EC61409047,기아,더 뉴 K3 2세대,K3,기아 더 뉴 K3 2세대 시그니처 ,시그니처,시그니처,시그니처,2023-10,2023,2024,6953,2130,,2282,가솔린,가솔린,오토,1598,5,세단,준중형차,단순수리,,,후방카메라|후방센서|전방센서|자동긴급제동|후측방경보|차선이탈경보|스마트크루즈|타이어공기압경고|차체자세제어|전자식파킹브레이크|통풍시트|열선시트|스마트키|내비|크루즈|전동시트|하이패스|무선충전,4,자동긴급제동|후측방경보|차선이탈경보|스마트크루즈,4,3,영등포직영점 서울,,,https://img.kcar.com/carpicture/carpicture10/pic6140/kcarM_61409047_045.jpg,,N,SELL,더 뉴 K3 2세대 2023±1 / 같은 세대·연료·배기량(트림 섞임),23,1550,68051,-0.3742,0.8978,같은 세대·연료·배기량(트림 섞임),비교군 가격 산포 54% — 시세차를 그대로 믿지 말 것,40.0
EC61406488,https://www.kcar.com/bc/detail/carInfoDtl?i_sCarCd=EC61406488,기아,더 뉴 K3 2세대,K3,기아 더 뉴 K3 2세대 트렌디 ,트렌디,트렌디,트렌디,2022-08,2022,2022,44623,1530,,1640,가솔린,가솔린,오토,1591,5,세단,준중형차,단순수리,,,후방카메라|후방센서|차선이탈경보|타이어공기압경고|차체자세제어|열선시트|스마트키|내비|크루즈|하이패스,4,차선이탈경보,1,2,수원직영점 경기/인천,,,https://img.kcar.com/carpicture/carpicture10/pic6140/kcarM_61406488_045.jpg,,N,SELL,더 뉴 K3 2세대 2022±1 / 같은 세대·연료·배기량·트림,14,1380.0,70772,-0.1087,0.3695,같은 세대·연료·배기량·트림,,40.0
EC61400509,https://www.kcar.com/bc/detail/carInfoDtl?i_sCarCd=EC61400509,기아,더 뉴 K3 2세대,K3,기아 더 뉴 K3 2세대 프레스티지 ,프레스티지,프레스티지,프레스티지,2023-12,2023,2024,6568,1890,,2025,가솔린,가솔린,오토,1598,5,세단,준중형차,단순수리,,,후방카메라|후방센서|전방센서|후측방경보|차선이탈경보|스마트크루즈|타이어공기압경고|차체자세제어|전자식파킹브레이크|통풍시트|열선시트|스마트키|내비|크루즈|하이패스|무선충전,4,후측방경보|차선이탈경보|스마트크루즈,3,3,서부산직영점 경남,,,https://img.kcar.com/3dcarpicture/2026/08/116/61400509_1/main/main780.jpg,,N,SELL,더 뉴 K3 2세대 2023±1 / 같은 세대·연료·배기량·트림,9,1640,61952,-0.1524,0.894,같은 세대·연료·배기량·트림,,40.0
EC61386337,https://www.kcar.com/bc/detail/carInfoDtl?i_sCarCd=EC61386337,기아,더 뉴 K3 2세대,K3,기아 더 뉴 K3 2세대 프레스티지 ,프레스티지,프레스티지,프레스티지,2022-06,2022,2022,50855,1640,,1758,가솔린,가솔린,오토,1598,5,세단,준중형차,단순수리,,,후방카메라|후방센서|후측방경보|차선이탈경보|스마트크루즈|타이어공기압경고|차체자세제어|전자식파킹브레이크|통풍시트|열선시트|스마트키|내비|크루즈|하이패스|무선충전,4,후측방경보|차선이탈경보|스마트크루즈,3,2,홈서비스 메가센터 홈서비스 메가센터,,,https://img.kcar.com/3dcarpicture/2026/07/173/61386337_1/main/main780.jpg,,N,SELL,더 뉴 K3 2세대 2022±1 / 같은 세대·연료·배기량·트림,10,1565.0,75568,-0.0479,0.327,같은 세대·연료·배기량·트림,,40.0
EC61366288,https://www.kcar.com/bc/detail/carInfoDtl?i_sCarCd=EC61366288,제네시스,G70,G70,제네시스 G70 3.3T 스포츠 AWD 엘리트,3.3T 스포츠 AWD 엘리트,3.3T,3.3T 스포츠 AWD,2020-03,2020,2020,69009,1950,,2090,가솔린,가솔린,오토,3342,5,세단,중형차,단순수리,,,후방카메라|후방센서|전방센서|자동긴급제동|후측방경보|차선이탈경보|스마트크루즈|타이어공기압경고|차체자세제어|전자식파킹브레이크|통풍시트|열선시트|스마트키|내비|크루즈|선루프|전동시트|하이패스,4,자동긴급제동|후측방경보|차선이탈경보|스마트크루즈,4,3,분당용인직영점 경기/인천,,,https://img.kcar.com/carpicture/carpicture06/pic6136/kcarM_61366288_045.jpg,,N,SELL,G70 2020±1 / 같은 세대·연료·배기량·트림,5,1850,101139,-0.0541,0.3177,같은 세대·연료·배기량·트림,,40.0
EC61403106,https://www.kcar.com/bc/detail/carInfoDtl?i_sCarCd=EC61403106,현대,쏘나타 DN8,쏘나타,현대 쏘나타 DN8 2.0 가솔린 프리미엄 플러스,2.0 가솔린 프리미엄 플러스,2.0,2.0 가솔린,2022-06,2022,2022,30685,1950,,2090,가솔린,가솔린,오토,1999,5,세단,중형차,단순수리,,,후방카메라|후방센서|전방센서|후측방경보|차선이탈경보|차체자세제어|전자식파킹브레이크|통풍시트|열선시트|스마트키|내비|크루즈|전동시트|하이패스,4,후측방경보|차선이탈경보,2,3,홈서비스 메가센터 홈서비스 메가센터,,,https://img.kcar.com/3dcarpicture/2026/08/173/61403106_2/main/main780.jpg,,N,SELL,쏘나타 DN8 2022±1 / 같은 세대·연료·배기량·트림,17,1870,66118,-0.0428,0.5359,같은 세대·연료·배기량·트림,,40.0
EC61405943,https://www.kcar.com/bc/detail/carInfoDtl?i_sCarCd=EC61405943,기아,K5 3세대,K5,기아 K5 3세대 가솔린 터보 1.6 프레스티지,가솔린 터보 1.6 프레스티지,가솔린,가솔린 터보 1.6,2022-01,2022,2022,44201,1990,,2132,가솔린,가솔린,오토,1598,5,세단,중형차,단순수리,,,후방카메라|후방센서|전방센서|자동긴급제동|후측방경보|차선이탈경보|스마트크루즈|타이어공기압경고|차체자세제어|경사로밀림방지|전자식파킹브레이크|통풍시트|열선시트|스마트키|내비|크루즈|전동시트|하이패스,4,자동긴급제동|후측방경보|차선이탈경보|스마트크루즈,4,3,안성직영점 경기/인천,,,https://img.kcar.com/3dcarpicture/2026/08/167/61405943_1/main/main780.jpg,,N,SELL,K5 3세대 2022±1 / 같은 세대·연료·배기량·트림,5,1780,64830,-0.118,0.3182,같은 세대·연료·배기량·트림,,40.0
EC61402151,https://www.kcar.com/bc/detail/carInfoDtl?i_sCarCd=EC61402151,제네시스,G70,G70,제네시스 G70 2.0T 엘리트,2.0T 엘리트,2.0T,2.0T,2020-06,2020,2020,57101,2060,,2207,가솔린,가솔린,오토,1998,5,세단,중형차,단순수리,,,후방카메라|전방카메라|어라운드뷰|후방센서|전방센서|자동긴급제동|후측방경보|차선이탈경보|스마트크루즈|헤드업디스플레이|타이어공기압경고|차체자세제어|전자식파킹브레이크|통풍시트|열선시트|스마트키|내비|크루즈|전동시트|하이패스|무선충전,4,자동긴급제동|후측방경보|차선이탈경보|스마트크루즈,4,5,용인직영점 경기/인천,,,https://img.kcar.com/3dcarpicture/2026/09/140/61402151_1/main/main780.jpg,,N,SELL,G70 2020±1 / 같은 세대·연료·배기량·트림,14,1870.0,92472,-0.1016,0.3825,같은 세대·연료·배기량·트림,,40.0
EC61410189,https://www.kcar.com/bc/detail/carInfoDtl?i_sCarCd=EC61410189,현대,쏘나타 DN8,쏘나타,현대 쏘나타 DN8 2.0 가솔린 프리미엄 패밀리,2.0 가솔린 프리미엄 패밀리,2.0,2.0 가솔린,2020-03,2020,2020,20733,1820,,1950,가솔린,가솔린,오토,1999,5,세단,중형차,단순수리,,,후방카메라|후방센서|전방센서|자동긴급제동|후측방경보|차선이탈경보|스마트크루즈|타이어공기압경고|차체자세제어|전자식파킹브레이크|통풍시트|열선시트|스마트키|내비|크루즈|전동시트|하이패스|무선충전,4,자동긴급제동|후측방경보|차선이탈경보|스마트크루즈,4,3,포천직영점 경기/인천,,,https://img.kcar.com/3dcarpicture/2026/09/145/61410189_1/main/main780.jpg,,N,SELL,쏘나타 DN8 2020±1 / 같은 세대·연료·배기량·트림,9,1690,76886,-0.0769,0.7303,같은 세대·연료·배기량·트림,,40.0
EC61410418,https://www.kcar.com/bc/detail/carInfoDtl?i_sCarCd=EC61410418,기아,K5 3세대,K5,기아 K5 3세대 가솔린 2.0 노블레스,가솔린 2.0 노블레스,가솔린,가솔린 2.0,2020-02,2020,2020,38586,2050,,2196,가솔린,가솔린,오토,1999,5,세단,중형차,단순수리,,,후방카메라|전방카메라|어라운드뷰|후방센서|전방센서|후측방경보|차선이탈경보|스마트크루즈|타이어공기압경고|차체자세제어|전자식파킹브레이크|통풍시트|열선시트|스마트키|내비|크루즈|전동시트|하이패스,4,후측방경보|차선이탈경보|스마트크루즈,3,5,수원직영점 경기/인천,,,https://img.kcar.com/carpicture/carpicture01/pic6141/kcarM_61410418_045.jpg,,N,SELL,K5 3세대 2020±1 / 같은 세대·연료·배기량·트림,12,1775.0,73406,-0.1549,0.4743,같은 세대·연료·배기량·트림,,40.0
EC61387189,https://www.kcar.com/bc/detail/carInfoDtl?i_sCarCd=EC61387189,기아,스팅어 마이스터,스팅어,기아 스팅어 마이스터 2.5 터보 2WD 마스터즈,2.5 터보 2WD 마스터즈,2.5,2.5 터보 2WD,2020-09,2020,2021,84767,2050,,2196,가솔린,가솔린,오토,2497,5,세단,중형차,단순수리,,,후방카메라|후방센서|전방센서|자동긴급제동|후측방경보|차선이탈경보|스마트크루즈|타이어공기압경고|차체자세제어|전자식파킹브레이크|통풍시트|열선시트|스마트키|내비|크루즈|선루프|전동시트|하이패스|무선충전,4,자동긴급제동|후측방경보|차선이탈경보|스마트크루즈,4,3,포항직영점 경북,,,https://img.kcar.com/3dcarpicture/2026/08/162/61387189_1/main/main780.jpg,,N,SELL,스팅어 마이스터 2020±1 / 같은 세대·연료·배기량·트림,4,2365.0,63820,0.1332,-0.3282,같은 세대·연료·배기량·트림,,40.0
EC61393787,https://www.kcar.com/bc/detail/carInfoDtl?i_sCarCd=EC61393787,기아,K5 3세대,K5,기아 K5 3세대 가솔린 2.0 트렌디,가솔린 2.0 트렌디,가솔린,가솔린 2.0,2020-12,2020,2021,41367,1610,,1726,가솔린,가솔린,오토,1999,5,세단,중형차,단순수리,,,후방카메라|후방센서|차선이탈경보|타이어공기압경고|차체자세제어|경사로밀림방지|전자식파킹브레이크|열선시트|스마트키|내비|크루즈|전동시트|하이패스,4,차선이탈경보,1,2,고양직영점 경기/인천,,,https://img.kcar.com/carpicture/carpicture09/pic6139/kcarM_61393787_045.jpg,,N,SELL,K5 3세대 2020±1 / 같은 세대·연료·배기량·트림,3,1550,62808,-0.0387,0.3414,같은 세대·연료·배기량·트림,,40.0
EC61410727,https://www.kcar.com/bc/detail/carInfoDtl?i_sCarCd=EC61410727,현대,투싼 (4세대),투싼,현대 투싼 (4세대) 1.6 터보 프리미엄,1.6 터보 프리미엄,1.6,1.6 터보,2021-04,2021,2021,43381,2180,,2336,가솔린,가솔린,오토,1598,5,SUV,SUV,단순수리,,,후방카메라|후방센서|전방센서|자동긴급제동|후측방경보|차선이탈경보|스마트크루즈|타이어공기압경고|차체자세제어|전자식파킹브레이크|통풍시트|열선시트|스마트키|내비|크루즈|하이패스,4,자동긴급제동|후측방경보|차선이탈경보|스마트크루즈,4,3,오산동탄직영점 경기/인천,,,https://img.kcar.com/carpicture/carpicture01/pic6141/kcarM_61410727_045.jpg,,N,SELL,투싼 (4세대) 2021±1 / 같은 세대·연료·배기량·트림,13,2060,62501,-0.0583,0.3059,같은 세대·연료·배기량·트림,,40.0
EC61407256,https://www.kcar.com/bc/detail/carInfoDtl?i_sCarCd=EC61407256,현대,아반떼 (CN7),아반떼,현대 아반떼 (CN7) 가솔린 1.6 모던,가솔린 1.6 모던,가솔린,가솔린 1.6,2022-05,2022,2023,36841,1720,,1843,가솔린,가솔린,오토,1598,5,세단,준중형차,단순수리,,,후방카메라|후방센서|전방센서|자동긴급제동|후측방경보|차선이탈경보|스마트크루즈|타이어공기압경고|차체자세제어|경사로밀림방지|전자식파킹브레이크|통풍시트|열선시트|스마트키|내비|크루즈|전동시트|하이패스,4,자동긴급제동|후측방경보|차선이탈경보|스마트크루즈,4,3,광주수완직영점 전남,,,https://img.kcar.com/3dcarpicture/2026/09/081/61407256_2/main/main780.jpg,,N,SELL,아반떼 (CN7) 2022±1 / 같은 세대·연료·배기량·트림,11,1590,53610,-0.0818,0.3128,같은 세대·연료·배기량·트림,,40.0
EC61408226,https://www.kcar.com/bc/detail/carInfoDtl?i_sCarCd=EC61408226,기아,K5 3세대,K5,기아 K5 3세대 가솔린 터보 1.6 노블레스,가솔린 터보 1.6 노블레스,가솔린,가솔린 터보 1.6,2021-08,2021,2021,55130,2050,,2196,가솔린,가솔린,오토,1598,5,세단,중형차,단순수리,,,후방카메라|전방카메라|어라운드뷰|후방센서|전방센서|자동긴급제동|후측방경보|차선이탈경보|스마트크루즈|타이어공기압경고|차체자세제어|경사로밀림방지|전자식파킹브레이크|통풍시트|열선시트|스마트키|내비|크루즈|전동시트|하이패스,4,자동긴급제동|후측방경보|차선이탈경보|스마트크루즈,4,5,용인직영점 경기/인천,,,https://img.kcar.com/3dcarpicture/2026/09/140/61408226_1/main/main780.jpg,,N,SELL,K5 3세대 2021±1 / 같은 세대·연료·배기량·트림,7,1780,78866,-0.1517,0.301,같은 세대·연료·배기량·트림,,40.0
EC61411456,https://www.kcar.com/bc/detail/carInfoDtl?i_sCarCd=EC61411456,기아,더 뉴 K3 2세대,K3,기아 더 뉴 K3 2세대 트렌디 ,트렌디,트렌디,트렌디,2022-05,2022,2022,47601,1620,,1736,가솔린,가솔린,오토,1598,5,세단,준중형차,단순수리,,,후방카메라|후방센서|자동긴급제동|차선이탈경보|타이어공기압경고|차체자세제어|열선시트|스마트키|내비|크루즈|하이패스,4,자동긴급제동|차선이탈경보,2,2,원주직영점 강원,,,https://img.kcar.com/carpicture/carpicture01/pic6141/kcarM_61411456_045.jpg,,N,SELL,더 뉴 K3 2세대 2022±1 / 같은 세대·연료·배기량·트림,14,1380.0,70772,-0.1739,0.3274,같은 세대·연료·배기량·트림,,40.0
EC61409441,https://www.kcar.com/bc/detail/carInfoDtl?i_sCarCd=EC61409441,기아,K5 3세대,K5,기아 K5 3세대 가솔린 터보 1.6 노블레스,가솔린 터보 1.6 노블레스,가솔린,가솔린 터보 1.6,2020-05,2020,2020,53075,2070,,2218,가솔린,가솔린,오토,1598,5,세단,중형차,단순수리,,,후방카메라|전방카메라|어라운드뷰|후방센서|전방센서|자동긴급제동|후측방경보|차선이탈경보|스마트크루즈|헤드업디스플레이|타이어공기압경고|차체자세제어|전자식파킹브레이크|통풍시트|열선시트|스마트키|내비|크루즈|선루프|전동시트|하이패스|무선충전,4,자동긴급제동|후측방경보|차선이탈경보|스마트크루즈,4,5,오산동탄직영점 경기/인천,,,https://img.kcar.com/3dcarpicture/2026/09/093/61409441_1/main/main780.jpg,,N,SELL,K5 3세대 2020±1 / 같은 세대·연료·배기량·트림,7,1780,78866,-0.1629,0.327,같은 세대·연료·배기량·트림,,40.0
EC61405511,https://www.kcar.com/bc/detail/carInfoDtl?i_sCarCd=EC61405511,기아,K5 3세대,K5,기아 K5 3세대 가솔린 2.0 프레스티지,가솔린 2.0 프레스티지,가솔린,가솔린 2.0,2023-09,2023,2023,15319,2120,,2271,가솔린,가솔린,오토,1999,5,세단,중형차,단순수리,,,후방카메라|후방센서|전방센서|자동긴급제동|차선이탈경보|타이어공기압경고|차체자세제어|전자식파킹브레이크|통풍시트|열선시트|스마트키|내비|크루즈|전동시트|하이패스,4,자동긴급제동|차선이탈경보,2,3,평택직영점 경기/인천,,,https://img.kcar.com/3dcarpicture/2026/09/177/61405511_1/main/main780.jpg,,N,SELL,K5 3세대 2023±1 / 같은 세대·연료·엔진(트림 등급 섞임),5,1880,55297,-0.1277,0.723,같은 세대·연료·엔진(트림 등급 섞임),비교군 가격 산포 92% — 시세차를 그대로 믿지 말 것,40.0
EC61406468,https://www.kcar.com/bc/detail/carInfoDtl?i_sCarCd=EC61406468,기아,K7 프리미어,K7,기아 K7 프리미어 가솔린 2.5 X 에디션,가솔린 2.5 X 에디션,가솔린,가솔린 2.5,2020-07,2020,2020,66561,1950,,2090,가솔린,가솔린,오토,2497,5,세단,대형차,단순수리,,,후방카메라|전방카메라|어라운드뷰|후방센서|전방센서|자동긴급제동|후측방경보|차선이탈경보|스마트크루즈|타이어공기압경고|차체자세제어|전자식파킹브레이크|통풍시트|열선시트|스마트키|내비|크루즈|전동시트|하이패스|무선충전,4,자동긴급제동|후측방경보|차선이탈경보|스마트크루즈,4,5,영등포직영점 서울,,,https://img.kcar.com/3dcarpicture/2026/09/010/61406468_1/main/main780.jpg,,N,SELL,K7 프리미어 2020±1 / 같은 세대·연료·배기량·트림,14,1790.0,102010,-0.0894,0.3475,같은 세대·연료·배기량·트림,,40.0
EC61411955,https://www.kcar.com/bc/detail/carInfoDtl?i_sCarCd=EC61411955,현대,쏘나타 DN8,쏘나타,현대 쏘나타 DN8 2.0 가솔린 프리미엄 플러스,2.0 가솔린 프리미엄 플러스,2.0,2.0 가솔린,2022-11,2022,2023,36095,2050,,2196,가솔린,가솔린,오토,1999,5,세단,중형차,단순수리,,,후방카메라|후방센서|전방센서|후측방경보|차선이탈경보|스마트크루즈|타이어공기압경고|차체자세제어|전자식파킹브레이크|통풍시트|열선시트|스마트키|내비|크루즈|전동시트|하이패스,4,후측방경보|차선이탈경보|스마트크루즈,3,3,포천직영점 경기/인천,,,https://img.kcar.com/carpicture/carpicture01/pic6141/kcarM_61411955_045.jpg,,N,SELL,쏘나타 DN8 2022±1 / 같은 세대·연료·배기량·트림,17,1870,66118,-0.0963,0.4541,같은 세대·연료·배기량·트림,,40.0
EC61408859,https://www.kcar.com/bc/detail/carInfoDtl?i_sCarCd=EC61408859,현대,더 뉴 그랜저,그랜저,현대 더 뉴 그랜저 가솔린 3.3 캘리그래피,가솔린 3.3 캘리그래피,가솔린,가솔린 3.3,2020-03,2020,2020,74107,2030,,2175,가솔린,가솔린,오토,3342,5,세단,대형차,단순수리,,,후방카메라|전방카메라|어라운드뷰|후방센서|전방센서|자동긴급제동|후측방경보|차선이탈경보|스마트크루즈|헤드업디스플레이|타이어공기압경고|차체자세제어|전자식파킹브레이크|통풍시트|열선시트|스마트키|내비|크루즈|전동시트|하이패스|무선충전,4,자동긴급제동|후측방경보|차선이탈경보|스마트크루즈,4,5,영등포직영점 서울,,,https://img.kcar.com/3dcarpicture/2026/09/010/61408859_1/main/main780.jpg,,N,SELL,더 뉴 그랜저 2020±1 / 같은 세대·연료·배기량·트림,9,2230,81902,0.0897,0.0952,같은 세대·연료·배기량·트림,,39.8
EC61408354,https://www.kcar.com/bc/detail/carInfoDtl?i_sCarCd=EC61408354,기아,K7 프리미어 하이브리드,K7,기아 K7 프리미어 하이브리드 시그니쳐 ,시그니쳐,시그니쳐,시그니쳐,2020-12,2020,2021,82281,2060,,2207,하이브리드,가솔린+전기,오토,2359,5,세단,대형차,단순수리,,,후방카메라|후방센서|전방센서|후측방경보|차선이탈경보|스마트크루즈|타이어공기압경고|차체자세제어|전자식파킹브레이크|통풍시트|열선시트|스마트키|내비|크루즈|전동시트|하이패스|무선충전,4,후측방경보|차선이탈경보|스마트크루즈,3,3,해운대직영점 경남,,,https://img.kcar.com/carpicture/carpicture10/pic6140/kcarM_61408354_045.jpg,영업용,N,SELL,K7 프리미어 하이브리드 2020±1 / 같은 세대·연료·배기량·트림,5,2060,105775,0.0,0.2221,같은 세대·연료·배기량·트림,,39.8
EC61405541,https://www.kcar.com/bc/detail/carInfoDtl?i_sCarCd=EC61405541,기아,더 뉴 K3 2세대,K3,기아 더 뉴 K3 2세대 프레스티지 ,프레스티지,프레스티지,프레스티지,2024-06,2024,2024,31241,1930,,2068,가솔린,가솔린,오토,1598,5,세단,준중형차,단순수리,,,후방카메라|후방센서|후측방경보|차선이탈경보|스마트크루즈|타이어공기압경고|차체자세제어|전자식파킹브레이크|통풍시트|열선시트|스마트키|내비|크루즈|전동시트|하이패스|무선충전,4,후측방경보|차선이탈경보|스마트크루즈,3,2,수원직영점 경기/인천,,,https://img.kcar.com/carpicture/carpicture10/pic6140/kcarM_61405541_045.jpg,,N,SELL,더 뉴 K3 2세대 2024±1 / 같은 세대·연료·배기량·트림,4,1890.0,44308,-0.0212,0.2949,같은 세대·연료·배기량·트림,,39.7
EC61410480,https://www.kcar.com/bc/detail/carInfoDtl?i_sCarCd=EC61410480,현대,코나,코나,현대 코나 1.6 터보 2WD 프리미엄,1.6 터보 2WD 프리미엄,1.6,1.6 터보 2WD,2020-07,2020,2020,43788,1680,,1801,가솔린,가솔린,오토,1591,5,SUV,SUV,단순수리,,,후방카메라|후방센서|전방센서|자동긴급제동|후측방경보|차선이탈경보|스마트크루즈|헤드업디스플레이|타이어공기압경고|차체자세제어|통풍시트|열선시트|스마트키|내비|크루즈|선루프|전동시트|하이패스|무선충전,4,자동긴급제동|후측방경보|차선이탈경보|스마트크루즈,4,3,전주직영점 전북,,,https://img.kcar.com/carpicture/carpicture01/pic6141/kcarM_61410480_045.jpg,,N,SELL,코나 2020±1 / 같은 세대·연료·배기량·트림,4,1575.0,62012,-0.0667,0.2939,같은 세대·연료·배기량·트림,,39.6
EC61410073,https://www.kcar.com/bc/detail/carInfoDtl?i_sCarCd=EC61410073,현대,더 뉴 아반떼 (CN7),아반떼,현대 더 뉴 아반떼 (CN7) 가솔린 1.6 모던,가솔린 1.6 모던,가솔린,가솔린 1.6,2024-07,2024,2024,41685,2050,,2196,가솔린,가솔린,오토,1598,5,세단,준중형차,무사고,,,후방카메라|후방센서|전방센서|차선이탈경보|타이어공기압경고|차체자세제어|경사로밀림방지|전자식파킹브레이크|통풍시트|열선시트|스마트키|내비|크루즈|하이패스,4,차선이탈경보,1,3,천안직영점 충남,,,https://img.kcar.com/carpicture/carpicture01/pic6141/kcarM_61410073_045.jpg,,N,SELL,더 뉴 아반떼 (CN7) 2024±1 / 같은 세대·연료·배기량·트림,7,2190,29948,0.0639,-0.3919,같은 세대·연료·배기량·트림,,39.6
EC61396745,https://www.kcar.com/bc/detail/carInfoDtl?i_sCarCd=EC61396745,현대,쏘나타 DN8 하이브리드,쏘나타,현대 쏘나타 DN8 하이브리드 프리미엄 플러스 ,프리미엄 플러스,프리미엄,프리미엄 플러스,2021-06,2021,2022,69843,2060,,2207,하이브리드,가솔린+전기,오토,1999,5,세단,중형차,단순수리,,,후방카메라|후방센서|전방센서|자동긴급제동|후측방경보|차선이탈경보|타이어공기압경고|차체자세제어|전자식파킹브레이크|통풍시트|열선시트|스마트키|내비|크루즈|전동시트|하이패스,4,자동긴급제동|후측방경보|차선이탈경보,3,3,광주수완직영점 전남,,,https://img.kcar.com/3dcarpicture/2026/08/081/61396745_1/main/main780.jpg,영업용,N,SELL,쏘나타 DN8 하이브리드 2021±1 / 같은 세대·연료·배기량·트림,8,1990.0,89502,-0.0352,0.2197,같은 세대·연료·배기량·트림,,39.6
EC61407314,https://www.kcar.com/bc/detail/carInfoDtl?i_sCarCd=EC61407314,현대,더 뉴 그랜저,그랜저,현대 더 뉴 그랜저 가솔린 2.5 프리미엄 초이스,가솔린 2.5 프리미엄 초이스,가솔린,가솔린 2.5,2020-02,2020,2020,79407,1850,,1983,가솔린,가솔린,오토,2497,5,세단,대형차,무사고,,,후방카메라|후방센서|전방센서|자동긴급제동|후측방경보|차선이탈경보|스마트크루즈|타이어공기압경고|차체자세제어|전자식파킹브레이크|통풍시트|열선시트|스마트키|내비|크루즈|전동시트|하이패스|무선충전,4,자동긴급제동|후측방경보|차선이탈경보|스마트크루즈,4,3,경인직영점 경기/인천,,,https://img.kcar.com/3dcarpicture/2026/09/142/61407314_1/main/main780.jpg,,N,SELL,더 뉴 그랜저 2020±1 / 같은 세대·연료·배기량·트림,27,1850,92248,0.0,0.1392,같은 세대·연료·배기량·트림,,39.3
EC61404581,https://www.kcar.com/bc/detail/carInfoDtl?i_sCarCd=EC61404581,현대,더 뉴 싼타페,싼타페,현대 더 뉴 싼타페 디젤 2.2 4WD 프리미엄 초이스,디젤 2.2 4WD 프리미엄 초이스,디젤,디젤 2.2 4WD,2021-09,2021,2021,98970,2090,,2239,디젤,디젤,오토,2151,5,SUV,SUV,무사고,,,후방카메라|후방센서|전방센서|자동긴급제동|후측방경보|차선이탈경보|스마트크루즈|타이어공기압경고|차체자세제어|경사로밀림방지|전자식파킹브레이크|통풍시트|열선시트|스마트키|내비|크루즈|전동시트|하이패스,4,자동긴급제동|후측방경보|차선이탈경보|스마트크루즈,4,3,김포직영점 경기/인천,,,https://img.kcar.com/3dcarpicture/2026/08/087/61404581_2/main/main780.jpg,출퇴근용|영업용,N,SELL,더 뉴 싼타페 2021±1 / 같은 세대·연료·엔진(트림 등급 섞임),9,2310,84031,0.0952,-0.1778,같은 세대·연료·엔진(트림 등급 섞임),,39.3
EC61362000,https://www.kcar.com/bc/detail/carInfoDtl?i_sCarCd=EC61362000,현대,더 뉴 싼타페,싼타페,현대 더 뉴 싼타페 디젤 2.2 4WD 프레스티지,디젤 2.2 4WD 프레스티지,디젤,디젤 2.2 4WD,2020-11,2020,2021,89839,2090,,2239,디젤,디젤,오토,2151,5,SUV,SUV,무사고,,,후방카메라|후방센서|전방센서|자동긴급제동|차선이탈경보|스마트크루즈|타이어공기압경고|차체자세제어|경사로밀림방지|전자식파킹브레이크|통풍시트|열선시트|스마트키|내비|크루즈|전동시트|하이패스,4,자동긴급제동|차선이탈경보|스마트크루즈,3,3,분당용인직영점 경기/인천,,,https://img.kcar.com/carpicture/carpicture06/pic6136/kcarM_61362000_045.jpg,출퇴근용|영업용,N,SELL,더 뉴 싼타페 2020±1 / 같은 세대·연료·배기량·트림,5,2310,84031,0.0952,-0.0691,같은 세대·연료·배기량·트림,,39.3
EC61404616,https://www.kcar.com/bc/detail/carInfoDtl?i_sCarCd=EC61404616,기아,K5 3세대,K5,기아 K5 3세대 가솔린 2.0 노블레스,가솔린 2.0 노블레스,가솔린,가솔린 2.0,2021-07,2021,2021,63305,2160,,2314,가솔린,가솔린,오토,1999,5,세단,중형차,무사고,,,후방카메라|전방카메라|어라운드뷰|후방센서|전방센서|자동긴급제동|후측방경보|차선이탈경보|스마트크루즈|헤드업디스플레이|타이어공기압경고|차체자세제어|전자식파킹브레이크|통풍시트|열선시트|스마트키|내비|크루즈|전동시트|하이패스,4,자동긴급제동|후측방경보|차선이탈경보|스마트크루즈,4,5,서대구직영점 경북,,,https://img.kcar.com/carpicture/carpicture10/pic6140/kcarM_61404616_045.jpg,,N,SELL,K5 3세대 2021±1 / 같은 세대·연료·배기량·트림,12,1775.0,73406,-0.2169,0.1376,같은 세대·연료·배기량·트림,,39.2
EC61409396,https://www.kcar.com/bc/detail/carInfoDtl?i_sCarCd=EC61409396,현대,아반떼 (CN7),아반떼,현대 아반떼 (CN7) 가솔린 1.6 모던,가솔린 1.6 모던,가솔린,가솔린 1.6,2020-12,2020,2021,96841,1390,,1490,가솔린,가솔린,오토,1598,5,세단,준중형차,무사고,,,후방카메라|후방센서|자동긴급제동|차선이탈경보|타이어공기압경고|차체자세제어|경사로밀림방지|통풍시트|열선시트|스마트키|내비|크루즈|하이패스,4,자동긴급제동|차선이탈경보,2,2,부산직영점 경남,,,https://img.kcar.com/carpicture/carpicture10/pic6140/kcarM_61409396_045.jpg,,N,SELL,아반떼 (CN7) 2020±1 / 같은 세대·연료·배기량·트림,13,1480,83495,0.0608,-0.1598,같은 세대·연료·배기량·트림,,39.1
EC61402357,https://www.kcar.com/bc/detail/carInfoDtl?i_sCarCd=EC61402357,기아,K5 3세대,K5,기아 K5 3세대 가솔린 2.0 시그니처,가솔린 2.0 시그니처,가솔린,가솔린 2.0,2020-08,2020,2020,56704,1950,,2090,가솔린,가솔린,오토,1999,5,세단,중형차,단순수리,,,후방카메라|전방카메라|어라운드뷰|후방센서|전방센서|자동긴급제동|후측방경보|차선이탈경보|스마트크루즈|헤드업디스플레이|타이어공기압경고|차체자세제어|전자식파킹브레이크|통풍시트|열선시트|스마트키|내비|크루즈|선루프|전동시트|하이패스|무선충전,4,자동긴급제동|후측방경보|차선이탈경보|스마트크루즈,4,5,안성직영점 경기/인천,,,https://img.kcar.com/3dcarpicture/2026/08/167/61402357_1/main/main780.jpg,,N,SELL,K5 3세대 2020±1 / 같은 세대·연료·배기량·트림,3,1950,79396,0.0,0.2858,같은 세대·연료·배기량·트림,,39.1
EC61401897,https://www.kcar.com/bc/detail/carInfoDtl?i_sCarCd=EC61401897,현대,투싼 (4세대),투싼,현대 투싼 (4세대) 2.0 디젤 프리미엄,2.0 디젤 프리미엄,2.0,2.0 디젤,2022-11,2022,2023,50320,2180,,2336,디젤,디젤,오토,1998,5,SUV,SUV,무사고,,,후방카메라|후방센서|전방센서|자동긴급제동|후측방경보|차선이탈경보|스마트크루즈|타이어공기압경고|차체자세제어|전자식파킹브레이크|통풍시트|열선시트|스마트키|내비|크루즈|하이패스,4,자동긴급제동|후측방경보|차선이탈경보|스마트크루즈,4,3,경인직영점 경기/인천,,,https://img.kcar.com/3dcarpicture/2026/08/142/61401897_1/main/main780.jpg,출퇴근용|영업용,N,SELL,투싼 (4세대) 2022±1 / 같은 세대·연료·배기량·트림,5,2160,63731,-0.0093,0.2104,같은 세대·연료·배기량·트림,,39.0
EC61396834,https://www.kcar.com/bc/detail/carInfoDtl?i_sCarCd=EC61396834,기아,쏘렌토 4세대,쏘렌토,기아 쏘렌토 4세대 가솔린 2.5 2WD 트렌디,가솔린 2.5 2WD 트렌디,가솔린,가솔린 2.5 2WD,2023-04,2023,2023,51024,2090,,2239,가솔린,가솔린,오토,2497,5,SUV,SUV,단순수리,,,후방카메라|후방센서|전방센서|자동긴급제동|차선이탈경보|타이어공기압경고|차체자세제어|전자식파킹브레이크|열선시트|스마트키|크루즈,4,자동긴급제동|차선이탈경보,2,3,일산직영점 경기/인천,,,https://img.kcar.com/carpicture/carpicture09/pic6139/kcarM_61396834_045.jpg,,N,SELL,쏘렌토 4세대 2023±1 / 같은 세대·연료·엔진(트림 등급 섞임),4,2440.0,46488,0.1434,-0.0976,같은 세대·연료·엔진(트림 등급 섞임),,39.0
EC61406496,https://www.kcar.com/bc/detail/carInfoDtl?i_sCarCd=EC61406496,현대,더 뉴 코나,코나,현대 더 뉴 코나 가솔린 터보 1.6 2WD 스마트,가솔린 터보 1.6 2WD 스마트,가솔린,가솔린 터보 1.6 2WD,2021-04,2021,2021,35672,1510,,1619,가솔린,가솔린,오토,1598,5,SUV,SUV,단순수리,,,후방센서|차선이탈경보|타이어공기압경고|차체자세제어|크루즈,4,차선이탈경보,1,1,해운대직영점 경남,,,https://img.kcar.com/carpicture/carpicture10/pic6140/kcarM_61406496_045.jpg,,N,SELL,더 뉴 코나 2021±1 / 같은 세대·연료·엔진(트림 등급 섞임),9,1840,36798,0.1793,0.0306,같은 세대·연료·엔진(트림 등급 섞임),,38.9
EC61408847,https://www.kcar.com/bc/detail/carInfoDtl?i_sCarCd=EC61408847,현대,더 뉴 싼타페,싼타페,현대 더 뉴 싼타페 디젤 2.2 2WD 프레스티지,디젤 2.2 2WD 프레스티지,디젤,디젤 2.2 2WD,2021-07,2021,2021,67419,2170,,2325,디젤,디젤,오토,2151,5,SUV,SUV,무사고,,,후방카메라|후방센서|전방센서|자동긴급제동|후측방경보|차선이탈경보|스마트크루즈|타이어공기압경고|차체자세제어|경사로밀림방지|전자식파킹브레이크|통풍시트|열선시트|스마트키|내비|크루즈|전동시트|하이패스,4,자동긴급제동|후측방경보|차선이탈경보|스마트크루즈,4,3,청주직영점 충북,,,https://img.kcar.com/3dcarpicture/2026/09/114/61408847_1/main/main780.jpg,출퇴근용|영업용,N,SELL,더 뉴 싼타페 2021±1 / 같은 세대·연료·배기량·트림,34,2205.0,80689,0.0159,0.1645,같은 세대·연료·배기량·트림,,38.4
EC61406788,https://www.kcar.com/bc/detail/carInfoDtl?i_sCarCd=EC61406788,기아,K5 3세대,K5,기아 K5 3세대 가솔린 2.0 프레스티지,가솔린 2.0 프레스티지,가솔린,가솔린 2.0,2021-08,2021,2022,77427,1780,,1908,가솔린,가솔린,오토,1999,5,세단,중형차,무사고,,,후방카메라|후방센서|전방센서|자동긴급제동|차선이탈경보|타이어공기압경고|차체자세제어|전자식파킹브레이크|통풍시트|열선시트|스마트키|내비|크루즈|전동시트|하이패스,4,자동긴급제동|차선이탈경보,2,3,홈서비스 메가센터 홈서비스 메가센터,,,https://img.kcar.com/3dcarpicture/2026/09/173/61406788_1/main/main780.jpg,,N,SELL,K5 3세대 2021±1 / 같은 세대·연료·배기량·트림,10,1650.0,88561,-0.0788,0.1257,같은 세대·연료·배기량·트림,,38.4
EC61408788,https://www.kcar.com/bc/detail/carInfoDtl?i_sCarCd=EC61408788,제네시스,G70,G70,제네시스 G70 2.0T 엘리트,2.0T 엘리트,2.0T,2.0T,2020-05,2020,2020,80951,2020,,2164,가솔린,가솔린,오토,1998,5,세단,중형차,무사고,,,후방카메라|후방센서|전방센서|자동긴급제동|후측방경보|차선이탈경보|스마트크루즈|타이어공기압경고|차체자세제어|전자식파킹브레이크|통풍시트|열선시트|스마트키|내비|크루즈|전동시트|하이패스|무선충전,4,자동긴급제동|후측방경보|차선이탈경보|스마트크루즈,4,3,서부산직영점 경남,,,https://img.kcar.com/3dcarpicture/2026/09/116/61408788_1/main/main780.jpg,,N,SELL,G70 2020±1 / 같은 세대·연료·배기량·트림,14,1870.0,92472,-0.0802,0.1246,같은 세대·연료·배기량·트림,,38.3
EC61392823,https://www.kcar.com/bc/detail/carInfoDtl?i_sCarCd=EC61392823,제네시스,G70,G70,제네시스 G70 2.0T AWD 엘리트,2.0T AWD 엘리트,2.0T,2.0T AWD,2020-04,2020,2020,61296,1920,,2057,가솔린,가솔린,오토,1998,5,세단,중형차,단순수리,,,후방카메라|후방센서|전방센서|자동긴급제동|후측방경보|차선이탈경보|스마트크루즈|타이어공기압경고|차체자세제어|전자식파킹브레이크|통풍시트|열선시트|스마트키|내비|크루즈|전동시트|하이패스,4,자동긴급제동|후측방경보|차선이탈경보|스마트크루즈,4,3,경기서부직영점 경기/인천,,,https://img.kcar.com/3dcarpicture/2026/07/143/61392823_1/main/main780.jpg,,N,SELL,G70 2020±1 / 같은 세대·연료·배기량·트림,4,1900.0,84318,-0.0105,0.273,같은 세대·연료·배기량·트림,,38.2
EC61398872,https://www.kcar.com/bc/detail/carInfoDtl?i_sCarCd=EC61398872,현대,투싼 (4세대),투싼,현대 투싼 (4세대) 1.6 터보 모던,1.6 터보 모던,1.6,1.6 터보,2021-06,2021,2021,60193,1950,,2090,가솔린,가솔린,오토,1598,5,SUV,SUV,무사고,,,후방카메라|후방센서|자동긴급제동|후측방경보|차선이탈경보|스마트크루즈|타이어공기압경고|차체자세제어|전자식파킹브레이크|통풍시트|열선시트|스마트키|내비|크루즈|하이패스,4,자동긴급제동|후측방경보|차선이탈경보|스마트크루즈,4,2,화성직영점 경기/인천,,,https://img.kcar.com/3dcarpicture/2026/08/175/61398872_2/main/main780.jpg,,N,SELL,투싼 (4세대) 2021±1 / 같은 세대·연료·배기량·트림,13,1900,68466,-0.0263,0.1208,같은 세대·연료·배기량·트림,,38.1
EC61386497,https://www.kcar.com/bc/detail/carInfoDtl?i_sCarCd=EC61386497,현대,더 뉴 그랜저,그랜저,현대 더 뉴 그랜저 가솔린 2.5 프리미엄 초이스,가솔린 2.5 프리미엄 초이스,가솔린,가솔린 2.5,2020-01,2020,2020,70725,1820,,1950,가솔린,가솔린,오토,2497,5,세단,대형차,단순수리,,,후방카메라|후방센서|전방센서|자동긴급제동|후측방경보|차선이탈경보|스마트크루즈|타이어공기압경고|차체자세제어|경사로밀림방지|전자식파킹브레이크|통풍시트|열선시트|스마트키|내비|크루즈|전동시트|하이패스|무선충전,4,자동긴급제동|후측방경보|차선이탈경보|스마트크루즈,4,3,용인직영점 경기/인천,,,https://img.kcar.com/3dcarpicture/2026/07/140/61386497_3/main/main780.jpg,,N,SELL,더 뉴 그랜저 2020±1 / 같은 세대·연료·배기량·트림,27,1850,92248,0.0162,0.2333,같은 세대·연료·배기량·트림,,38.0
EC61402874,https://www.kcar.com/bc/detail/carInfoDtl?i_sCarCd=EC61402874,현대,올 뉴 투싼 TL,투싼,현대 올 뉴 투싼 TL 가솔린 1.6 터보 2WD 베스트 초이스,가솔린 1.6 터보 2WD 베스트 초이스,가솔린,가솔린 1.6 터보 2WD,2020-03,2020,2020,92439,1610,,1726,가솔린,가솔린,오토,1591,5,SUV,SUV,무사고,,,후방카메라|후방센서|자동긴급제동|후측방경보|차선이탈경보|스마트크루즈|타이어공기압경고|차체자세제어|전자식파킹브레이크|통풍시트|열선시트|스마트키|내비|크루즈|전동시트|하이패스,4,자동긴급제동|후측방경보|차선이탈경보|스마트크루즈,4,2,고양직영점 경기/인천,,,https://img.kcar.com/carpicture/carpicture10/pic6140/kcarM_61402874_045.jpg,,N,SELL,올 뉴 투싼 TL 2020±1 / 같은 세대·연료·엔진(트림 등급 섞임),22,1700.0,85766,0.0529,-0.0778,같은 세대·연료·엔진(트림 등급 섞임),,37.9
EC61405961,https://www.kcar.com/bc/detail/carInfoDtl?i_sCarCd=EC61405961,기아,더 뉴 셀토스,셀토스,기아 더 뉴 셀토스 가솔린 터보 1.6 2WD 트렌디,가솔린 터보 1.6 2WD 트렌디,가솔린,가솔린 터보 1.6 2WD,2023-08,2023,2024,57376,2070,,2218,가솔린,가솔린,오토,1598,5,SUV,SUV,무사고,,,후방카메라|후방센서|자동긴급제동|후측방경보|차선이탈경보|스마트크루즈|타이어공기압경고|차체자세제어|전자식파킹브레이크|열선시트|스마트키|내비|크루즈|하이패스,4,자동긴급제동|후측방경보|차선이탈경보|스마트크루즈,4,2,원주직영점 강원,,,https://img.kcar.com/carpicture/carpicture10/pic6140/kcarM_61405961_045.jpg,,N,SELL,더 뉴 셀토스 2023±1 / 같은 세대·연료·배기량·트림,8,2185.0,27991,0.0526,-1.0498,같은 세대·연료·배기량·트림,,37.9
EC61408454,https://www.kcar.com/bc/detail/carInfoDtl?i_sCarCd=EC61408454,현대,투싼 (4세대),투싼,현대 투싼 (4세대) 1.6 터보 AWD 프리미엄,1.6 터보 AWD 프리미엄,1.6,1.6 터보 AWD,2021-04,2021,2021,71761,2180,,2336,가솔린,가솔린,오토,1598,5,SUV,SUV,무사고,,,후방카메라|후방센서|전방센서|자동긴급제동|후측방경보|차선이탈경보|스마트크루즈|타이어공기압경고|차체자세제어|경사로밀림방지|전자식파킹브레이크|통풍시트|열선시트|스마트키|내비|크루즈|하이패스,4,자동긴급제동|후측방경보|차선이탈경보|스마트크루즈,4,3,대구직영점 경북,,,https://img.kcar.com/carpicture/carpicture10/pic6140/kcarM_61408454_045.jpg,,N,SELL,투싼 (4세대) 2021±1 / 같은 세대·연료·엔진(트림 등급 섞임),4,2300.0,65096,0.0522,-0.1024,같은 세대·연료·엔진(트림 등급 섞임),,37.8
EC61398188,https://www.kcar.com/bc/detail/carInfoDtl?i_sCarCd=EC61398188,기아,더 뉴 셀토스,셀토스,기아 더 뉴 셀토스 가솔린 터보 1.6 2WD 트렌디,가솔린 터보 1.6 2WD 트렌디,가솔린,가솔린 터보 1.6 2WD,2022-12,2022,2023,79208,1790,,1918,가솔린,가솔린,오토,1598,5,SUV,SUV,단순수리,,,후방카메라|후방센서|자동긴급제동|후측방경보|차선이탈경보|스마트크루즈|타이어공기압경고|차체자세제어|경사로밀림방지|전자식파킹브레이크|열선시트|스마트키|크루즈|하이패스,4,자동긴급제동|후측방경보|차선이탈경보|스마트크루즈,4,2,김포직영점 경기/인천,,,https://img.kcar.com/3dcarpicture/2026/08/087/61398188_2/main/main780.jpg,,N,SELL,더 뉴 셀토스 2022±1 / 같은 세대·연료·배기량·트림,5,2070,57376,0.1353,-0.3805,같은 세대·연료·배기량·트림,,37.8
EC61405888,https://www.kcar.com/bc/detail/carInfoDtl?i_sCarCd=EC61405888,현대,아반떼 (CN7),아반떼,현대 아반떼 (CN7) 가솔린 1.6 모던,가솔린 1.6 모던,가솔린,가솔린 1.6,2020-09,2020,2021,64994,1450,,1554,가솔린,가솔린,오토,1598,5,세단,준중형차,단순수리,,,후방카메라|후방센서|자동긴급제동|후측방경보|차선이탈경보|스마트크루즈|타이어공기압경고|차체자세제어|전자식파킹브레이크|통풍시트|열선시트|스마트키|내비|크루즈,4,자동긴급제동|후측방경보|차선이탈경보|스마트크루즈,4,2,영등포직영점 서울,,,https://img.kcar.com/carpicture/carpicture10/pic6140/kcarM_61405888_045.jpg,,N,SELL,아반떼 (CN7) 2020±1 / 같은 세대·연료·배기량·트림,13,1480,83495,0.0203,0.2216,같은 세대·연료·배기량·트림,,37.8
EC61403381,https://www.kcar.com/bc/detail/carInfoDtl?i_sCarCd=EC61403381,현대,더 뉴 싼타페,싼타페,현대 더 뉴 싼타페 디젤 2.2 2WD 프리미엄 초이스,디젤 2.2 2WD 프리미엄 초이스,디젤,디젤 2.2 2WD,2021-04,2021,2021,94678,1850,,1983,디젤,디젤,오토,2151,5,SUV,SUV,단순수리,,,후방카메라|후방센서|전방센서|자동긴급제동|차선이탈경보|타이어공기압경고|차체자세제어|경사로밀림방지|전자식파킹브레이크|통풍시트|열선시트|스마트키|내비|크루즈|전동시트|하이패스,4,자동긴급제동|차선이탈경보,2,3,청주직영점 충북,,,https://img.kcar.com/3dcarpicture/2026/08/114/61403381_1/main/main780.jpg,출퇴근용|영업용,N,SELL,더 뉴 싼타페 2021±1 / 같은 세대·연료·엔진(트림 등급 섞임),39,2180,83120,0.1514,-0.1391,같은 세대·연료·엔진(트림 등급 섞임),,37.7
EC61410137,https://www.kcar.com/bc/detail/carInfoDtl?i_sCarCd=EC61410137,기아,더 뉴 셀토스,셀토스,기아 더 뉴 셀토스 가솔린 터보 1.6 2WD 프레스티지,가솔린 터보 1.6 2WD 프레스티지,가솔린,가솔린 터보 1.6 2WD,2022-11,2022,2023,81943,2120,,2271,가솔린,가솔린,오토,1598,5,SUV,SUV,무사고,,,후방카메라|전방카메라|어라운드뷰|후방센서|전방센서|자동긴급제동|후측방경보|차선이탈경보|스마트크루즈|타이어공기압경고|차체자세제어|경사로밀림방지|전자식파킹브레이크|통풍시트|열선시트|스마트키|내비|크루즈|전동시트|하이패스|무선충전,4,자동긴급제동|후측방경보|차선이탈경보|스마트크루즈,4,5,원주직영점 강원,,,https://img.kcar.com/carpicture/carpicture01/pic6141/kcarM_61410137_045.jpg,,N,SELL,더 뉴 셀토스 2022±1 / 같은 세대·연료·배기량·트림,4,2235.0,50595,0.0515,-0.6196,같은 세대·연료·배기량·트림,,37.7
EC61397824,https://www.kcar.com/bc/detail/carInfoDtl?i_sCarCd=EC61397824,기아,더 뉴 K3 2세대,K3,기아 더 뉴 K3 2세대 트렌디 ,트렌디,트렌디,트렌디,2021-09,2021,2022,92661,1310,,1405,가솔린,가솔린,오토,1598,5,세단,준중형차,무사고,,,후방카메라|후방센서|자동긴급제동|차선이탈경보|타이어공기압경고|차체자세제어|열선시트|스마트키|내비|크루즈|하이패스,4,자동긴급제동|차선이탈경보,2,2,오산동탄직영점 경기/인천,,,https://img.kcar.com/3dcarpicture/2026/08/093/61397824_1/main/main780.jpg,,N,SELL,더 뉴 K3 2세대 2021±1 / 같은 세대·연료·배기량·트림,11,1380,70619,0.0507,-0.3121,같은 세대·연료·배기량·트림,,37.6
EC61406041,https://www.kcar.com/bc/detail/carInfoDtl?i_sCarCd=EC61406041,기아,셀토스,셀토스,기아 셀토스 가솔린 터보 1.6 2WD 노블레스,가솔린 터보 1.6 2WD 노블레스,가솔린,가솔린 터보 1.6 2WD,2020-04,2020,2020,37260,1890,,2025,가솔린,가솔린,오토,1591,5,SUV,SUV,단순수리,,,후방카메라|후방센서|전방센서|자동긴급제동|후측방경보|차선이탈경보|스마트크루즈|타이어공기압경고|차체자세제어|전자식파킹브레이크|통풍시트|열선시트|내비|크루즈|전동시트|하이패스,4,자동긴급제동|후측방경보|차선이탈경보|스마트크루즈,4,3,경기서부직영점 경기/인천,,,https://img.kcar.com/3dcarpicture/2026/09/143/61406041_1/main/main780.jpg,,N,SELL,셀토스 2020±1 / 같은 세대·연료·배기량·트림,6,1650.0,74650,-0.1455,0.5009,같은 세대·연료·배기량·트림,,37.5
EC61397340,https://www.kcar.com/bc/detail/carInfoDtl?i_sCarCd=EC61397340,기아,더 뉴 K3 2세대,K3,기아 더 뉴 K3 2세대 트렌디 ,트렌디,트렌디,트렌디,2022-12,2022,2023,18547,1520,,1629,가솔린,가솔린,오토,1598,5,세단,준중형차,단순수리,,,후방카메라|후방센서|자동긴급제동|타이어공기압경고|차체자세제어|열선시트|스마트키|크루즈|하이패스,4,자동긴급제동,1,2,해운대직영점 경남,,,https://img.kcar.com/carpicture/carpicture09/pic6139/kcarM_61397340_045.jpg,,N,SELL,더 뉴 K3 2세대 2022±1 / 같은 세대·연료·배기량·트림,14,1380.0,70772,-0.1014,0.7379,같은 세대·연료·배기량·트림,,37.5
EC61409164,https://www.kcar.com/bc/detail/carInfoDtl?i_sCarCd=EC61409164,기아,더 뉴 K3 GT 2세대,K3,기아 더 뉴 K3 GT 2세대 1.6 터보 5도어 시그니처,1.6 터보 5도어 시그니처,1.6,1.6 터보 5도어,2022-04,2022,2022,45186,1920,,2057,가솔린,가솔린,오토,1591,5,해치백,준중형차,단순수리,,,후방카메라|후방센서|전방센서|자동긴급제동|후측방경보|차선이탈경보|스마트크루즈|타이어공기압경고|차체자세제어|전자식파킹브레이크|통풍시트|열선시트|스마트키|내비|크루즈|전동시트|하이패스|무선충전,4,자동긴급제동|후측방경보|차선이탈경보|스마트크루즈,4,3,세종공주직영점 충남,,,https://img.kcar.com/carpicture/carpicture10/pic6140/kcarM_61409164_045.jpg,,N,SELL,더 뉴 K3 GT 2세대 2022±1 / 같은 세대·연료·배기량·트림,4,1925.0,60732,0.0026,0.256,같은 세대·연료·배기량·트림,,37.5
EC61410905,https://www.kcar.com/bc/detail/carInfoDtl?i_sCarCd=EC61410905,기아,셀토스,셀토스,기아 셀토스 가솔린 터보 1.6 2WD 시그니처,가솔린 터보 1.6 2WD 시그니처,가솔린,가솔린 터보 1.6 2WD,2021-09,2021,2022,37023,2070,,2218,가솔린,가솔린,오토,1591,5,SUV,SUV,단순수리,,,후방카메라|후방센서|전방센서|후측방경보|차선이탈경보|스마트크루즈|타이어공기압경고|차체자세제어|통풍시트|열선시트|스마트키|내비|크루즈|전동시트|하이패스,4,후측방경보|차선이탈경보|스마트크루즈,3,3,세종공주직영점 충남,,,https://img.kcar.com/carpicture/carpicture01/pic6141/kcarM_61410905_045.jpg,,N,SELL,셀토스 2021±1 / 같은 세대·연료·배기량·트림,13,1990,50108,-0.0402,0.2611,같은 세대·연료·배기량·트림,,37.4
EC61405462,https://www.kcar.com/bc/detail/carInfoDtl?i_sCarCd=EC61405462,현대,아반떼 하이브리드 (CN7),아반떼,현대 아반떼 하이브리드 (CN7) 법인전용 ,법인전용,법인전용,법인전용,2023-02,2023,2023,41563,1760,,1886,하이브리드,가솔린+전기,오토,1580,5,세단,준중형차,무사고,,,후방센서|자동긴급제동|차선이탈경보|스마트크루즈|타이어공기압경고|차체자세제어|전자식파킹브레이크|열선시트|스마트키|크루즈|하이패스,4,자동긴급제동|차선이탈경보|스마트크루즈,3,1,포천직영점 경기/인천,,,https://img.kcar.com/3dcarpicture/2026/08/145/61405462_1/main/main780.jpg,영업용,N,SELL,아반떼 하이브리드 (CN7) 2023±1 / 같은 세대·연료·배기량·트림,6,1755.0,46657,-0.0028,0.1092,같은 세대·연료·배기량·트림,,37.3
EC61411675,https://www.kcar.com/bc/detail/carInfoDtl?i_sCarCd=EC61411675,현대,더 뉴 그랜저,그랜저,현대 더 뉴 그랜저 가솔린 2.5 프리미엄,가솔린 2.5 프리미엄,가솔린,가솔린 2.5,2020-05,2020,2020,68709,1970,,2111,가솔린,가솔린,오토,2497,5,세단,대형차,단순수리,,,후방카메라|후방센서|전방센서|자동긴급제동|후측방경보|차선이탈경보|스마트크루즈|타이어공기압경고|차체자세제어|전자식파킹브레이크|열선시트|스마트키|내비|크루즈|전동시트|하이패스,4,자동긴급제동|후측방경보|차선이탈경보|스마트크루즈,4,3,천안직영점 충남,,,https://img.kcar.com/carpicture/carpicture01/pic6141/kcarM_61411675_045.jpg,,N,SELL,더 뉴 그랜저 2020±1 / 같은 세대·연료·배기량·트림,12,1970.0,92169,0.0,0.2545,같은 세대·연료·배기량·트림,,37.0
EC61406159,https://www.kcar.com/bc/detail/carInfoDtl?i_sCarCd=EC61406159,기아,K5 3세대,K5,기아 K5 3세대 가솔린 2.0 시그니처,가솔린 2.0 시그니처,가솔린,가솔린 2.0,2020-01,2020,2020,98235,1730,,1854,가솔린,가솔린,오토,1999,5,세단,중형차,단순수리,,,후방카메라|전방카메라|어라운드뷰|후방센서|전방센서|자동긴급제동|후측방경보|차선이탈경보|스마트크루즈|타이어공기압경고|차체자세제어|경사로밀림방지|전자식파킹브레이크|통풍시트|열선시트|스마트키|내비|크루즈|전동시트|하이패스,4,자동긴급제동|후측방경보|차선이탈경보|스마트크루즈,4,5,대구직영점 경북,,,https://img.kcar.com/carpicture/carpicture10/pic6140/kcarM_61406159_045.jpg,,N,SELL,K5 3세대 2020±1 / 같은 세대·연료·배기량·트림,3,1950,79396,0.1128,-0.2373,같은 세대·연료·배기량·트림,,36.9
EC61389275,https://www.kcar.com/bc/detail/carInfoDtl?i_sCarCd=EC61389275,제네시스,G70,G70,제네시스 G70 2.0T 엘리트,2.0T 엘리트,2.0T,2.0T,2020-02,2020,2020,83205,2080,,2229,가솔린,가솔린,오토,1998,5,세단,중형차,무사고,,,후방카메라|후방센서|전방센서|자동긴급제동|후측방경보|차선이탈경보|스마트크루즈|타이어공기압경고|차체자세제어|경사로밀림방지|전자식파킹브레이크|통풍시트|열선시트|스마트키|내비|크루즈|전동시트|하이패스|무선충전,4,자동긴급제동|후측방경보|차선이탈경보|스마트크루즈,4,3,대전유성직영점 충남,,,https://img.kcar.com/3dcarpicture/2026/08/148/61389275_1/main/main780.jpg,,N,SELL,G70 2020±1 / 같은 세대·연료·배기량·트림,14,1870.0,92472,-0.1123,0.1002,같은 세대·연료·배기량·트림,,36.7
EC61409368,https://www.kcar.com/bc/detail/carInfoDtl?i_sCarCd=EC61409368,현대,더 뉴 그랜저,그랜저,현대 더 뉴 그랜저 가솔린 2.5 프리미엄 초이스,가솔린 2.5 프리미엄 초이스,가솔린,가솔린 2.5,2020-12,2020,2021,83046,2080,,2229,가솔린,가솔린,오토,2497,5,세단,대형차,무사고,,,후방카메라|후방센서|전방센서|자동긴급제동|후측방경보|차선이탈경보|스마트크루즈|타이어공기압경고|차체자세제어|경사로밀림방지|전자식파킹브레이크|통풍시트|열선시트|스마트키|내비|크루즈|선루프|전동시트|하이패스|무선충전,4,자동긴급제동|후측방경보|차선이탈경보|스마트크루즈,4,3,인천직영점 경기/인천,,,https://img.kcar.com/carpicture/carpicture10/pic6140/kcarM_61409368_045.jpg,,N,SELL,더 뉴 그랜저 2020±1 / 같은 세대·연료·배기량·트림,27,1850,92248,-0.1243,0.0998,같은 세대·연료·배기량·트림,,36.7
EC61389201,https://www.kcar.com/bc/detail/carInfoDtl?i_sCarCd=EC61389201,기아,디 올 뉴 스포티지,스포티지,기아 디 올 뉴 스포티지 2.0 디젤 AWD 트렌디,2.0 디젤 AWD 트렌디,2.0,2.0 디젤 AWD,2022-01,2022,2022,21274,1940,,2079,디젤,디젤,오토,1998,5,SUV,SUV,단순수리,,,후방카메라|후방센서|차선이탈경보|타이어공기압경고|차체자세제어|경사로밀림방지|전자식파킹브레이크|열선시트|스마트키|크루즈|하이패스,4,차선이탈경보,1,2,고양직영점 경기/인천,,,https://img.kcar.com/carpicture/carpicture08/pic6138/kcarM_61389201_045.jpg,출퇴근용|영업용,N,SELL,디 올 뉴 스포티지 2022±1 / 같은 세대·연료·배기량·트림,10,2145.0,24917,0.0956,0.1462,같은 세대·연료·배기량·트림,,36.6
EC61406259,https://www.kcar.com/bc/detail/carInfoDtl?i_sCarCd=EC61406259,기아,올 뉴 K3,K3,기아 올 뉴 K3 스탠다드 ,스탠다드,스탠다드,스탠다드,2021-05,2021,2021,39583,1190,,1276,가솔린,가솔린,오토,1598,5,세단,준중형차,단순수리,,,후방카메라|후방센서|자동긴급제동|차선이탈경보|타이어공기압경고|차체자세제어|열선시트|스마트키|내비|크루즈,4,자동긴급제동|차선이탈경보,2,2,영등포직영점 서울,,,https://img.kcar.com/carpicture/carpicture10/pic6140/kcarM_61406259_045.jpg,,N,SELL,올 뉴 K3 2021±1 / 같은 세대·연료·배기량(트림 섞임),3,1290,42800,0.0775,0.0752,같은 세대·연료·배기량(트림 섞임),,36.6
EC61390759,https://www.kcar.com/bc/detail/carInfoDtl?i_sCarCd=EC61390759,기아,K5 3세대,K5,기아 K5 3세대 가솔린 2.0 트렌디,가솔린 2.0 트렌디,가솔린,가솔린 2.0,2020-07,2020,2020,86372,1380,,1480,가솔린,가솔린,오토,1999,5,세단,중형차,단순수리,,,후방카메라|후방센서|자동긴급제동|차선이탈경보|타이어공기압경고|차체자세제어|경사로밀림방지|전자식파킹브레이크|열선시트|스마트키|내비|크루즈|하이패스,4,자동긴급제동|차선이탈경보,2,2,서초직영점 서울,,,https://img.kcar.com/carpicture/carpicture09/pic6139/kcarM_61390759_045.jpg,,N,SELL,K5 3세대 2020±1 / 같은 세대·연료·배기량·트림,3,1550,62808,0.1097,-0.3752,같은 세대·연료·배기량·트림,,36.5
EC61407373,https://www.kcar.com/bc/detail/carInfoDtl?i_sCarCd=EC61407373,기아,스토닉,스토닉,기아 스토닉 1.4 가솔린 디럭스,1.4 가솔린 디럭스,1.4,1.4 가솔린,2020-02,2020,2020,55294,1190,,1276,가솔린,가솔린,오토,1368,5,SUV,SUV,단순수리,,,후방카메라|후방센서|타이어공기압경고|차체자세제어|열선시트|내비|크루즈|하이패스,4,,0,2,안성직영점 경기/인천,,,https://img.kcar.com/3dcarpicture/2026/09/167/61407373_1/main/main780.jpg,,N,SELL,스토닉 2020±1 / 같은 세대·연료·배기량·트림,3,990,76996,-0.202,0.2819,같은 세대·연료·배기량·트림,,36.3
EC61379981,https://www.kcar.com/bc/detail/carInfoDtl?i_sCarCd=EC61379981,기아,디 올 뉴 스포티지,스포티지,기아 디 올 뉴 스포티지 2.0 디젤 2WD 노블레스 그래비티,2.0 디젤 2WD 노블레스 그래비티,2.0,2.0 디젤 2WD,2023-04,2023,2023,91591,2120,,2271,디젤,디젤,오토,1998,5,SUV,SUV,무사고,,,후방카메라|후방센서|전방센서|자동긴급제동|후측방경보|차선이탈경보|스마트크루즈|타이어공기압경고|차체자세제어|전자식파킹브레이크|통풍시트|열선시트|스마트키|내비|크루즈|전동시트|하이패스|무선충전,4,자동긴급제동|후측방경보|차선이탈경보|스마트크루즈,4,3,광주수완직영점 전남,,,https://img.kcar.com/3dcarpicture/2026/07/081/61379981_2/main/main780.jpg,출퇴근용|영업용,N,SELL,디 올 뉴 스포티지 2023±1 / 같은 세대·연료·배기량·트림,3,2290,91591,0.0742,0.0,같은 세대·연료·배기량·트림,,36.1
EC61395254,https://www.kcar.com/bc/detail/carInfoDtl?i_sCarCd=EC61395254,기아,스토닉,스토닉,기아 스토닉 1.4 가솔린 트렌디,1.4 가솔린 트렌디,1.4,1.4 가솔린,2020-09,2020,2020,68729,1250,,1340,가솔린,가솔린,오토,1368,5,SUV,SUV,무사고,,,타이어공기압경고|차체자세제어|스마트키|내비|크루즈|하이패스,4,,0,0,서초직영점 서울,,,https://img.kcar.com/carpicture/carpicture09/pic6139/kcarM_61395254_045.jpg,,N,SELL,스토닉 2020±1 / 같은 세대·연료·배기량·트림,6,1130.0,82273,-0.1062,0.1646,같은 세대·연료·배기량·트림,,36.0
EC61378660,https://www.kcar.com/bc/detail/carInfoDtl?i_sCarCd=EC61378660,현대,쏘나타 DN8,쏘나타,현대 쏘나타 DN8 1.6 터보 프리미엄 플러스,1.6 터보 프리미엄 플러스,1.6,1.6 터보,2022-04,2022,2022,49214,1980,,2122,가솔린,가솔린,오토,1598,5,세단,중형차,무사고,,,후방카메라|후방센서|전방센서|자동긴급제동|후측방경보|차선이탈경보|타이어공기압경고|차체자세제어|전자식파킹브레이크|통풍시트|열선시트|스마트키|내비|크루즈|선루프|전동시트|하이패스,4,자동긴급제동|후측방경보|차선이탈경보,3,3,일산직영점 경기/인천,,,https://img.kcar.com/carpicture/carpicture07/pic6137/kcarM_61378660_045.jpg,,N,SELL,쏘나타 DN8 2022±1 / 같은 세대·연료·배기량·트림,6,1930.0,54074,-0.0259,0.0899,같은 세대·연료·배기량·트림,,36.0
EC61393114,https://www.kcar.com/bc/detail/carInfoDtl?i_sCarCd=EC61393114,기아,더 뉴 K3 2세대,K3,기아 더 뉴 K3 2세대 프레스티지 ,프레스티지,프레스티지,프레스티지,2024-06,2024,2024,61952,1690,,1811,가솔린,가솔린,오토,1598,5,세단,준중형차,단순수리,,,후방카메라|후방센서|후측방경보|차선이탈경보|스마트크루즈|타이어공기압경고|차체자세제어|전자식파킹브레이크|통풍시트|열선시트|스마트키|내비|크루즈|전동시트|하이패스|무선충전,4,후측방경보|차선이탈경보|스마트크루즈,3,2,안양직영점 경기/인천,,,https://img.kcar.com/carpicture/carpicture09/pic6139/kcarM_61393114_045.jpg,,N,SELL,더 뉴 K3 2세대 2024±1 / 같은 세대·연료·배기량·트림,4,1890.0,44308,0.1058,-0.3982,같은 세대·연료·배기량·트림,,35.9
EC61382302,https://www.kcar.com/bc/detail/carInfoDtl?i_sCarCd=EC61382302,현대,더 뉴 그랜저,그랜저,현대 더 뉴 그랜저 가솔린 2.5 익스클루시브,가솔린 2.5 익스클루시브,가솔린,가솔린 2.5,2020-04,2020,2020,86543,2140,,2293,가솔린,가솔린,오토,2497,5,세단,대형차,무사고,,,후방카메라|전방카메라|어라운드뷰|후방센서|전방센서|후측방경보|차선이탈경보|헤드업디스플레이|타이어공기압경고|차체자세제어|전자식파킹브레이크|통풍시트|열선시트|스마트키|내비|크루즈|전동시트|하이패스|무선충전,4,후측방경보|차선이탈경보,2,5,수원직영점 경기/인천,,,https://img.kcar.com/carpicture/carpicture08/pic6138/kcarM_61382302_045.jpg,,N,SELL,더 뉴 그랜저 2020±1 / 같은 세대·연료·배기량·트림,29,1990,94810,-0.0754,0.0872,같은 세대·연료·배기량·트림,,35.8
EC61381035,https://www.kcar.com/bc/detail/carInfoDtl?i_sCarCd=EC61381035,기아,K8,K8,기아 K8 가솔린 2.5 노블레스,가솔린 2.5 노블레스,가솔린,가솔린 2.5,2021-08,2021,2022,93966,1950,,2090,가솔린,가솔린,오토,2497,5,세단,대형차,단순수리,,,후방카메라|전방카메라|어라운드뷰|후방센서|전방센서|자동긴급제동|차선이탈경보|스마트크루즈|헤드업디스플레이|타이어공기압경고|차체자세제어|전자식파킹브레이크|통풍시트|열선시트|스마트키|내비|크루즈|선루프|전동시트|하이패스|무선충전,4,자동긴급제동|차선이탈경보|스마트크루즈,3,5,김포직영점 경기/인천,,,https://img.kcar.com/3dcarpicture/2026/07/087/61381035_1/main/main780.jpg,,N,SELL,K8 2021±1 / 같은 세대·연료·배기량·트림,23,2180,72945,0.1055,-0.2882,같은 세대·연료·배기량·트림,,35.8
EC61391182,https://www.kcar.com/bc/detail/carInfoDtl?i_sCarCd=EC61391182,기아,K5 3세대,K5,기아 K5 3세대 가솔린 터보 1.6 프레스티지,가솔린 터보 1.6 프레스티지,가솔린,가솔린 터보 1.6,2021-08,2021,2021,64830,1740,,1865,가솔린,가솔린,오토,1598,5,세단,중형차,단순수리,,,후방카메라|후방센서|자동긴급제동|후측방경보|차선이탈경보|스마트크루즈|타이어공기압경고|차체자세제어|전자식파킹브레이크|통풍시트|열선시트|스마트키|내비|크루즈|전동시트|하이패스,4,자동긴급제동|후측방경보|차선이탈경보|스마트크루즈,4,2,오산동탄직영점 경기/인천,,,https://img.kcar.com/3dcarpicture/2026/08/093/61391182_1/main/main780.jpg,,N,SELL,K5 3세대 2021±1 / 같은 세대·연료·배기량·트림,5,1740,84964,0.0,0.237,같은 세대·연료·배기량·트림,,35.8
EC61403416,https://www.kcar.com/bc/detail/carInfoDtl?i_sCarCd=EC61403416,기아,K5 3세대,K5,기아 K5 3세대 가솔린 터보 1.6 노블레스,가솔린 터보 1.6 노블레스,가솔린,가솔린 터보 1.6,2020-06,2020,2020,75292,1630,,1747,가솔린,가솔린,오토,1598,5,세단,중형차,단순수리,,,후방카메라|전방카메라|어라운드뷰|후방센서|전방센서|자동긴급제동|후측방경보|차선이탈경보|스마트크루즈|타이어공기압경고|차체자세제어|전자식파킹브레이크|통풍시트|열선시트|스마트키|내비|크루즈|전동시트|하이패스,4,자동긴급제동|후측방경보|차선이탈경보|스마트크루즈,4,5,청주직영점 충북,,,https://img.kcar.com/3dcarpicture/2026/08/114/61403416_1/main/main780.jpg,,N,SELL,K5 3세대 2020±1 / 같은 세대·연료·배기량·트림,7,1780,78866,0.0843,0.0453,같은 세대·연료·배기량·트림,,35.7
EC61406746,https://www.kcar.com/bc/detail/carInfoDtl?i_sCarCd=EC61406746,현대,쏘나타 DN8,쏘나타,현대 쏘나타 DN8 2.0 가솔린 프리미엄 플러스,2.0 가솔린 프리미엄 플러스,2.0,2.0 가솔린,2022-05,2022,2022,91000,1800,,1929,가솔린,가솔린,오토,1999,5,세단,중형차,무사고,,,후방카메라|후방센서|전방센서|자동긴급제동|후측방경보|차선이탈경보|스마트크루즈|타이어공기압경고|차체자세제어|경사로밀림방지|전자식파킹브레이크|통풍시트|열선시트|스마트키|내비|크루즈|전동시트|하이패스|무선충전,4,자동긴급제동|후측방경보|차선이탈경보|스마트크루즈,4,3,장한평직영점 서울,,,https://img.kcar.com/3dcarpicture/2026/08/095/61406746_1/main/main780.jpg,,N,SELL,쏘나타 DN8 2022±1 / 같은 세대·연료·배기량·트림,17,1870,66118,0.0374,-0.3763,같은 세대·연료·배기량·트림,,35.6
EC61364832,https://www.kcar.com/bc/detail/carInfoDtl?i_sCarCd=EC61364832,기아,K5 3세대,K5,기아 K5 3세대 가솔린 2.0 노블레스,가솔린 2.0 노블레스,가솔린,가솔린 2.0,2020-03,2020,2020,96678,1590,,1704,가솔린,가솔린,오토,1999,5,세단,중형차,단순수리,,,후방카메라|전방카메라|어라운드뷰|후방센서|전방센서|후측방경보|차선이탈경보|스마트크루즈|타이어공기압경고|차체자세제어|경사로밀림방지|전자식파킹브레이크|통풍시트|열선시트|스마트키|내비|크루즈|전동시트|하이패스|무선충전,4,후측방경보|차선이탈경보|스마트크루즈,3,5,대전유성직영점 충남,,,https://img.kcar.com/3dcarpicture/2026/06/148/61364832_2/main/main780.jpg,,N,SELL,K5 3세대 2020±1 / 같은 세대·연료·배기량·트림,12,1775.0,73406,0.1042,-0.317,같은 세대·연료·배기량·트림,,35.6
EC61408421,https://www.kcar.com/bc/detail/carInfoDtl?i_sCarCd=EC61408421,현대,더 뉴 코나,코나,현대 더 뉴 코나 가솔린 터보 1.6 2WD 스마트,가솔린 터보 1.6 2WD 스마트,가솔린,가솔린 터보 1.6 2WD,2021-02,2021,2021,35104,1810,,1940,가솔린,가솔린,오토,1598,5,SUV,SUV,무사고,,,후방카메라|후방센서|전방센서|자동긴급제동|후측방경보|차선이탈경보|스마트크루즈|타이어공기압경고|차체자세제어|경사로밀림방지|전자식파킹브레이크|열선시트|스마트키|내비|크루즈|하이패스,4,자동긴급제동|후측방경보|차선이탈경보|스마트크루즈,4,3,일산직영점 경기/인천,,,https://img.kcar.com/carpicture/carpicture10/pic6140/kcarM_61408421_045.jpg,,N,SELL,더 뉴 코나 2021±1 / 같은 세대·연료·엔진(트림 등급 섞임),9,1840,36798,0.0163,0.046,같은 세대·연료·엔진(트림 등급 섞임),,35.5
EC61400354,https://www.kcar.com/bc/detail/carInfoDtl?i_sCarCd=EC61400354,현대,더 뉴 그랜저,그랜저,현대 더 뉴 그랜저 가솔린 2.5 프리미엄 초이스,가솔린 2.5 프리미엄 초이스,가솔린,가솔린 2.5,2020-07,2020,2020,92248,1660,,1779,가솔린,가솔린,오토,2497,5,세단,대형차,단순수리,,,후방카메라|후방센서|전방센서|후측방경보|차선이탈경보|스마트크루즈|타이어공기압경고|차체자세제어|경사로밀림방지|전자식파킹브레이크|통풍시트|열선시트|스마트키|내비|크루즈|전동시트|하이패스|무선충전,4,후측방경보|차선이탈경보|스마트크루즈,3,3,천안직영점 충남,,,https://img.kcar.com/carpicture/carpicture10/pic6140/kcarM_61400354_045.jpg,,N,SELL,더 뉴 그랜저 2020±1 / 같은 세대·연료·배기량·트림,27,1850,92248,0.1027,0.0,같은 세대·연료·배기량·트림,,35.4
EC61406819,https://www.kcar.com/bc/detail/carInfoDtl?i_sCarCd=EC61406819,현대,더 뉴 그랜저,그랜저,현대 더 뉴 그랜저 가솔린 2.5 익스클루시브,가솔린 2.5 익스클루시브,가솔린,가솔린 2.5,2021-06,2021,2021,72831,2070,,2218,가솔린,가솔린,오토,2497,5,세단,대형차,단순수리,,,후방카메라|전방카메라|어라운드뷰|후방센서|전방센서|후측방경보|차선이탈경보|스마트크루즈|타이어공기압경고|차체자세제어|전자식파킹브레이크|통풍시트|열선시트|스마트키|내비|크루즈|전동시트|하이패스|무선충전,4,후측방경보|차선이탈경보|스마트크루즈,3,5,홈서비스 메가센터 홈서비스 메가센터,,,https://img.kcar.com/3dcarpicture/2026/09/173/61406819_1/main/main780.jpg,,N,SELL,더 뉴 그랜저 2021±1 / 같은 세대·연료·배기량·트림,35,2050,94484,-0.0098,0.2292,같은 세대·연료·배기량·트림,,35.3
EC61400801,https://www.kcar.com/bc/detail/carInfoDtl?i_sCarCd=EC61400801,기아,디 올 뉴 스포티지,스포티지,기아 디 올 뉴 스포티지 2.0 디젤 AWD 트렌디,2.0 디젤 AWD 트렌디,2.0,2.0 디젤 AWD,2022-08,2022,2023,21142,2200,,2357,디젤,디젤,오토,1998,5,SUV,SUV,무사고,,,후방카메라|후방센서|자동긴급제동|차선이탈경보|타이어공기압경고|차체자세제어|경사로밀림방지|전자식파킹브레이크|열선시트|스마트키|내비|크루즈|하이패스,4,자동긴급제동|차선이탈경보,2,2,서대구직영점 경북,,,https://img.kcar.com/carpicture/carpicture10/pic6140/kcarM_61400801_045.jpg,출퇴근용|영업용,N,SELL,디 올 뉴 스포티지 2022±1 / 같은 세대·연료·배기량·트림,10,2145.0,24917,-0.0256,0.1515,같은 세대·연료·배기량·트림,,35.1
EC61407459,https://www.kcar.com/bc/detail/carInfoDtl?i_sCarCd=EC61407459,현대,베뉴,베뉴,현대 베뉴 1.6 스마트 ,1.6 스마트,1.6,1.6 스마트,2020-05,2020,2020,58816,1180,,1266,가솔린,가솔린,오토,1598,5,SUV,SUV,단순수리,,,후방카메라|후방센서|자동긴급제동|차선이탈경보|타이어공기압경고|차체자세제어|크루즈,4,자동긴급제동|차선이탈경보,2,2,경인직영점 경기/인천,,,https://img.kcar.com/3dcarpicture/2026/08/142/61407459_1/main/main780.jpg,,N,SELL,베뉴 2020±1 / 같은 세대·연료·배기량(트림 섞임),6,1200.0,85518,0.0167,0.3122,같은 세대·연료·배기량(트림 섞임),비교군 가격 산포 61% — 시세차를 그대로 믿지 말 것,35.0
EC61398850,https://www.kcar.com/bc/detail/carInfoDtl?i_sCarCd=EC61398850,현대,투싼 (4세대),투싼,현대 투싼 (4세대) 1.6 터보 모던,1.6 터보 모던,1.6,1.6 터보,2022-05,2022,2022,33352,2110,,2261,가솔린,가솔린,오토,1598,5,SUV,SUV,단순수리,,,후방카메라|후방센서|자동긴급제동|차선이탈경보|타이어공기압경고|차체자세제어|경사로밀림방지|전자식파킹브레이크|통풍시트|열선시트|크루즈|하이패스,4,자동긴급제동|차선이탈경보,2,2,분당용인직영점 경기/인천,,,https://img.kcar.com/carpicture/carpicture09/pic6139/kcarM_61398850_045.jpg,,N,SELL,투싼 (4세대) 2022±1 / 같은 세대·연료·배기량·트림,13,1900,68466,-0.1105,0.5129,같은 세대·연료·배기량·트림,,35.0
EC61399532,https://www.kcar.com/bc/detail/carInfoDtl?i_sCarCd=EC61399532,기아,더 뉴 니로,니로,기아 더 뉴 니로 노블레스 스폐셜 ,노블레스 스폐셜,노블레스,노블레스 스폐셜,2020-06,2020,2020,97143,1880,,2015,하이브리드,가솔린+전기,오토,1580,5,SUV,SUV,무사고,,,후방카메라|후방센서|전방센서|자동긴급제동|후측방경보|차선이탈경보|스마트크루즈|타이어공기압경고|차체자세제어|전자식파킹브레이크|통풍시트|열선시트|스마트키|내비|크루즈|선루프|전동시트|하이패스|무선충전,4,자동긴급제동|후측방경보|차선이탈경보|스마트크루즈,4,3,원주직영점 강원,,,https://img.kcar.com/3dcarpicture/2026/08/168/61399532_1/main/main780.jpg,영업용,N,SELL,더 뉴 니로 2020±1 / 같은 세대·연료·배기량·트림,12,1775.0,95571,-0.0592,-0.0164,같은 세대·연료·배기량·트림,,35.0
EC61361820,https://www.kcar.com/bc/detail/carInfoDtl?i_sCarCd=EC61361820,기아,스포티지 더 볼드,스포티지,기아 스포티지 더 볼드 디젤 2.0 2WD 시그니쳐,디젤 2.0 2WD 시그니쳐,디젤,디젤 2.0 2WD,2020-07,2020,2020,41954,1770,,1897,디젤,디젤,오토,1995,5,SUV,SUV,단순수리,,,후방카메라|후방센서|전방센서|자동긴급제동|후측방경보|차선이탈경보|스마트크루즈|타이어공기압경고|차체자세제어|경사로밀림방지|전자식파킹브레이크|통풍시트|열선시트|스마트키|내비|크루즈|전동시트|하이패스,4,자동긴급제동|후측방경보|차선이탈경보|스마트크루즈,4,3,천안직영점 충남,,,https://img.kcar.com/carpicture/carpicture06/pic6136/kcarM_61361820_045.jpg,출퇴근용|영업용,N,SELL,스포티지 더 볼드 2020±1 / 같은 세대·연료·배기량·트림,7,1770,66767,0.0,0.3716,같은 세대·연료·배기량·트림,,35.0
EC61408141,https://www.kcar.com/bc/detail/carInfoDtl?i_sCarCd=EC61408141,기아,더 뉴 니로,니로,기아 더 뉴 니로 노블레스 스폐셜 ,노블레스 스폐셜,노블레스,노블레스 스폐셜,2021-02,2021,2021,94000,1920,,2057,하이브리드,가솔린+전기,오토,1580,5,SUV,SUV,무사고,,,후방카메라|후방센서|전방센서|자동긴급제동|후측방경보|차선이탈경보|스마트크루즈|타이어공기압경고|차체자세제어|전자식파킹브레이크|통풍시트|열선시트|스마트키|내비|크루즈|전동시트|하이패스|무선충전,4,자동긴급제동|후측방경보|차선이탈경보|스마트크루즈,4,3,포천직영점 경기/인천,,,https://img.kcar.com/3dcarpicture/2026/08/145/61408141_1/main/main780.jpg,영업용,N,SELL,더 뉴 니로 2021±1 / 같은 세대·연료·배기량·트림,9,1800,94000,-0.0667,0.0,같은 세대·연료·배기량·트림,,35.0
EC61401529,https://www.kcar.com/bc/detail/carInfoDtl?i_sCarCd=EC61401529,기아,스포티지 더 볼드,스포티지,기아 스포티지 더 볼드 디젤 1.6 2WD 시그니쳐,디젤 1.6 2WD 시그니쳐,디젤,디젤 1.6 2WD,2021-07,2021,2022,50112,1810,,1940,디젤,디젤,오토,1598,5,SUV,SUV,단순수리,,,후방카메라|후방센서|전방센서|자동긴급제동|차선이탈경보|타이어공기압경고|차체자세제어|전자식파킹브레이크|통풍시트|열선시트|스마트키|내비|크루즈|전동시트|하이패스,4,자동긴급제동|차선이탈경보,2,3,홈서비스 메가센터 홈서비스 메가센터,,,https://img.kcar.com/3dcarpicture/2026/08/173/61401529_1/main/main780.jpg,출퇴근용|영업용,N,SELL,스포티지 더 볼드 2021±1 / 같은 세대·연료·엔진(트림 등급 섞임),3,1570,75667,-0.1529,0.3377,같은 세대·연료·엔진(트림 등급 섞임),,35.0
EC61401316,https://www.kcar.com/bc/detail/carInfoDtl?i_sCarCd=EC61401316,기아,스포티지 더 볼드,스포티지,기아 스포티지 더 볼드 디젤 2.0 2WD 프레스티지,디젤 2.0 2WD 프레스티지,디젤,디젤 2.0 2WD,2020-03,2020,2020,55903,1750,,1876,디젤,디젤,오토,1995,5,SUV,SUV,단순수리,,,후방카메라|후방센서|자동긴급제동|후측방경보|차선이탈경보|스마트크루즈|타이어공기압경고|차체자세제어|경사로밀림방지|전자식파킹브레이크|통풍시트|열선시트|스마트키|내비|크루즈|전동시트|하이패스,4,자동긴급제동|후측방경보|차선이탈경보|스마트크루즈,4,2,안성직영점 경기/인천,,,https://img.kcar.com/3dcarpicture/2026/08/167/61401316_1/main/main780.jpg,출퇴근용|영업용,N,SELL,스포티지 더 볼드 2020±1 / 같은 세대·연료·배기량·트림,11,1490,80419,-0.1745,0.3049,같은 세대·연료·배기량·트림,,35.0
EC61409067,https://www.kcar.com/bc/detail/carInfoDtl?i_sCarCd=EC61409067,기아,스포티지 더 볼드,스포티지,기아 스포티지 더 볼드 디젤 2.0 2WD 시그니쳐,디젤 2.0 2WD 시그니쳐,디젤,디젤 2.0 2WD,2020-02,2020,2020,22733,1870,,2004,디젤,디젤,오토,1995,5,SUV,SUV,단순수리,,,후방카메라|후방센서|전방센서|자동긴급제동|후측방경보|차선이탈경보|스마트크루즈|타이어공기압경고|차체자세제어|전자식파킹브레이크|통풍시트|열선시트|스마트키|내비|크루즈|전동시트|하이패스,4,자동긴급제동|후측방경보|차선이탈경보|스마트크루즈,4,3,고양직영점 경기/인천,,,https://img.kcar.com/carpicture/carpicture10/pic6140/kcarM_61409067_045.jpg,출퇴근용|영업용,N,SELL,스포티지 더 볼드 2020±1 / 같은 세대·연료·배기량·트림,7,1770,66767,-0.0565,0.6595,같은 세대·연료·배기량·트림,,35.0
EC61361207,https://www.kcar.com/bc/detail/carInfoDtl?i_sCarCd=EC61361207,기아,스포티지 더 볼드,스포티지,기아 스포티지 더 볼드 디젤 2.0 2WD 프레스티지 그래비티,디젤 2.0 2WD 프레스티지 그래비티,디젤,디젤 2.0 2WD,2020-10,2020,2021,51515,1780,,1908,디젤,디젤,오토,1995,5,SUV,SUV,단순수리,,,후방카메라|후방센서|자동긴급제동|후측방경보|차선이탈경보|스마트크루즈|타이어공기압경고|차체자세제어|경사로밀림방지|전자식파킹브레이크|통풍시트|열선시트|스마트키|내비|크루즈|전동시트|하이패스,4,자동긴급제동|후측방경보|차선이탈경보|스마트크루즈,4,2,세종공주직영점 충남,,,https://img.kcar.com/3dcarpicture/2026/09/169/61361207_1/main/main780.jpg,출퇴근용|영업용,N,SELL,스포티지 더 볼드 2020±1 / 같은 세대·연료·엔진(트림 등급 섞임),24,1615.0,79633,-0.1022,0.3531,같은 세대·연료·엔진(트림 등급 섞임),비교군 가격 산포 51% — 시세차를 그대로 믿지 말 것,35.0
EC61390531,https://www.kcar.com/bc/detail/carInfoDtl?i_sCarCd=EC61390531,기아,더 뉴 K3 2세대,K3,기아 더 뉴 K3 2세대 트렌디 ,트렌디,트렌디,트렌디,2023-03,2023,2023,47676,1480,,1587,가솔린,가솔린,오토,1591,5,세단,준중형차,단순수리,,,후방카메라|후방센서|자동긴급제동|차선이탈경보|타이어공기압경고|차체자세제어|경사로밀림방지|열선시트|크루즈,4,자동긴급제동|차선이탈경보,2,2,시흥직영점 경기/인천,,,https://img.kcar.com/3dcarpicture/2026/07/150/61390531_1/main/main780.jpg,,N,SELL,더 뉴 K3 2세대 2023±1 / 같은 세대·연료·배기량·트림,11,1470,70619,-0.0068,0.3249,같은 세대·연료·배기량·트림,,35.0
EC61401230,https://www.kcar.com/bc/detail/carInfoDtl?i_sCarCd=EC61401230,기아,디 올 뉴 스포티지,스포티지,기아 디 올 뉴 스포티지 2.0 디젤 2WD 트렌디,2.0 디젤 2WD 트렌디,2.0,2.0 디젤 2WD,2022-01,2022,2022,48180,2010,,2154,디젤,디젤,오토,1998,5,SUV,SUV,단순수리,,,후방카메라|후방센서|자동긴급제동|차선이탈경보|타이어공기압경고|차체자세제어|전자식파킹브레이크|열선시트|스마트키|내비|크루즈|하이패스,4,자동긴급제동|차선이탈경보,2,2,오산동탄직영점 경기/인천,,,https://img.kcar.com/3dcarpicture/2026/08/093/61401230_1/main/main780.jpg,출퇴근용|영업용,N,SELL,디 올 뉴 스포티지 2022±1 / 같은 세대·연료·배기량·트림,4,1750.0,104129,-0.1486,0.5373,같은 세대·연료·배기량·트림,,35.0
EC61395510,https://www.kcar.com/bc/detail/carInfoDtl?i_sCarCd=EC61395510,기아,디 올 뉴 스포티지,스포티지,기아 디 올 뉴 스포티지 2.0 디젤 2WD 프레스티지,2.0 디젤 2WD 프레스티지,2.0,2.0 디젤 2WD,2022-02,2022,2022,53783,2090,,2239,디젤,디젤,오토,1998,5,SUV,SUV,무사고,,,후방카메라|후방센서|자동긴급제동|차선이탈경보|타이어공기압경고|차체자세제어|경사로밀림방지|전자식파킹브레이크|통풍시트|열선시트|스마트키|내비|크루즈|전동시트|하이패스,4,자동긴급제동|차선이탈경보,2,2,경기서부직영점 경기/인천,,,https://img.kcar.com/3dcarpicture/2026/08/143/61395510_2/main/main780.jpg,출퇴근용|영업용,N,SELL,디 올 뉴 스포티지 2022±1 / 같은 세대·연료·배기량·트림,6,2090.0,63251,0.0,0.1497,같은 세대·연료·배기량·트림,,35.0
EC61401792,https://www.kcar.com/bc/detail/carInfoDtl?i_sCarCd=EC61401792,기아,K8,K8,기아 K8 가솔린 2.5 노블레스,가솔린 2.5 노블레스,가솔린,가솔린 2.5,2022-04,2022,2022,54201,2140,,2293,가솔린,가솔린,오토,2497,5,세단,대형차,단순수리,,,후방카메라|전방카메라|어라운드뷰|후방센서|전방센서|자동긴급제동|차선이탈경보|타이어공기압경고|차체자세제어|전자식파킹브레이크|통풍시트|열선시트|스마트키|내비|크루즈|전동시트|하이패스|무선충전,4,자동긴급제동|차선이탈경보,2,5,김포직영점 경기/인천,,,https://img.kcar.com/3dcarpicture/2026/08/087/61401792_1/main/main780.jpg,,N,SELL,K8 2022±1 / 같은 세대·연료·배기량·트림,27,2210,63951,0.0317,0.1525,같은 세대·연료·배기량·트림,,34.9
EC61403376,https://www.kcar.com/bc/detail/carInfoDtl?i_sCarCd=EC61403376,기아,디 올 뉴 니로,니로,기아 디 올 뉴 니로 트렌디 ,트렌디,트렌디,트렌디,2022-07,2022,2022,88235,1830,,1961,하이브리드,가솔린+전기,오토,1580,5,SUV,SUV,무사고,,,후방카메라|후방센서|자동긴급제동|차선이탈경보|타이어공기압경고|차체자세제어|경사로밀림방지|전자식파킹브레이크|열선시트|스마트키|크루즈|하이패스,4,자동긴급제동|차선이탈경보,2,2,구미직영점 경북,,,https://img.kcar.com/3dcarpicture/2026/09/075/61403376_1/main/main780.jpg,영업용,N,SELL,디 올 뉴 니로 2022±1 / 같은 세대·연료·배기량·트림,8,1860.0,87371,0.0161,-0.0099,같은 세대·연료·배기량·트림,,34.9
EC61371313,https://www.kcar.com/bc/detail/carInfoDtl?i_sCarCd=EC61371313,현대,벨로스터-N,벨로스터,현대 벨로스터-N T-Gdi 2.0 N,T-Gdi 2.0 N,T-Gdi,T-Gdi 2.0,2020-10,2020,2021,92518,1830,,1961,가솔린,가솔린,오토,1998,5,해치백,준중형차,무사고,,,후방카메라|후방센서|자동긴급제동|후측방경보|차선이탈경보|타이어공기압경고|차체자세제어|열선시트|스마트키|내비|크루즈|하이패스,4,자동긴급제동|후측방경보|차선이탈경보,3,2,울산직영점 경남,,,https://img.kcar.com/carpicture/carpicture07/pic6137/kcarM_61371313_045.jpg,,N,SELL,벨로스터-N 2020±1 / 같은 세대·연료·배기량·트림,5,1890,84424,0.0317,-0.0959,같은 세대·연료·배기량·트림,,34.8
EC61398721,https://www.kcar.com/bc/detail/carInfoDtl?i_sCarCd=EC61398721,현대,더 뉴 그랜저,그랜저,현대 더 뉴 그랜저 가솔린 2.5 익스클루시브,가솔린 2.5 익스클루시브,가솔린,가솔린 2.5,2022-02,2022,2022,65047,2160,,2314,가솔린,가솔린,오토,2497,5,세단,대형차,단순수리,,,후방카메라|전방카메라|어라운드뷰|후방센서|전방센서|자동긴급제동|후측방경보|차선이탈경보|타이어공기압경고|차체자세제어|전자식파킹브레이크|통풍시트|열선시트|스마트키|내비|크루즈|선루프|전동시트|하이패스|무선충전,4,자동긴급제동|후측방경보|차선이탈경보,3,5,포천직영점 경기/인천,,,https://img.kcar.com/3dcarpicture/2026/08/145/61398721_1/main/main780.jpg,,N,SELL,더 뉴 그랜저 2022±1 / 같은 세대·연료·배기량·트림,17,2120,83648,-0.0189,0.2224,같은 세대·연료·배기량·트림,,34.8
EC61400932,https://www.kcar.com/bc/detail/carInfoDtl?i_sCarCd=EC61400932,현대,투싼 (4세대),투싼,현대 투싼 (4세대) 1.6 터보 프리미엄,1.6 터보 프리미엄,1.6,1.6 터보,2020-11,2020,2021,52118,1980,,2122,가솔린,가솔린,오토,1598,5,SUV,SUV,단순수리,,,후방카메라|후방센서|전방센서|차선이탈경보|타이어공기압경고|차체자세제어|전자식파킹브레이크|통풍시트|열선시트|스마트키|선루프|하이패스,4,차선이탈경보,1,3,고양직영점 경기/인천,,,https://img.kcar.com/carpicture/carpicture10/pic6140/kcarM_61400932_045.jpg,,N,SELL,투싼 (4세대) 2020±1 / 같은 세대·연료·배기량·트림,10,2080.0,61360,0.0481,0.1506,같은 세대·연료·배기량·트림,,34.8
EC61409174,https://www.kcar.com/bc/detail/carInfoDtl?i_sCarCd=EC61409174,기아,더 뉴 니로,니로,기아 더 뉴 니로 프레스티지 ,프레스티지,프레스티지,프레스티지,2020-08,2020,2020,73696,1860,,1993,하이브리드,가솔린+전기,오토,1580,5,SUV,SUV,단순수리,,,후방카메라|후방센서|후측방경보|차선이탈경보|스마트크루즈|타이어공기압경고|차체자세제어|경사로밀림방지|전자식파킹브레이크|통풍시트|열선시트|스마트키|내비|크루즈|전동시트|하이패스,4,후측방경보|차선이탈경보|스마트크루즈,3,2,대전유성직영점 충남,,,https://img.kcar.com/carpicture/carpicture10/pic6140/kcarM_61409174_045.jpg,영업용,N,SELL,더 뉴 니로 2020±1 / 같은 세대·연료·배기량·트림,6,1770.0,86365,-0.0508,0.1467,같은 세대·연료·배기량·트림,,34.8
EC61410120,https://www.kcar.com/bc/detail/carInfoDtl?i_sCarCd=EC61410120,현대,더 뉴 아반떼 (CN7),아반떼,현대 더 뉴 아반떼 (CN7) 가솔린 1.6 모던,가솔린 1.6 모던,가솔린,가솔린 1.6,2024-02,2024,2024,37851,2120,,2271,가솔린,가솔린,오토,1598,5,세단,준중형차,무사고,,,후방카메라|후방센서|전방센서|자동긴급제동|차선이탈경보|타이어공기압경고|차체자세제어|경사로밀림방지|전자식파킹브레이크|통풍시트|열선시트|스마트키|내비|크루즈|하이패스,4,자동긴급제동|차선이탈경보,2,3,대구직영점 경북,,,https://img.kcar.com/carpicture/carpicture01/pic6141/kcarM_61410120_045.jpg,,N,SELL,더 뉴 아반떼 (CN7) 2024±1 / 같은 세대·연료·배기량·트림,7,2190,29948,0.032,-0.2639,같은 세대·연료·배기량·트림,,34.8
EC61390800,https://www.kcar.com/bc/detail/carInfoDtl?i_sCarCd=EC61390800,기아,K7 프리미어,K7,기아 K7 프리미어 가솔린 3.0  노블레스,가솔린 3.0  노블레스,가솔린,가솔린 3.0 ,2020-03,2020,2020,96737,1890,,2025,가솔린,가솔린,오토,2999,5,세단,대형차,무사고,,,후방카메라|후방센서|전방센서|자동긴급제동|후측방경보|차선이탈경보|스마트크루즈|헤드업디스플레이|타이어공기압경고|차체자세제어|경사로밀림방지|전자식파킹브레이크|통풍시트|열선시트|스마트키|내비|크루즈|전동시트|하이패스|무선충전,4,자동긴급제동|후측방경보|차선이탈경보|스마트크루즈,4,3,분당용인직영점 경기/인천,,,https://img.kcar.com/carpicture/carpicture09/pic6139/kcarM_61390800_045.jpg,,N,SELL,K7 프리미어 2020±1 / 같은 세대·연료·배기량·트림,7,1950,80048,0.0308,-0.2085,같은 세대·연료·배기량·트림,,34.6
EC61402969,https://www.kcar.com/bc/detail/carInfoDtl?i_sCarCd=EC61402969,기아,스포티지 더 볼드,스포티지,기아 스포티지 더 볼드 디젤 1.6 2WD 트렌디,디젤 1.6 2WD 트렌디,디젤,디젤 1.6 2WD,2021-06,2021,2022,77094,1470,,1576,디젤,디젤,오토,1598,5,SUV,SUV,무사고,,,후방카메라|후방센서|자동긴급제동|차선이탈경보|타이어공기압경고|차체자세제어|경사로밀림방지|전자식파킹브레이크|통풍시트|열선시트|스마트키|내비|크루즈|하이패스,4,자동긴급제동|차선이탈경보,2,2,서초직영점 서울,,,https://img.kcar.com/carpicture/carpicture10/pic6140/kcarM_61402969_045.jpg,출퇴근용|영업용,N,SELL,스포티지 더 볼드 2021±1 / 같은 세대·연료·엔진(트림 등급 섞임),3,1570,75667,0.0637,-0.0189,같은 세대·연료·엔진(트림 등급 섞임),,34.6
EC61410791,https://www.kcar.com/bc/detail/carInfoDtl?i_sCarCd=EC61410791,기아,셀토스,셀토스,기아 셀토스 가솔린 터보 1.6 2WD 시그니처,가솔린 터보 1.6 2WD 시그니처,가솔린,가솔린 터보 1.6 2WD,2021-11,2021,2022,69331,1930,,2068,가솔린,가솔린,오토,1591,5,SUV,SUV,무사고,,,후방카메라|후방센서|전방센서|자동긴급제동|후측방경보|차선이탈경보|스마트크루즈|타이어공기압경고|차체자세제어|경사로밀림방지|전자식파킹브레이크|통풍시트|열선시트|스마트키|내비|크루즈|전동시트|하이패스|무선충전,4,자동긴급제동|후측방경보|차선이탈경보|스마트크루즈,4,3,용인직영점 경기/인천,,,https://img.kcar.com/3dcarpicture/2026/09/140/61410791_2/main/main780.jpg,,N,SELL,셀토스 2021±1 / 같은 세대·연료·배기량·트림,13,1990,50108,0.0302,-0.3836,같은 세대·연료·배기량·트림,,34.5
EC61395507,https://www.kcar.com/bc/detail/carInfoDtl?i_sCarCd=EC61395507,현대,쏘나타 DN8,쏘나타,현대 쏘나타 DN8 2.0 가솔린 프리미엄 플러스,2.0 가솔린 프리미엄 플러스,2.0,2.0 가솔린,2021-10,2021,2022,73403,1690,,1811,가솔린,가솔린,오토,1999,5,세단,중형차,단순수리,,,후방카메라|후방센서|전방센서|자동긴급제동|후측방경보|차선이탈경보|스마트크루즈|타이어공기압경고|차체자세제어|전자식파킹브레이크|통풍시트|열선시트|스마트키|내비|크루즈|전동시트|하이패스|무선충전,4,자동긴급제동|후측방경보|차선이탈경보|스마트크루즈,4,3,김포직영점 경기/인천,,,https://img.kcar.com/3dcarpicture/2026/08/087/61395507_1/main/main780.jpg,,N,SELL,쏘나타 DN8 2021±1 / 같은 세대·연료·배기량·트림,17,1870,66118,0.0963,-0.1102,같은 세대·연료·배기량·트림,,34.4
EC61411524,https://www.kcar.com/bc/detail/carInfoDtl?i_sCarCd=EC61411524,기아,K7 프리미어,K7,기아 K7 프리미어 가솔린 2.5 노블레스,가솔린 2.5 노블레스,가솔린,가솔린 2.5,2020-08,2020,2020,99684,1680,,1801,가솔린,가솔린,오토,2497,5,세단,대형차,무사고,,,후방카메라|후방센서|전방센서|자동긴급제동|후측방경보|차선이탈경보|스마트크루즈|타이어공기압경고|차체자세제어|전자식파킹브레이크|통풍시트|열선시트|스마트키|내비|크루즈|전동시트|하이패스,4,자동긴급제동|후측방경보|차선이탈경보|스마트크루즈,4,3,강서직영점 경기/인천,,,https://img.kcar.com/carpicture/carpicture01/pic6141/kcarM_61411524_045.jpg,,N,SELL,K7 프리미어 2020±1 / 같은 세대·연료·배기량·트림,22,1730.0,96195,0.0289,-0.0363,같은 세대·연료·배기량·트림,,34.3
EC61397826,https://www.kcar.com/bc/detail/carInfoDtl?i_sCarCd=EC61397826,기아,더 뉴 K3 2세대,K3,기아 더 뉴 K3 2세대 트렌디 ,트렌디,트렌디,트렌디,2022-07,2022,2022,70619,1320,,1415,가솔린,가솔린,오토,1598,5,세단,준중형차,무사고,,,후방카메라|후방센서|자동긴급제동|타이어공기압경고|차체자세제어|경사로밀림방지|열선시트|내비|크루즈,4,자동긴급제동,1,2,화성직영점 경기/인천,,,https://img.kcar.com/3dcarpicture/2026/08/175/61397826_1/main/main780.jpg,,N,SELL,더 뉴 K3 2세대 2022±1 / 같은 세대·연료·배기량·트림,14,1380.0,70772,0.0435,0.0022,같은 세대·연료·배기량·트림,,34.2
EC61380143,https://www.kcar.com/bc/detail/carInfoDtl?i_sCarCd=EC61380143,현대,더 뉴 그랜저,그랜저,현대 더 뉴 그랜저 가솔린 2.5 르블랑,가솔린 2.5 르블랑,가솔린,가솔린 2.5,2021-06,2021,2022,86469,2130,,2282,가솔린,가솔린,오토,2497,5,세단,대형차,무사고,,,후방카메라|전방카메라|어라운드뷰|후방센서|전방센서|자동긴급제동|후측방경보|차선이탈경보|스마트크루즈|타이어공기압경고|차체자세제어|경사로밀림방지|전자식파킹브레이크|통풍시트|열선시트|스마트키|내비|크루즈|전동시트|하이패스|무선충전,4,자동긴급제동|후측방경보|차선이탈경보|스마트크루즈,4,5,용인직영점 경기/인천,,,https://img.kcar.com/3dcarpicture/2026/08/140/61380143_1/main/main780.jpg,,N,SELL,더 뉴 그랜저 2021±1 / 같은 세대·연료·배기량·트림,11,2190,83327,0.0274,-0.0377,같은 세대·연료·배기량·트림,,34.1
EC61409528,https://www.kcar.com/bc/detail/carInfoDtl?i_sCarCd=EC61409528,현대,아반떼 (CN7),아반떼,현대 아반떼 (CN7) 가솔린 1.6 모던,가솔린 1.6 모던,가솔린,가솔린 1.6,2020-10,2020,2021,90907,1440,,1544,가솔린,가솔린,오토,1598,5,세단,준중형차,무사고,,,후방카메라|후방센서|자동긴급제동|차선이탈경보|타이어공기압경고|차체자세제어|전자식파킹브레이크|통풍시트|열선시트|스마트키|내비|크루즈|하이패스,4,자동긴급제동|차선이탈경보,2,2,시흥직영점 경기/인천,,,https://img.kcar.com/3dcarpicture/2026/09/150/61409528_1/main/main780.jpg,,N,SELL,아반떼 (CN7) 2020±1 / 같은 세대·연료·배기량·트림,13,1480,83495,0.027,-0.0888,같은 세대·연료·배기량·트림,,34.0
EC61403370,https://www.kcar.com/bc/detail/carInfoDtl?i_sCarCd=EC61403370,기아,K5 3세대 하이브리드,K5,기아 K5 3세대 하이브리드 트랜디 ,트랜디,트랜디,트랜디,2022-07,2022,2022,57600,1720,,1843,하이브리드,가솔린+전기,오토,1999,5,세단,중형차,단순수리,,,후방카메라|후방센서|차선이탈경보|타이어공기압경고|차체자세제어|경사로밀림방지|전자식파킹브레이크|열선시트|스마트키|내비|크루즈,4,차선이탈경보,1,2,창원마산직영점 경남,,,https://img.kcar.com/carpicture/carpicture10/pic6140/kcarM_61403370_045.jpg,영업용,N,SELL,K5 3세대 하이브리드 2022±1 / 같은 세대·연료·배기량·트림,9,1830,47100,0.0601,-0.2229,같은 세대·연료·배기량·트림,,34.0
EC61393133,https://www.kcar.com/bc/detail/carInfoDtl?i_sCarCd=EC61393133,현대,더 뉴 그랜저,그랜저,현대 더 뉴 그랜저 가솔린 2.5 익스클루시브,가솔린 2.5 익스클루시브,가솔린,가솔린 2.5,2021-02,2021,2021,74917,2090,,2239,가솔린,가솔린,오토,2497,5,세단,대형차,단순수리,,,후방카메라|전방카메라|어라운드뷰|후방센서|전방센서|자동긴급제동|후측방경보|차선이탈경보|타이어공기압경고|차체자세제어|전자식파킹브레이크|통풍시트|열선시트|스마트키|내비|크루즈|전동시트|하이패스|무선충전,4,자동긴급제동|후측방경보|차선이탈경보,3,5,홈서비스 메가센터 홈서비스 메가센터,,,https://img.kcar.com/3dcarpicture/2026/08/173/61393133_1/main/main780.jpg,,N,SELL,더 뉴 그랜저 2021±1 / 같은 세대·연료·배기량·트림,35,2050,94484,-0.0195,0.2071,같은 세대·연료·배기량·트림,,33.8
EC61399034,https://www.kcar.com/bc/detail/carInfoDtl?i_sCarCd=EC61399034,현대,싼타페 TM,싼타페,현대 싼타페 TM 가솔린 2.0T 2WD 익스클루시브,가솔린 2.0T 2WD 익스클루시브,가솔린,가솔린 2.0T 2WD,2020-06,2020,2020,82405,1940,,2079,가솔린,가솔린,오토,1998,5,SUV,SUV,무사고,,,후방카메라|후방센서|전방센서|후측방경보|차선이탈경보|스마트크루즈|타이어공기압경고|차체자세제어|전자식파킹브레이크|통풍시트|열선시트|스마트키|내비|크루즈|전동시트|하이패스,4,후측방경보|차선이탈경보|스마트크루즈,3,3,영등포직영점 서울,,,https://img.kcar.com/3dcarpicture/2026/08/010/61399034_1/main/main780.jpg,,N,SELL,싼타페 TM 2020±1 / 같은 세대·연료·배기량·트림,8,1775.0,86972,-0.093,0.0525,같은 세대·연료·배기량·트림,,33.5
EC61395090,https://www.kcar.com/bc/detail/carInfoDtl?i_sCarCd=EC61395090,제네시스,G70,G70,제네시스 G70 2.0T 엘리트,2.0T 엘리트,2.0T,2.0T,2020-03,2020,2020,73791,1990,,2132,가솔린,가솔린,오토,1998,5,세단,중형차,단순수리,,,후방카메라|후방센서|전방센서|자동긴급제동|후측방경보|차선이탈경보|스마트크루즈|타이어공기압경고|차체자세제어|경사로밀림방지|전자식파킹브레이크|통풍시트|열선시트|스마트키|내비|크루즈|선루프|전동시트|하이패스|무선충전,4,자동긴급제동|후측방경보|차선이탈경보|스마트크루즈,4,3,김포공항직영점 경기/인천,,,https://img.kcar.com/carpicture/carpicture09/pic6139/kcarM_61395090_045.jpg,,N,SELL,G70 2020±1 / 같은 세대·연료·배기량·트림,14,1870.0,92472,-0.0642,0.202,같은 세대·연료·배기량·트림,,33.5
EC61409049,https://www.kcar.com/bc/detail/carInfoDtl?i_sCarCd=EC61409049,현대,더 뉴 그랜저,그랜저,현대 더 뉴 그랜저 가솔린 2.5 프리미엄 초이스,가솔린 2.5 프리미엄 초이스,가솔린,가솔린 2.5,2020-01,2020,2020,87579,1850,,1983,가솔린,가솔린,오토,2497,5,세단,대형차,무사고,,,후방카메라|후방센서|전방센서|자동긴급제동|차선이탈경보|타이어공기압경고|차체자세제어|전자식파킹브레이크|통풍시트|열선시트|스마트키|내비|크루즈|전동시트|하이패스|무선충전,4,자동긴급제동|차선이탈경보,2,3,원주직영점 강원,,,https://img.kcar.com/carpicture/carpicture10/pic6140/kcarM_61409049_045.jpg,,N,SELL,더 뉴 그랜저 2020±1 / 같은 세대·연료·배기량·트림,27,1850,92248,0.0,0.0506,같은 세대·연료·배기량·트림,,33.4
EC61399234,https://www.kcar.com/bc/detail/carInfoDtl?i_sCarCd=EC61399234,기아,K7 프리미어,K7,기아 K7 프리미어 가솔린 2.5 프레스티지,가솔린 2.5 프레스티지,가솔린,가솔린 2.5,2020-01,2020,2020,89490,1640,,1758,가솔린,가솔린,오토,2497,5,세단,대형차,무사고,,,후방카메라|후방센서|전방센서|자동긴급제동|차선이탈경보|스마트크루즈|타이어공기압경고|차체자세제어|전자식파킹브레이크|통풍시트|열선시트|스마트키|내비|크루즈|전동시트|하이패스|무선충전,4,자동긴급제동|차선이탈경보|스마트크루즈,3,3,양산직영점 경남,,,https://img.kcar.com/carpicture/carpicture09/pic6139/kcarM_61399234_045.jpg,,N,SELL,K7 프리미어 2020±1 / 같은 세대·연료·배기량·트림,5,1530,94018,-0.0719,0.0482,같은 세대·연료·배기량·트림,,33.2
EC61403372,https://www.kcar.com/bc/detail/carInfoDtl?i_sCarCd=EC61403372,기아,디 올 뉴 니로,니로,기아 디 올 뉴 니로 트렌디 ,트렌디,트렌디,트렌디,2022-07,2022,2022,86508,1890,,2025,하이브리드,가솔린+전기,오토,1580,5,SUV,SUV,무사고,,,후방카메라|후방센서|차선이탈경보|타이어공기압경고|차체자세제어|경사로밀림방지|전자식파킹브레이크|열선시트|스마트키|크루즈|하이패스,3,차선이탈경보,1,2,창원마산직영점 경남,,,https://img.kcar.com/carpicture/carpicture10/pic6140/kcarM_61403372_045.jpg,영업용,N,SELL,디 올 뉴 니로 2022±1 / 같은 세대·연료·배기량·트림,8,1860.0,87371,-0.0161,0.0099,같은 세대·연료·배기량·트림,,33.2
EC61381905,https://www.kcar.com/bc/detail/carInfoDtl?i_sCarCd=EC61381905,기아,K7 프리미어,K7,기아 K7 프리미어 가솔린 3.0  노블레스,가솔린 3.0  노블레스,가솔린,가솔린 3.0 ,2020-06,2020,2020,80048,1910,,2047,가솔린,가솔린,오토,2999,5,세단,대형차,무사고,,,후방카메라|전방카메라|어라운드뷰|후방센서|전방센서|자동긴급제동|후측방경보|차선이탈경보|헤드업디스플레이|타이어공기압경고|차체자세제어|경사로밀림방지|전자식파킹브레이크|통풍시트|열선시트|스마트키|내비|크루즈|전동시트|하이패스|무선충전,4,자동긴급제동|후측방경보|차선이탈경보,3,5,김포직영점 경기/인천,,,https://img.kcar.com/3dcarpicture/2026/08/087/61381905_5/main/main780.jpg,,N,SELL,K7 프리미어 2020±1 / 같은 세대·연료·배기량·트림,7,1950,80048,0.0205,0.0,같은 세대·연료·배기량·트림,,33.1
EC61403115,https://www.kcar.com/bc/detail/carInfoDtl?i_sCarCd=EC61403115,기아,셀토스,셀토스,기아 셀토스 가솔린 터보 1.6 2WD 시그니처,가솔린 터보 1.6 2WD 시그니처,가솔린,가솔린 터보 1.6 2WD,2022-06,2022,2023,76511,1950,,2090,가솔린,가솔린,오토,1591,5,SUV,SUV,무사고,,,후방카메라|후방센서|전방센서|자동긴급제동|후측방경보|차선이탈경보|스마트크루즈|타이어공기압경고|차체자세제어|전자식파킹브레이크|통풍시트|열선시트|스마트키|내비|크루즈|전동시트|하이패스,4,자동긴급제동|후측방경보|차선이탈경보|스마트크루즈,4,3,시흥직영점 경기/인천,,,https://img.kcar.com/3dcarpicture/2026/08/150/61403115_2/main/main780.jpg,,N,SELL,셀토스 2022±1 / 같은 세대·연료·배기량·트림,13,1990,50108,0.0201,-0.5269,같은 세대·연료·배기량·트림,,33.0
EC61383171,https://www.kcar.com/bc/detail/carInfoDtl?i_sCarCd=EC61383171,현대,아반떼 하이브리드 (CN7),아반떼,현대 아반떼 하이브리드 (CN7) 법인전용 ,법인전용,법인전용,법인전용,2023-01,2023,2023,51752,1720,,1843,하이브리드,가솔린+전기,오토,1580,5,세단,준중형차,무사고,,,후방센서|자동긴급제동|차선이탈경보|스마트크루즈|타이어공기압경고|차체자세제어|전자식파킹브레이크|열선시트|스마트키|크루즈|하이패스,4,자동긴급제동|차선이탈경보|스마트크루즈,3,1,영등포직영점 서울,,,https://img.kcar.com/carpicture/carpicture08/pic6138/kcarM_61383171_045.jpg,영업용,N,SELL,아반떼 하이브리드 (CN7) 2023±1 / 같은 세대·연료·배기량·트림,6,1755.0,46657,0.0199,-0.1092,같은 세대·연료·배기량·트림,,33.0
EC61404606,https://www.kcar.com/bc/detail/carInfoDtl?i_sCarCd=EC61404606,기아,K5 3세대,K5,기아 K5 3세대 가솔린 터보 1.6 시그니처,가솔린 터보 1.6 시그니처,가솔린,가솔린 터보 1.6,2021-06,2021,2021,47153,2070,,2218,가솔린,가솔린,오토,1598,5,세단,중형차,단순수리,,,후방카메라|전방카메라|어라운드뷰|후방센서|전방센서|자동긴급제동|후측방경보|차선이탈경보|스마트크루즈|헤드업디스플레이|타이어공기압경고|차체자세제어|경사로밀림방지|전자식파킹브레이크|통풍시트|열선시트|스마트키|내비|크루즈|선루프|전동시트|하이패스,4,자동긴급제동|후측방경보|차선이탈경보|스마트크루즈,4,5,용인직영점 경기/인천,,,https://img.kcar.com/3dcarpicture/2026/08/140/61404606_2/main/main780.jpg,,N,SELL,K5 3세대 2021±1 / 같은 세대·연료·배기량·트림,11,2060,58528,-0.0049,0.1944,같은 세대·연료·배기량·트림,,33.0
EC61402447,https://www.kcar.com/bc/detail/carInfoDtl?i_sCarCd=EC61402447,현대,싼타페 TM,싼타페,현대 싼타페 TM 가솔린 2.0T 2WD 프레스티지,가솔린 2.0T 2WD 프레스티지,가솔린,가솔린 2.0T 2WD,2020-05,2020,2020,76724,2150,,2304,가솔린,가솔린,오토,1998,5,SUV,SUV,무사고,,,후방카메라|후방센서|전방센서|자동긴급제동|후측방경보|차선이탈경보|스마트크루즈|타이어공기압경고|차체자세제어|전자식파킹브레이크|통풍시트|열선시트|스마트키|내비|크루즈|전동시트|하이패스,4,자동긴급제동|후측방경보|차선이탈경보|스마트크루즈,4,3,김포직영점 경기/인천,,,https://img.kcar.com/3dcarpicture/2026/08/087/61402447_2/main/main780.jpg,,N,SELL,싼타페 TM 2020±1 / 같은 세대·연료·배기량·트림,19,1980,80212,-0.0859,0.0435,같은 세대·연료·배기량·트림,,32.9
EC61407249,https://www.kcar.com/bc/detail/carInfoDtl?i_sCarCd=EC61407249,현대,쏘나타 DN8,쏘나타,현대 쏘나타 DN8 2.0 가솔린 프리미엄 플러스,2.0 가솔린 프리미엄 플러스,2.0,2.0 가솔린,2021-10,2021,2022,63239,1940,,2079,가솔린,가솔린,오토,1999,5,세단,중형차,무사고,,,후방카메라|전방카메라|어라운드뷰|후방센서|전방센서|자동긴급제동|후측방경보|차선이탈경보|스마트크루즈|헤드업디스플레이|타이어공기압경고|차체자세제어|전자식파킹브레이크|통풍시트|열선시트|스마트키|내비|크루즈|전동시트|하이패스|무선충전,4,자동긴급제동|후측방경보|차선이탈경보|스마트크루즈,4,5,대구직영점 경북,,,https://img.kcar.com/carpicture/carpicture10/pic6140/kcarM_61407249_045.jpg,,N,SELL,쏘나타 DN8 2021±1 / 같은 세대·연료·배기량·트림,17,1870,66118,-0.0374,0.0435,같은 세대·연료·배기량·트림,,32.9
EC61396230,https://www.kcar.com/bc/detail/carInfoDtl?i_sCarCd=EC61396230,기아,스팅어,스팅어,기아 스팅어 2.0 터보 2WD 플래티넘,2.0 터보 2WD 플래티넘,2.0,2.0 터보 2WD,2020-07,2020,2020,72471,1690,,1811,가솔린,가솔린,오토,1998,5,세단,중형차,단순수리,,,후방카메라|후방센서|전방센서|자동긴급제동|후측방경보|차선이탈경보|스마트크루즈|타이어공기압경고|차체자세제어|전자식파킹브레이크|통풍시트|열선시트|스마트키|내비|크루즈|전동시트|하이패스|무선충전,4,자동긴급제동|후측방경보|차선이탈경보|스마트크루즈,4,3,강서직영점 경기/인천,,,https://img.kcar.com/carpicture/carpicture09/pic6139/kcarM_61396230_045.jpg,,N,SELL,스팅어 2020±1 / 같은 세대·연료·배기량·트림,5,1690,89590,0.0,0.1911,같은 세대·연료·배기량·트림,,32.7
EC61408581,https://www.kcar.com/bc/detail/carInfoDtl?i_sCarCd=EC61408581,현대,벨로스터-N,벨로스터,현대 벨로스터-N T-Gdi 2.0 N,T-Gdi 2.0 N,T-Gdi,T-Gdi 2.0,2020-06,2020,2021,84424,1730,,1854,가솔린,가솔린,오토,1998,5,해치백,준중형차,단순수리,,,후방카메라|후방센서|타이어공기압경고|차체자세제어|통풍시트|열선시트|스마트키|내비|크루즈|하이패스,4,,0,2,안성직영점 경기/인천,,,https://img.kcar.com/carpicture/carpicture10/pic6140/kcarM_61408581_045.jpg,,N,SELL,벨로스터-N 2020±1 / 같은 세대·연료·배기량·트림,5,1890,84424,0.0847,0.0,같은 세대·연료·배기량·트림,,32.7
EC61400580,https://www.kcar.com/bc/detail/carInfoDtl?i_sCarCd=EC61400580,현대,싼타페 TM,싼타페,현대 싼타페 TM 가솔린 2.0T 2WD 프레스티지,가솔린 2.0T 2WD 프레스티지,가솔린,가솔린 2.0T 2WD,2020-03,2020,2020,77044,2100,,2250,가솔린,가솔린,오토,1998,5,SUV,SUV,무사고,,,후방카메라|후방센서|전방센서|자동긴급제동|후측방경보|차선이탈경보|스마트크루즈|타이어공기압경고|차체자세제어|경사로밀림방지|전자식파킹브레이크|통풍시트|열선시트|스마트키|내비|크루즈|전동시트|하이패스,4,자동긴급제동|후측방경보|차선이탈경보|스마트크루즈,4,3,시흥직영점 경기/인천,,,https://img.kcar.com/3dcarpicture/2026/08/150/61400580_2/main/main780.jpg,,N,SELL,싼타페 TM 2020±1 / 같은 세대·연료·배기량·트림,19,1980,80212,-0.0606,0.0395,같은 세대·연료·배기량·트림,,32.6
EC61407291,https://www.kcar.com/bc/detail/carInfoDtl?i_sCarCd=EC61407291,현대,쏘나타 DN8,쏘나타,현대 쏘나타 DN8 1.6 터보 프리미엄 플러스,1.6 터보 프리미엄 플러스,1.6,1.6 터보,2023-02,2023,2023,27540,2150,,2304,가솔린,가솔린,오토,1598,5,세단,중형차,무사고,,,후방카메라|후방센서|전방센서|자동긴급제동|후측방경보|차선이탈경보|스마트크루즈|타이어공기압경고|차체자세제어|전자식파킹브레이크|통풍시트|열선시트|스마트키|내비|크루즈|전동시트|하이패스|무선충전,4,자동긴급제동|후측방경보|차선이탈경보|스마트크루즈,4,3,대전직영점 충남,,,https://img.kcar.com/3dcarpicture/2026/09/067/61407291_1/main/main780.jpg,,N,SELL,쏘나타 DN8 2023±1 / 같은 세대·연료·엔진(트림 등급 섞임),3,1980,28593,-0.0859,0.0368,같은 세대·연료·엔진(트림 등급 섞임),,32.5
EC61351953,https://www.kcar.com/bc/detail/carInfoDtl?i_sCarCd=EC61351953,현대,더 뉴 그랜저,그랜저,현대 더 뉴 그랜저 가솔린 3.3 익스클루시브,가솔린 3.3 익스클루시브,가솔린,가솔린 3.3,2022-03,2022,2022,94703,1960,,2100,가솔린,가솔린,오토,3342,5,세단,대형차,무사고,,,후방카메라|전방카메라|어라운드뷰|후방센서|전방센서|후측방경보|차선이탈경보|스마트크루즈|타이어공기압경고|차체자세제어|경사로밀림방지|전자식파킹브레이크|통풍시트|열선시트|스마트키|내비|크루즈|전동시트|하이패스|무선충전,4,후측방경보|차선이탈경보|스마트크루즈,3,5,광주풍암직영점 전남,,,https://img.kcar.com/carpicture/carpicture05/pic6135/kcarM_61351953_045.jpg,,N,SELL,더 뉴 그랜저 2022±1 / 같은 세대·연료·배기량·트림,8,1955.0,98237,-0.0026,0.036,같은 세대·연료·배기량·트림,,32.4
EC61404114,https://www.kcar.com/bc/detail/carInfoDtl?i_sCarCd=EC61404114,현대,더 뉴 그랜저,그랜저,현대 더 뉴 그랜저 가솔린 2.5 프리미엄,가솔린 2.5 프리미엄,가솔린,가솔린 2.5,2022-06,2022,2023,71598,2060,,2207,가솔린,가솔린,오토,2497,5,세단,대형차,무사고,,,후방카메라|후방센서|전방센서|자동긴급제동|차선이탈경보|타이어공기압경고|차체자세제어|경사로밀림방지|전자식파킹브레이크|열선시트|스마트키|내비|크루즈|전동시트|하이패스,4,자동긴급제동|차선이탈경보,2,3,포천직영점 경기/인천,,,https://img.kcar.com/3dcarpicture/2026/08/145/61404114_1/main/main780.jpg,,N,SELL,더 뉴 그랜저 2022±1 / 같은 세대·연료·배기량·트림,10,2070.0,73434,0.0048,0.025,같은 세대·연료·배기량·트림,,32.4
EC61395153,https://www.kcar.com/bc/detail/carInfoDtl?i_sCarCd=EC61395153,기아,디 올 뉴 스포티지,스포티지,기아 디 올 뉴 스포티지 2.0 디젤 2WD 노블레스,2.0 디젤 2WD 노블레스,2.0,2.0 디젤 2WD,2022-04,2022,2022,60038,2160,,2314,디젤,디젤,오토,1998,5,SUV,SUV,단순수리,,,후방카메라|전방카메라|어라운드뷰|후방센서|전방센서|자동긴급제동|후측방경보|스마트크루즈|타이어공기압경고|차체자세제어|경사로밀림방지|전자식파킹브레이크|통풍시트|열선시트|스마트키|내비|크루즈|전동시트|하이패스|무선충전,4,자동긴급제동|후측방경보|스마트크루즈,3,5,시흥직영점 경기/인천,,,https://img.kcar.com/3dcarpicture/2026/08/150/61395153_2/main/main780.jpg,출퇴근용|영업용,N,SELL,디 올 뉴 스포티지 2022±1 / 같은 세대·연료·배기량·트림,7,2220,75011,0.027,0.1996,같은 세대·연료·배기량·트림,,32.4
EC61407480,https://www.kcar.com/bc/detail/carInfoDtl?i_sCarCd=EC61407480,기아,K8,K8,기아 K8 가솔린 2.5 노블레스,가솔린 2.5 노블레스,가솔린,가솔린 2.5,2022-08,2022,2023,56603,2140,,2293,가솔린,가솔린,오토,2497,5,세단,대형차,단순수리,,,후방카메라|전방카메라|어라운드뷰|후방센서|전방센서|자동긴급제동|후측방경보|차선이탈경보|스마트크루즈|헤드업디스플레이|타이어공기압경고|차체자세제어|전자식파킹브레이크|통풍시트|열선시트|스마트키|내비|크루즈|전동시트|하이패스|무선충전,4,자동긴급제동|후측방경보|차선이탈경보|스마트크루즈,4,5,오산동탄직영점 경기/인천,,,https://img.kcar.com/carpicture/carpicture10/pic6140/kcarM_61407480_045.jpg,,N,SELL,K8 2022±1 / 같은 세대·연료·배기량·트림,27,2210,63951,0.0317,0.1149,같은 세대·연료·배기량·트림,,32.4
EC61400791,https://www.kcar.com/bc/detail/carInfoDtl?i_sCarCd=EC61400791,기아,디 올 뉴 스포티지,스포티지,기아 디 올 뉴 스포티지 2.0 디젤 AWD 트렌디,2.0 디젤 AWD 트렌디,2.0,2.0 디젤 AWD,2022-09,2022,2023,22226,2190,,2346,디젤,디젤,오토,1998,5,SUV,SUV,무사고,,,후방카메라|후방센서|차선이탈경보|타이어공기압경고|차체자세제어|경사로밀림방지|전자식파킹브레이크|열선시트|스마트키|내비|크루즈,4,차선이탈경보,1,2,구미직영점 경북,,,https://img.kcar.com/3dcarpicture/2026/08/075/61400791_1/main/main780.jpg,출퇴근용|영업용,N,SELL,디 올 뉴 스포티지 2022±1 / 같은 세대·연료·배기량·트림,10,2145.0,24917,-0.021,0.108,같은 세대·연료·배기량·트림,,32.2
EC61406963,https://www.kcar.com/bc/detail/carInfoDtl?i_sCarCd=EC61406963,현대,아반떼 N,아반떼,현대 아반떼 N 2.0 터보 ,2.0 터보,2.0,2.0 터보,2022-03,2022,2022,55461,2180,,2336,가솔린,가솔린,수동,1998,5,세단,준중형차,무사고,,,후방카메라|후방센서|전방센서|자동긴급제동|차선이탈경보|타이어공기압경고|차체자세제어|통풍시트|열선시트|스마트키|내비|크루즈|선루프|전동시트|하이패스|무선충전,4,자동긴급제동|차선이탈경보,2,3,화성직영점 경기/인천,,,https://img.kcar.com/3dcarpicture/2026/09/175/61406963_1/main/main780.jpg,,N,SELL,아반떼 N 2022±1 / 같은 세대·연료·배기량·트림,8,2210.0,49249,0.0136,-0.1261,같은 세대·연료·배기량·트림,,32.0
EC61357534,https://www.kcar.com/bc/detail/carInfoDtl?i_sCarCd=EC61357534,기아,디 올 뉴 스포티지,스포티지,기아 디 올 뉴 스포티지 2.0 디젤 AWD 프레스티지,2.0 디젤 AWD 프레스티지,2.0,2.0 디젤 AWD,2023-05,2023,2023,92927,2040,,2186,디젤,디젤,오토,1998,5,SUV,SUV,무사고,,,후방카메라|후방센서|후측방경보|스마트크루즈|타이어공기압경고|차체자세제어|전자식파킹브레이크|통풍시트|열선시트|스마트키|내비|크루즈|전동시트|하이패스,4,후측방경보|스마트크루즈,2,2,수원신갈직영점 경기/인천,,,https://img.kcar.com/carpicture/carpicture05/pic6135/kcarM_61357534_045.jpg,출퇴근용|영업용,N,SELL,디 올 뉴 스포티지 2023±1 / 같은 세대·연료·엔진(트림 등급 섞임),11,2140,27608,0.0467,-2.3659,같은 세대·연료·엔진(트림 등급 섞임),,32.0
EC61386288,https://www.kcar.com/bc/detail/carInfoDtl?i_sCarCd=EC61386288,현대,쏘나타 DN8,쏘나타,현대 쏘나타 DN8 2.0 가솔린 프리미엄 플러스,2.0 가솔린 프리미엄 플러스,2.0,2.0 가솔린,2022-03,2022,2022,68094,1720,,1843,가솔린,가솔린,오토,1999,5,세단,중형차,단순수리,,,후방카메라|후방센서|전방센서|자동긴급제동|후측방경보|차선이탈경보|타이어공기압경고|차체자세제어|경사로밀림방지|전자식파킹브레이크|통풍시트|열선시트|스마트키|내비|크루즈|전동시트|하이패스,4,자동긴급제동|후측방경보|차선이탈경보,3,3,분당용인직영점 경기/인천,,,https://img.kcar.com/carpicture/carpicture08/pic6138/kcarM_61386288_045.jpg,,N,SELL,쏘나타 DN8 2022±1 / 같은 세대·연료·배기량·트림,17,1870,66118,0.0802,-0.0299,같은 세대·연료·배기량·트림,,32.0
EC61398283,https://www.kcar.com/bc/detail/carInfoDtl?i_sCarCd=EC61398283,기아,셀토스,셀토스,기아 셀토스 가솔린 터보 1.6 2WD 시그니처,가솔린 터보 1.6 2WD 시그니처,가솔린,가솔린 터보 1.6 2WD,2022-01,2022,2023,41199,2090,,2239,가솔린,가솔린,오토,1591,5,SUV,SUV,단순수리,,,후방카메라|후방센서|전방센서|자동긴급제동|후측방경보|차선이탈경보|스마트크루즈|헤드업디스플레이|타이어공기압경고|차체자세제어|경사로밀림방지|전자식파킹브레이크|통풍시트|열선시트|스마트키|내비|크루즈|전동시트|하이패스|무선충전,4,자동긴급제동|후측방경보|차선이탈경보|스마트크루즈,4,3,강서직영점 경기/인천,,,https://img.kcar.com/3dcarpicture/2026/08/014/61398283_1/main/main780.jpg,,N,SELL,셀토스 2022±1 / 같은 세대·연료·배기량·트림,13,1990,50108,-0.0503,0.1778,같은 세대·연료·배기량·트림,,31.9
EC61405460,https://www.kcar.com/bc/detail/carInfoDtl?i_sCarCd=EC61405460,현대,아반떼 하이브리드 (CN7),아반떼,현대 아반떼 하이브리드 (CN7) 법인전용 ,법인전용,법인전용,법인전용,2023-01,2023,2023,38345,1830,,1961,하이브리드,가솔린+전기,오토,1580,5,세단,준중형차,단순수리,,,후방센서|자동긴급제동|차선이탈경보|스마트크루즈|타이어공기압경고|차체자세제어|경사로밀림방지|전자식파킹브레이크|열선시트|스마트키|크루즈|하이패스,4,자동긴급제동|차선이탈경보|스마트크루즈,3,1,홈서비스 메가센터 홈서비스 메가센터,,,https://img.kcar.com/3dcarpicture/2026/09/173/61405460_1/main/main780.jpg,영업용,N,SELL,아반떼 하이브리드 (CN7) 2023±1 / 같은 세대·연료·배기량·트림,6,1755.0,46657,-0.0427,0.1782,같은 세대·연료·배기량·트림,,31.9
EC61390055,https://www.kcar.com/bc/detail/carInfoDtl?i_sCarCd=EC61390055,기아,스포티지 더 볼드,스포티지,기아 스포티지 더 볼드 디젤 2.0 2WD 시그니쳐,디젤 2.0 2WD 시그니쳐,디젤,디젤 2.0 2WD,2020-04,2020,2020,82905,1690,,1811,디젤,디젤,오토,1995,5,SUV,SUV,무사고,,,후방카메라|후방센서|전방센서|자동긴급제동|후측방경보|차선이탈경보|스마트크루즈|타이어공기압경고|차체자세제어|경사로밀림방지|전자식파킹브레이크|통풍시트|열선시트|스마트키|내비|크루즈|전동시트|하이패스,4,자동긴급제동|후측방경보|차선이탈경보|스마트크루즈,4,3,창원마산직영점 경남,,,https://img.kcar.com/carpicture/carpicture09/pic6139/kcarM_61390055_045.jpg,출퇴근용|영업용,N,SELL,스포티지 더 볼드 2020±1 / 같은 세대·연료·배기량·트림,7,1770,66767,0.0452,-0.2417,같은 세대·연료·배기량·트림,,31.8
EC61401991,https://www.kcar.com/bc/detail/carInfoDtl?i_sCarCd=EC61401991,현대,투싼 (4세대),투싼,현대 투싼 (4세대) 1.6 터보 프리미엄,1.6 터보 프리미엄,1.6,1.6 터보,2021-02,2021,2021,82043,1900,,2036,가솔린,가솔린,오토,1598,5,SUV,SUV,단순수리,,,후방카메라|후방센서|전방센서|후측방경보|차선이탈경보|스마트크루즈|타이어공기압경고|차체자세제어|전자식파킹브레이크|통풍시트|열선시트|스마트키|내비|크루즈|하이패스,4,후측방경보|차선이탈경보|스마트크루즈,3,3,안양직영점 경기/인천,,,https://img.kcar.com/carpicture/carpicture10/pic6140/kcarM_61401991_045.jpg,,N,SELL,투싼 (4세대) 2021±1 / 같은 세대·연료·배기량·트림,13,2060,62501,0.0777,-0.3127,같은 세대·연료·배기량·트림,,31.7
EC61406025,https://www.kcar.com/bc/detail/carInfoDtl?i_sCarCd=EC61406025,기아,쏘렌토 4세대,쏘렌토,기아 쏘렌토 4세대 디젤 2.2 2WD 트렌디,디젤 2.2 2WD 트렌디,디젤,디젤 2.2 2WD,2022-10,2022,2023,80647,2150,,2304,디젤,디젤,오토,2151,5,SUV,SUV,무사고,,,후방카메라|후방센서|전방센서|자동긴급제동|후측방경보|차선이탈경보|스마트크루즈|타이어공기압경고|차체자세제어|전자식파킹브레이크|열선시트|스마트키|내비|크루즈,4,자동긴급제동|후측방경보|차선이탈경보|스마트크루즈,4,3,포천직영점 경기/인천,,,https://img.kcar.com/3dcarpicture/2026/08/145/61406025_1/main/main780.jpg,출퇴근용|영업용,N,SELL,쏘렌토 4세대 2022±1 / 같은 세대·연료·엔진(트림 등급 섞임),14,2250.0,71735,0.0444,-0.1242,같은 세대·연료·엔진(트림 등급 섞임),,31.7
EC61405781,https://www.kcar.com/bc/detail/carInfoDtl?i_sCarCd=EC61405781,현대,더 뉴 그랜저,그랜저,현대 더 뉴 그랜저 가솔린 2.5 익스클루시브,가솔린 2.5 익스클루시브,가솔린,가솔린 2.5,2021-01,2021,2021,86312,1970,,2111,가솔린,가솔린,오토,2497,5,세단,대형차,단순수리,,,후방카메라|전방카메라|어라운드뷰|후방센서|전방센서|후측방경보|차선이탈경보|타이어공기압경고|차체자세제어|전자식파킹브레이크|통풍시트|열선시트|스마트키|내비|크루즈|전동시트|하이패스|무선충전,4,후측방경보|차선이탈경보,2,5,광주풍암직영점 전남,,,https://img.kcar.com/carpicture/carpicture10/pic6140/kcarM_61405781_045.jpg,,N,SELL,더 뉴 그랜저 2021±1 / 같은 세대·연료·배기량·트림,35,2050,94484,0.039,0.0865,같은 세대·연료·배기량·트림,,31.6
EC61403387,https://www.kcar.com/bc/detail/carInfoDtl?i_sCarCd=EC61403387,기아,디 올 뉴 니로,니로,기아 디 올 뉴 니로 트렌디 ,트렌디,트렌디,트렌디,2022-09,2022,2022,98808,1750,,1876,하이브리드,가솔린+전기,오토,1580,5,SUV,SUV,단순수리,,,후방카메라|후방센서|차선이탈경보|타이어공기압경고|차체자세제어|전자식파킹브레이크|열선시트|스마트키|크루즈|하이패스,3,차선이탈경보,1,2,전주직영점 전북,,,https://img.kcar.com/3dcarpicture/2026/08/129/61403387_1/main/main780.jpg,영업용,N,SELL,디 올 뉴 니로 2022±1 / 같은 세대·연료·배기량·트림,8,1860.0,87371,0.0591,-0.1309,같은 세대·연료·배기량·트림,,31.4
EC61406639,https://www.kcar.com/bc/detail/carInfoDtl?i_sCarCd=EC61406639,기아,디 올 뉴 니로,니로,기아 디 올 뉴 니로 트렌디 ,트렌디,트렌디,트렌디,2022-02,2022,2022,99960,1780,,1908,하이브리드,가솔린+전기,오토,1580,5,SUV,SUV,단순수리,,,후방카메라|후방센서|차선이탈경보|타이어공기압경고|차체자세제어|전자식파킹브레이크|열선시트|스마트키|내비|크루즈|하이패스,4,차선이탈경보,1,2,양산직영점 경남,,,https://img.kcar.com/carpicture/carpicture10/pic6140/kcarM_61406639_045.jpg,영업용,N,SELL,디 올 뉴 니로 2022±1 / 같은 세대·연료·배기량·트림,8,1860.0,87371,0.043,-0.1441,같은 세대·연료·배기량·트림,,31.4
EC61406379,https://www.kcar.com/bc/detail/carInfoDtl?i_sCarCd=EC61406379,현대,더 뉴 그랜저,그랜저,현대 더 뉴 그랜저 가솔린 2.5 르블랑,가솔린 2.5 르블랑,가솔린,가솔린 2.5,2021-07,2021,2022,72590,2150,,2304,가솔린,가솔린,오토,2497,5,세단,대형차,단순수리,,,후방카메라|전방카메라|어라운드뷰|후방센서|전방센서|자동긴급제동|후측방경보|차선이탈경보|스마트크루즈|타이어공기압경고|차체자세제어|전자식파킹브레이크|통풍시트|열선시트|스마트키|내비|크루즈|전동시트|하이패스|무선충전,3,자동긴급제동|후측방경보|차선이탈경보|스마트크루즈,4,5,홈서비스 메가센터 홈서비스 메가센터,,,https://img.kcar.com/3dcarpicture/2026/09/173/61406379_1/main/main780.jpg,,N,SELL,더 뉴 그랜저 2021±1 / 같은 세대·연료·배기량·트림,11,2190,83327,0.0183,0.1289,같은 세대·연료·배기량·트림,,31.3
EC61410097,https://www.kcar.com/bc/detail/carInfoDtl?i_sCarCd=EC61410097,기아,스팅어,스팅어,기아 스팅어 2.0 터보 2WD 플래티넘,2.0 터보 2WD 플래티넘,2.0,2.0 터보 2WD,2020-06,2020,2020,74402,1720,,1843,가솔린,가솔린,오토,1998,5,세단,중형차,단순수리,,,후방카메라|후방센서|전방센서|자동긴급제동|후측방경보|차선이탈경보|스마트크루즈|타이어공기압경고|차체자세제어|경사로밀림방지|전자식파킹브레이크|통풍시트|열선시트|스마트키|내비|크루즈|전동시트|하이패스,4,자동긴급제동|후측방경보|차선이탈경보|스마트크루즈,4,3,대전직영점 충남,,,https://img.kcar.com/3dcarpicture/2026/09/067/61410097_1/main/main780.jpg,,N,SELL,스팅어 2020±1 / 같은 세대·연료·배기량·트림,5,1690,89590,-0.0178,0.1695,같은 세대·연료·배기량·트림,,31.3
EC61410916,https://www.kcar.com/bc/detail/carInfoDtl?i_sCarCd=EC61410916,현대,베뉴,베뉴,현대 베뉴 1.6 모던 플러스 ,1.6 모던 플러스,1.6,1.6 모던 플러스,2022-02,2022,2022,53993,1700,,1822,가솔린,가솔린,오토,1598,5,SUV,SUV,무사고,,,후방카메라|후방센서|후측방경보|차선이탈경보|타이어공기압경고|차체자세제어|통풍시트|열선시트|스마트키|내비|크루즈|하이패스,4,후측방경보|차선이탈경보,2,2,오산동탄직영점 경기/인천,,,https://img.kcar.com/carpicture/carpicture01/pic6141/kcarM_61410916_045.jpg,,N,SELL,베뉴 2022±1 / 같은 세대·연료·배기량·트림,3,1690,55101,-0.0059,0.0201,같은 세대·연료·배기량·트림,,31.3
EC61404937,https://www.kcar.com/bc/detail/carInfoDtl?i_sCarCd=EC61404937,기아,더 뉴 K3 2세대,K3,기아 더 뉴 K3 2세대 트렌디 ,트렌디,트렌디,트렌디,2023-04,2023,2023,73499,1360,,1458,가솔린,가솔린,오토,1598,5,세단,준중형차,단순수리,,,후방카메라|후방센서|차선이탈경보|타이어공기압경고|차체자세제어|열선시트|스마트키|내비|크루즈|하이패스,4,차선이탈경보,1,2,광주풍암직영점 전남,,,https://img.kcar.com/carpicture/carpicture10/pic6140/kcarM_61404937_045.jpg,,N,SELL,더 뉴 K3 2세대 2023±1 / 같은 세대·연료·배기량·트림,11,1470,70619,0.0748,-0.0408,같은 세대·연료·배기량·트림,,31.2
EC61405523,https://www.kcar.com/bc/detail/carInfoDtl?i_sCarCd=EC61405523,현대,쏘나타 DN8,쏘나타,현대 쏘나타 DN8 2.0 가솔린 프리미엄 플러스,2.0 가솔린 프리미엄 플러스,2.0,2.0 가솔린,2022-05,2022,2022,54997,1990,,2132,가솔린,가솔린,오토,1999,5,세단,중형차,단순수리,,,후방카메라|후방센서|전방센서|후측방경보|차선이탈경보|스마트크루즈|타이어공기압경고|차체자세제어|전자식파킹브레이크|통풍시트|열선시트|스마트키|내비|크루즈|전동시트|하이패스|무선충전,4,후측방경보|차선이탈경보|스마트크루즈,3,3,수원신갈직영점 경기/인천,,,https://img.kcar.com/carpicture/carpicture10/pic6140/kcarM_61405523_045.jpg,,N,SELL,쏘나타 DN8 2022±1 / 같은 세대·연료·배기량·트림,17,1870,66118,-0.0642,0.1682,같은 세대·연료·배기량·트림,,31.2
EC61373105,https://www.kcar.com/bc/detail/carInfoDtl?i_sCarCd=EC61373105,현대,벨로스터-N,벨로스터,현대 벨로스터-N T-Gdi 2.0 N,T-Gdi 2.0 N,T-Gdi,T-Gdi 2.0,2021-03,2021,2021,83026,1990,,2132,가솔린,가솔린,오토,1998,5,해치백,준중형차,무사고,,,후방카메라|후방센서|자동긴급제동|후측방경보|차선이탈경보|타이어공기압경고|차체자세제어|열선시트|스마트키|내비|크루즈|하이패스,3,자동긴급제동|후측방경보|차선이탈경보,3,2,세종공주직영점 충남,,,https://img.kcar.com/3dcarpicture/2026/07/169/61373105_2/main/main780.jpg,,N,SELL,벨로스터-N 2021±1 / 같은 세대·연료·배기량·트림,5,1890,84424,-0.0529,0.0166,같은 세대·연료·배기량·트림,,31.1
EC61402097,https://www.kcar.com/bc/detail/carInfoDtl?i_sCarCd=EC61402097,현대,투싼 (4세대),투싼,현대 투싼 (4세대) 1.6 터보 모던,1.6 터보 모던,1.6,1.6 터보,2021-12,2021,2022,96725,1760,,1886,가솔린,가솔린,오토,1598,5,SUV,SUV,단순수리,,,후방카메라|전방센서|자동긴급제동|후측방경보|차선이탈경보|스마트크루즈|타이어공기압경고|차체자세제어|전자식파킹브레이크|통풍시트|열선시트|스마트키|내비|크루즈|하이패스,4,자동긴급제동|후측방경보|차선이탈경보|스마트크루즈,4,2,화성직영점 경기/인천,,,https://img.kcar.com/3dcarpicture/2026/08/175/61402097_1/main/main780.jpg,,N,SELL,투싼 (4세대) 2021±1 / 같은 세대·연료·배기량·트림,13,1900,68466,0.0737,-0.4127,같은 세대·연료·배기량·트림,,31.1
EC61406936,https://www.kcar.com/bc/detail/carInfoDtl?i_sCarCd=EC61406936,기아,K7 프리미어,K7,기아 K7 프리미어 가솔린 2.5 프레스티지,가솔린 2.5 프레스티지,가솔린,가솔린 2.5,2020-06,2020,2020,94018,1520,,1629,가솔린,가솔린,오토,2497,5,세단,대형차,무사고,,,후방카메라|후방센서|전방센서|자동긴급제동|차선이탈경보|타이어공기압경고|차체자세제어|경사로밀림방지|통풍시트|열선시트|스마트키|내비|크루즈|전동시트|하이패스,4,자동긴급제동|차선이탈경보,2,3,창원마산직영점 경남,,,https://img.kcar.com/carpicture/carpicture10/pic6140/kcarM_61406936_045.jpg,,N,SELL,K7 프리미어 2020±1 / 같은 세대·연료·배기량·트림,5,1530,94018,0.0065,0.0,같은 세대·연료·배기량·트림,,31.0
EC61408157,https://www.kcar.com/bc/detail/carInfoDtl?i_sCarCd=EC61408157,기아,더 뉴 K3 2세대,K3,기아 더 뉴 K3 2세대 프레스티지 ,프레스티지,프레스티지,프레스티지,2022-10,2022,2023,97680,1450,,1554,가솔린,가솔린,오토,1598,5,세단,준중형차,단순수리,,,후방카메라|후방센서|차선이탈경보|타이어공기압경고|차체자세제어|경사로밀림방지|통풍시트|열선시트|스마트키|내비|크루즈|하이패스|무선충전,4,차선이탈경보,1,2,구미직영점 경북,,,https://img.kcar.com/3dcarpicture/2026/09/075/61408157_1/main/main780.jpg,,N,SELL,더 뉴 K3 2세대 2022±1 / 같은 세대·연료·배기량·트림,10,1565.0,75568,0.0735,-0.2926,같은 세대·연료·배기량·트림,,31.0
EC61403083,https://www.kcar.com/bc/detail/carInfoDtl?i_sCarCd=EC61403083,기아,더 뉴 셀토스,셀토스,기아 더 뉴 셀토스 가솔린 터보 1.6 2WD 프레스티지,가솔린 터보 1.6 2WD 프레스티지,가솔린,가솔린 터보 1.6 2WD,2023-08,2023,2024,63512,2150,,2304,가솔린,가솔린,오토,1598,5,SUV,SUV,단순수리,,,후방카메라|후방센서|전방센서|자동긴급제동|후측방경보|차선이탈경보|스마트크루즈|타이어공기압경고|차체자세제어|전자식파킹브레이크|통풍시트|열선시트|스마트키|내비|크루즈|전동시트|하이패스,4,자동긴급제동|후측방경보|차선이탈경보|스마트크루즈,4,3,서초직영점 서울,,,https://img.kcar.com/carpicture/carpicture10/pic6140/kcarM_61403083_045.jpg,,N,SELL,더 뉴 셀토스 2023±1 / 같은 세대·연료·배기량·트림,5,2320,37679,0.0733,-0.6856,같은 세대·연료·배기량·트림,,31.0
EC61404263,https://www.kcar.com/bc/detail/carInfoDtl?i_sCarCd=EC61404263,현대,더 뉴 아반떼 AD,아반떼,현대 더 뉴 아반떼 AD 1.6 스마트 초이스,1.6 스마트 초이스,1.6,1.6,2020-01,2020,2020,76857,1080,,1159,가솔린,가솔린,오토,1598,5,세단,준중형차,단순수리,,,후방카메라|후방센서|후측방경보|타이어공기압경고|차체자세제어|열선시트|스마트키|내비|하이패스,4,후측방경보,1,2,원주직영점 강원,,,https://img.kcar.com/carpicture/carpicture10/pic6140/kcarM_61404263_045.jpg,,N,SELL,더 뉴 아반떼 AD 2020±1 / 같은 세대·연료·배기량·트림,4,1165.0,72450,0.073,-0.0608,같은 세대·연료·배기량·트림,,30.9
EC61369916,https://www.kcar.com/bc/detail/carInfoDtl?i_sCarCd=EC61369916,현대,더 뉴 싼타페,싼타페,현대 더 뉴 싼타페 디젤 2.2 2WD 프레스티지,디젤 2.2 2WD 프레스티지,디젤,디젤 2.2 2WD,2020-11,2020,2021,96392,1940,,2079,디젤,디젤,오토,2151,5,SUV,SUV,단순수리,,,후방카메라|전방카메라|어라운드뷰|후방센서|전방센서|자동긴급제동|후측방경보|차선이탈경보|스마트크루즈|타이어공기압경고|차체자세제어|경사로밀림방지|전자식파킹브레이크|통풍시트|열선시트|스마트키|내비|크루즈|전동시트|하이패스,4,자동긴급제동|후측방경보|차선이탈경보|스마트크루즈,4,5,울산직영점 경남,,,https://img.kcar.com/carpicture/carpicture06/pic6136/kcarM_61369916_045.jpg,출퇴근용|영업용,N,SELL,더 뉴 싼타페 2020±1 / 같은 세대·연료·배기량·트림,25,2170,90619,0.106,-0.0637,같은 세대·연료·배기량·트림,,30.9
EC61392208,https://www.kcar.com/bc/detail/carInfoDtl?i_sCarCd=EC61392208,기아,K5 3세대,K5,기아 K5 3세대 가솔린 2.0 노블레스,가솔린 2.0 노블레스,가솔린,가솔린 2.0,2020-01,2020,2020,61414,1810,,1940,가솔린,가솔린,오토,1999,5,세단,중형차,단순수리,,,후방카메라|전방카메라|어라운드뷰|후방센서|전방센서|후측방경보|차선이탈경보|스마트크루즈|타이어공기압경고|차체자세제어|전자식파킹브레이크|통풍시트|열선시트|스마트키|내비|크루즈|전동시트|하이패스|무선충전,4,후측방경보|차선이탈경보|스마트크루즈,3,5,안양직영점 경기/인천,,,https://img.kcar.com/carpicture/carpicture09/pic6139/kcarM_61392208_045.jpg,,N,SELL,K5 3세대 2020±1 / 같은 세대·연료·배기량·트림,12,1775.0,73406,-0.0197,0.1634,같은 세대·연료·배기량·트림,,30.9
EC61406528,https://www.kcar.com/bc/detail/carInfoDtl?i_sCarCd=EC61406528,현대,더 뉴 그랜저,그랜저,현대 더 뉴 그랜저 가솔린 2.5 익스클루시브,가솔린 2.5 익스클루시브,가솔린,가솔린 2.5,2020-09,2020,2020,99438,1980,,2122,가솔린,가솔린,오토,2497,5,세단,대형차,무사고,,,후방카메라|전방카메라|어라운드뷰|후방센서|전방센서|자동긴급제동|후측방경보|차선이탈경보|헤드업디스플레이|타이어공기압경고|차체자세제어|전자식파킹브레이크|통풍시트|열선시트|스마트키|내비|크루즈|전동시트|하이패스|무선충전,4,자동긴급제동|후측방경보|차선이탈경보,3,5,해운대직영점 경남,,,https://img.kcar.com/carpicture/carpicture10/pic6140/kcarM_61406528_045.jpg,,N,SELL,더 뉴 그랜저 2020±1 / 같은 세대·연료·배기량·트림,29,1990,94810,0.005,-0.0488,같은 세대·연료·배기량·트림,,30.8
EC61406922,https://www.kcar.com/bc/detail/carInfoDtl?i_sCarCd=EC61406922,현대,투싼 (4세대),투싼,현대 투싼 (4세대) 1.6 터보 모던,1.6 터보 모던,1.6,1.6 터보,2022-09,2022,2023,73358,1890,,2025,가솔린,가솔린,오토,1598,5,SUV,SUV,무사고,,,후방카메라|후방센서|자동긴급제동|차선이탈경보|타이어공기압경고|차체자세제어|경사로밀림방지|전자식파킹브레이크|통풍시트|열선시트|스마트키|내비|크루즈|하이패스,4,자동긴급제동|차선이탈경보,2,2,화성직영점 경기/인천,,,https://img.kcar.com/carpicture/carpicture10/pic6140/kcarM_61406922_045.jpg,,N,SELL,투싼 (4세대) 2022±1 / 같은 세대·연료·배기량·트림,13,1900,68466,0.0053,-0.0715,같은 세대·연료·배기량·트림,,30.8
EC61374079,https://www.kcar.com/bc/detail/carInfoDtl?i_sCarCd=EC61374079,현대,더 뉴 싼타페,싼타페,현대 더 뉴 싼타페 디젤 2.2 2WD 프레스티지,디젤 2.2 2WD 프레스티지,디젤,디젤 2.2 2WD,2021-01,2021,2021,87093,2120,,2271,디젤,디젤,오토,2151,5,SUV,SUV,무사고,,,후방카메라|후방센서|전방센서|후측방경보|차선이탈경보|스마트크루즈|타이어공기압경고|차체자세제어|전자식파킹브레이크|통풍시트|열선시트|스마트키|내비|크루즈|전동시트|하이패스,4,후측방경보|차선이탈경보|스마트크루즈,3,3,대전직영점 충남,,,https://img.kcar.com/3dcarpicture/2026/07/067/61374079_1/main/main780.jpg,출퇴근용|영업용,N,SELL,더 뉴 싼타페 2021±1 / 같은 세대·연료·배기량·트림,34,2205.0,80689,0.0385,-0.0794,같은 세대·연료·배기량·트림,,30.8
EC61396347,https://www.kcar.com/bc/detail/carInfoDtl?i_sCarCd=EC61396347,현대,아반떼 N,아반떼,현대 아반떼 N 2.0 터보 ,2.0 터보,2.0,2.0 터보,2022-04,2022,2022,56117,2200,,2357,가솔린,가솔린,수동,1998,5,세단,준중형차,무사고,,,후방카메라|후방센서|전방센서|후측방경보|차선이탈경보|타이어공기압경고|차체자세제어|통풍시트|열선시트|스마트키|내비|크루즈|선루프|전동시트|하이패스|무선충전,4,후측방경보|차선이탈경보,2,3,울산직영점 경남,,,https://img.kcar.com/carpicture/carpicture09/pic6139/kcarM_61396347_045.jpg,,N,SELL,아반떼 N 2022±1 / 같은 세대·연료·배기량·트림,8,2210.0,49249,0.0045,-0.1394,같은 세대·연료·배기량·트림,,30.7
EC61403103,https://www.kcar.com/bc/detail/carInfoDtl?i_sCarCd=EC61403103,현대,더 뉴 그랜저,그랜저,현대 더 뉴 그랜저 가솔린 2.5 르블랑,가솔린 2.5 르블랑,가솔린,가솔린 2.5,2022-02,2022,2022,83327,2180,,2336,가솔린,가솔린,오토,2497,5,세단,대형차,무사고,,,후방카메라|전방카메라|어라운드뷰|후방센서|전방센서|자동긴급제동|후측방경보|차선이탈경보|스마트크루즈|타이어공기압경고|차체자세제어|전자식파킹브레이크|통풍시트|열선시트|스마트키|내비|크루즈|전동시트|하이패스|무선충전,4,자동긴급제동|후측방경보|차선이탈경보|스마트크루즈,4,5,원주직영점 강원,,,https://img.kcar.com/3dcarpicture/2026/08/168/61403103_1/main/main780.jpg,,N,SELL,더 뉴 그랜저 2022±1 / 같은 세대·연료·배기량·트림,11,2190,83327,0.0046,0.0,같은 세대·연료·배기량·트림,,30.7
EC61407240,https://www.kcar.com/bc/detail/carInfoDtl?i_sCarCd=EC61407240,기아,쏘렌토 4세대,쏘렌토,기아 쏘렌토 4세대 디젤 2.2 4WD 프레스티지,디젤 2.2 4WD 프레스티지,디젤,디젤 2.2 4WD,2021-08,2021,2022,94000,2090,,2239,디젤,디젤,오토,2151,5,SUV,SUV,단순수리,,,후방카메라|후방센서|전방센서|자동긴급제동|후측방경보|차선이탈경보|스마트크루즈|타이어공기압경고|차체자세제어|전자식파킹브레이크|통풍시트|열선시트|스마트키|내비|크루즈|전동시트|하이패스,4,자동긴급제동|후측방경보|차선이탈경보|스마트크루즈,4,3,전주직영점 전북,,,https://img.kcar.com/carpicture/carpicture10/pic6140/kcarM_61407240_045.jpg,출퇴근용|영업용,N,SELL,쏘렌토 4세대 2021±1 / 같은 세대·연료·엔진(트림 등급 섞임),6,2335.0,85297,0.1049,-0.102,같은 세대·연료·엔진(트림 등급 섞임),,30.7
EC61405468,https://www.kcar.com/bc/detail/carInfoDtl?i_sCarCd=EC61405468,현대,아반떼 하이브리드 (CN7),아반떼,현대 아반떼 하이브리드 (CN7) 법인전용 ,법인전용,법인전용,법인전용,2023-01,2023,2023,54688,1750,,1876,하이브리드,가솔린+전기,오토,1580,5,세단,준중형차,무사고,,,후방센서|차선이탈경보|스마트크루즈|타이어공기압경고|차체자세제어|전자식파킹브레이크|열선시트|스마트키|크루즈|하이패스,4,차선이탈경보|스마트크루즈,2,1,장한평직영점 서울,,,https://img.kcar.com/3dcarpicture/2026/08/095/61405468_1/main/main780.jpg,영업용,N,SELL,아반떼 하이브리드 (CN7) 2023±1 / 같은 세대·연료·배기량·트림,6,1755.0,46657,0.0028,-0.1721,같은 세대·연료·배기량·트림,,30.4
EC61400656,https://www.kcar.com/bc/detail/carInfoDtl?i_sCarCd=EC61400656,제네시스,G70,G70,제네시스 G70 2.0T 엘리트,2.0T 엘리트,2.0T,2.0T,2020-09,2020,2020,95587,1740,,1865,가솔린,가솔린,오토,1998,5,세단,중형차,단순수리,,,후방카메라|후방센서|전방센서|후측방경보|차선이탈경보|스마트크루즈|타이어공기압경고|차체자세제어|전자식파킹브레이크|통풍시트|열선시트|스마트키|내비|크루즈|전동시트|하이패스,4,후측방경보|차선이탈경보|스마트크루즈,3,3,구미직영점 경북,,,https://img.kcar.com/3dcarpicture/2026/08/075/61400656_2/main/main780.jpg,,N,SELL,G70 2020±1 / 같은 세대·연료·배기량·트림,14,1870.0,92472,0.0695,-0.0337,같은 세대·연료·배기량·트림,,30.4
EC61407554,https://www.kcar.com/bc/detail/carInfoDtl?i_sCarCd=EC61407554,현대,쏘나타 DN8,쏘나타,현대 쏘나타 DN8 1.6 터보 프리미엄 플러스,1.6 터보 프리미엄 플러스,1.6,1.6 터보,2021-07,2021,2022,58934,1750,,1876,가솔린,가솔린,오토,1598,5,세단,중형차,단순수리,,,후방카메라|전방센서|자동긴급제동|후측방경보|차선이탈경보|스마트크루즈|타이어공기압경고|차체자세제어|경사로밀림방지|통풍시트|열선시트|스마트키|내비|크루즈|전동시트|하이패스|무선충전,4,자동긴급제동|후측방경보|차선이탈경보|스마트크루즈,4,2,장한평직영점 서울,,,https://img.kcar.com/3dcarpicture/2026/09/095/61407554_1/main/main780.jpg,,N,SELL,쏘나타 DN8 2021±1 / 같은 세대·연료·배기량·트림,5,1880,58934,0.0691,0.0,같은 세대·연료·배기량·트림,,30.4
EC61403413,https://www.kcar.com/bc/detail/carInfoDtl?i_sCarCd=EC61403413,현대,더 뉴 아반떼 AD,아반떼,현대 더 뉴 아반떼 AD 1.6 스마트 베스트 초이스 패키지,1.6 스마트 베스트 초이스 패키지,1.6,1.6,2020-03,2020,2020,95382,1090,,1169,가솔린,가솔린,오토,1598,5,세단,준중형차,단순수리,,,후방카메라|후방센서|자동긴급제동|후측방경보|차선이탈경보|스마트크루즈|타이어공기압경고|차체자세제어|열선시트|스마트키|내비|크루즈|하이패스,4,자동긴급제동|후측방경보|차선이탈경보|스마트크루즈,4,2,용인직영점 경기/인천,,,https://img.kcar.com/3dcarpicture/2026/09/140/61403413_1/main/main780.jpg,,N,SELL,더 뉴 아반떼 AD 2020±1 / 같은 세대·연료·배기량·트림,5,1170,95382,0.0684,0.0,같은 세대·연료·배기량·트림,,30.3
EC61397223,https://www.kcar.com/bc/detail/carInfoDtl?i_sCarCd=EC61397223,기아,스포티지 더 볼드,스포티지,기아 스포티지 더 볼드 가솔린 2.0 2WD 프레스티지,가솔린 2.0 2WD 프레스티지,가솔린,가솔린 2.0 2WD,2021-06,2021,2022,30615,1790,,1918,가솔린,가솔린,오토,1999,5,SUV,SUV,단순수리,,,후방카메라|후방센서|차선이탈경보|타이어공기압경고|차체자세제어|전자식파킹브레이크|통풍시트|열선시트|스마트키|내비|크루즈|전동시트|하이패스,4,차선이탈경보,1,2,서대구직영점 경북,,,https://img.kcar.com/carpicture/carpicture09/pic6139/kcarM_61397223_045.jpg,,N,SELL,스포티지 더 볼드 2021±1 / 같은 세대·연료·엔진(트림 등급 섞임),3,1920,30615,0.0677,0.0,같은 세대·연료·엔진(트림 등급 섞임),,30.2
EC61401797,https://www.kcar.com/bc/detail/carInfoDtl?i_sCarCd=EC61401797,기아,더 뉴 K3 2세대,K3,기아 더 뉴 K3 2세대 트렌디 ,트렌디,트렌디,트렌디,2023-03,2023,2023,75419,1370,,1469,가솔린,가솔린,오토,1598,5,세단,준중형차,단순수리,,,후방카메라|후방센서|자동긴급제동|차선이탈경보|타이어공기압경고|차체자세제어|열선시트|스마트키|내비|크루즈|하이패스,4,자동긴급제동|차선이탈경보,2,2,경기서부직영점 경기/인천,,,https://img.kcar.com/carpicture/carpicture10/pic6140/kcarM_61401797_045.jpg,,N,SELL,더 뉴 K3 2세대 2023±1 / 같은 세대·연료·배기량·트림,11,1470,70619,0.068,-0.068,같은 세대·연료·배기량·트림,,30.2
EC61411166,https://www.kcar.com/bc/detail/carInfoDtl?i_sCarCd=EC61411166,기아,K5 3세대,K5,기아 K5 3세대 가솔린 2.0 프레스티지,가솔린 2.0 프레스티지,가솔린,가솔린 2.0,2020-09,2020,2020,92682,1620,,1736,가솔린,가솔린,오토,1999,5,세단,중형차,무사고,,,후방카메라|후방센서|자동긴급제동|차선이탈경보|타이어공기압경고|차체자세제어|전자식파킹브레이크|통풍시트|열선시트|스마트키|크루즈|전동시트|하이패스,4,자동긴급제동|차선이탈경보,2,2,일산직영점 경기/인천,,,https://img.kcar.com/carpicture/carpicture01/pic6141/kcarM_61411166_045.jpg,,N,SELL,K5 3세대 2020±1 / 같은 세대·연료·배기량·트림,10,1650.0,88561,0.0182,-0.0465,같은 세대·연료·배기량·트림,,30.2
EC61386319,https://www.kcar.com/bc/detail/carInfoDtl?i_sCarCd=EC61386319,현대,투싼 (4세대),투싼,현대 투싼 (4세대) 1.6 터보 프리미엄,1.6 터보 프리미엄,1.6,1.6 터보,2020-11,2020,2021,89840,1940,,2079,가솔린,가솔린,오토,1598,5,SUV,SUV,단순수리,,,후방카메라|후방센서|전방센서|후측방경보|차선이탈경보|스마트크루즈|타이어공기압경고|차체자세제어|전자식파킹브레이크|통풍시트|열선시트|스마트키|내비|크루즈|선루프|하이패스,4,후측방경보|차선이탈경보|스마트크루즈,3,3,아산직영점 충남,,,https://img.kcar.com/3dcarpicture/2026/07/174/61386319_1/main/main780.jpg,,N,SELL,투싼 (4세대) 2020±1 / 같은 세대·연료·배기량·트림,10,2080.0,61360,0.0673,-0.4641,같은 세대·연료·배기량·트림,,30.1
EC61382052,https://www.kcar.com/bc/detail/carInfoDtl?i_sCarCd=EC61382052,현대,더 뉴 싼타페,싼타페,현대 더 뉴 싼타페 디젤 2.2 2WD 익스클루시브,디젤 2.2 2WD 익스클루시브,디젤,디젤 2.2 2WD,2022-09,2022,2022,89615,1970,,2111,디젤,디젤,오토,2151,5,SUV,SUV,무사고,,,후방카메라|후방센서|전방센서|차선이탈경보|타이어공기압경고|차체자세제어|전자식파킹브레이크|통풍시트|열선시트|스마트키|내비|크루즈|하이패스,4,차선이탈경보,1,3,장한평직영점 서울,,,https://img.kcar.com/3dcarpicture/2026/08/095/61382052_1/main/main780.jpg,출퇴근용|영업용,N,SELL,더 뉴 싼타페 2022±1 / 같은 세대·연료·배기량·트림,3,2040,73926,0.0343,-0.2122,같은 세대·연료·배기량·트림,,30.1
EC61406004,https://www.kcar.com/bc/detail/carInfoDtl?i_sCarCd=EC61406004,현대,더 뉴 그랜저,그랜저,현대 더 뉴 그랜저 가솔린 2.5 캘리그래피,가솔린 2.5 캘리그래피,가솔린,가솔린 2.5,2020-05,2020,2020,96654,2150,,2304,가솔린,가솔린,오토,2497,5,세단,대형차,무사고,,,후방카메라|전방카메라|어라운드뷰|후방센서|전방센서|후측방경보|차선이탈경보|스마트크루즈|타이어공기압경고|차체자세제어|전자식파킹브레이크|통풍시트|열선시트|스마트키|내비|크루즈|전동시트|하이패스|무선충전,4,후측방경보|차선이탈경보|스마트크루즈,3,5,세종공주직영점 충남,,,https://img.kcar.com/3dcarpicture/2026/09/169/61406004_1/main/main780.jpg,,N,SELL,더 뉴 그랜저 2020±1 / 같은 세대·연료·배기량·트림,15,2150,96654,0.0,0.0,같은 세대·연료·배기량·트림,,30.0
EC61402147,https://www.kcar.com/bc/detail/carInfoDtl?i_sCarCd=EC61402147,현대,올 뉴 투싼 TL,투싼,현대 올 뉴 투싼 TL 가솔린 1.6 터보 2WD 모던,가솔린 1.6 터보 2WD 모던,가솔린,가솔린 1.6 터보 2WD,2020-08,2020,2020,79868,1720,,1843,가솔린,가솔린,오토,1591,5,SUV,SUV,무사고,,,후방카메라|전방카메라|어라운드뷰|후방센서|전방센서|자동긴급제동|후측방경보|차선이탈경보|스마트크루즈|타이어공기압경고|차체자세제어|전자식파킹브레이크|통풍시트|열선시트|스마트키|내비|크루즈|하이패스|무선충전,4,자동긴급제동|후측방경보|차선이탈경보|스마트크루즈,4,5,홈서비스 메가센터 홈서비스 메가센터,,,https://img.kcar.com/3dcarpicture/2026/08/173/61402147_1/main/main780.jpg,,N,SELL,올 뉴 투싼 TL 2020±1 / 같은 세대·연료·배기량·트림,3,1650,79868,-0.0424,0.0,같은 세대·연료·배기량·트림,,30.0
EC61392773,https://www.kcar.com/bc/detail/carInfoDtl?i_sCarCd=EC61392773,현대,싼타페 TM,싼타페,현대 싼타페 TM 가솔린 2.0T 2WD 프레스티지,가솔린 2.0T 2WD 프레스티지,가솔린,가솔린 2.0T 2WD,2020-03,2020,2020,80212,2160,,2314,가솔린,가솔린,오토,1998,5,SUV,SUV,무사고,,,후방카메라|전방카메라|어라운드뷰|후방센서|전방센서|자동긴급제동|후측방경보|차선이탈경보|스마트크루즈|타이어공기압경고|차체자세제어|전자식파킹브레이크|통풍시트|열선시트|스마트키|내비|크루즈|전동시트|하이패스,4,자동긴급제동|후측방경보|차선이탈경보|스마트크루즈,4,5,오산동탄직영점 경기/인천,,,https://img.kcar.com/carpicture/carpicture09/pic6139/kcarM_61392773_045.jpg,,N,SELL,싼타페 TM 2020±1 / 같은 세대·연료·배기량·트림,19,1980,80212,-0.0909,0.0,같은 세대·연료·배기량·트림,,30.0
EC61410056,https://www.kcar.com/bc/detail/carInfoDtl?i_sCarCd=EC61410056,현대,베뉴,베뉴,현대 베뉴 1.6 플럭스 ,1.6 플럭스,1.6,1.6 플럭스,2021-04,2021,2021,79892,1700,,1822,가솔린,가솔린,오토,1598,5,SUV,SUV,무사고,,,후방카메라|후방센서|자동긴급제동|후측방경보|차선이탈경보|타이어공기압경고|차체자세제어|통풍시트|열선시트|스마트키|내비|크루즈|선루프|하이패스,4,자동긴급제동|후측방경보|차선이탈경보,3,2,천안직영점 충남,,,https://img.kcar.com/carpicture/carpicture01/pic6141/kcarM_61410056_045.jpg,,N,SELL,베뉴 2021±1 / 같은 세대·연료·배기량(트림 섞임),5,1690,58816,-0.0059,-0.3583,같은 세대·연료·배기량(트림 섞임),,30.0
EC61410052,https://www.kcar.com/bc/detail/carInfoDtl?i_sCarCd=EC61410052,현대,아반떼 (CN7),아반떼,현대 아반떼 (CN7) 가솔린 1.6 모던,가솔린 1.6 모던,가솔린,가솔린 1.6,2020-09,2020,2021,91504,1480,,1587,가솔린,가솔린,오토,1598,5,세단,준중형차,무사고,,,후방카메라|후방센서|자동긴급제동|차선이탈경보|타이어공기압경고|차체자세제어|경사로밀림방지|통풍시트|열선시트|스마트키|내비|크루즈|하이패스,4,자동긴급제동|차선이탈경보,2,2,양산직영점 경남,,,https://img.kcar.com/carpicture/carpicture01/pic6141/kcarM_61410052_045.jpg,,N,SELL,아반떼 (CN7) 2020±1 / 같은 세대·연료·배기량·트림,13,1480,83495,0.0,-0.0959,같은 세대·연료·배기량·트림,,30.0
EC61411190,https://www.kcar.com/bc/detail/carInfoDtl?i_sCarCd=EC61411190,현대,더 뉴 그랜저,그랜저,현대 더 뉴 그랜저 가솔린 2.5 프리미엄 초이스,가솔린 2.5 프리미엄 초이스,가솔린,가솔린 2.5,2021-06,2021,2022,92551,2050,,2196,가솔린,가솔린,오토,2497,5,세단,대형차,무사고,,,후방카메라|후방센서|전방센서|후측방경보|차선이탈경보|스마트크루즈|타이어공기압경고|차체자세제어|경사로밀림방지|전자식파킹브레이크|통풍시트|열선시트|스마트키|내비|크루즈|전동시트|하이패스|무선충전,4,후측방경보|차선이탈경보|스마트크루즈,3,3,구미직영점 경북,,,https://img.kcar.com/3dcarpicture/2026/09/075/61411190_1/main/main780.jpg,,N,SELL,더 뉴 그랜저 2021±1 / 같은 세대·연료·배기량·트림,27,1850,92248,-0.1081,-0.0033,같은 세대·연료·배기량·트림,,30.0
EC61403397,https://www.kcar.com/bc/detail/carInfoDtl?i_sCarCd=EC61403397,현대,더 뉴 그랜저,그랜저,현대 더 뉴 그랜저 가솔린 2.5 익스클루시브,가솔린 2.5 익스클루시브,가솔린,가솔린 2.5,2022-07,2022,2023,95335,2180,,2336,가솔린,가솔린,오토,2497,5,세단,대형차,무사고,,,후방카메라|전방카메라|어라운드뷰|후방센서|전방센서|자동긴급제동|후측방경보|차선이탈경보|스마트크루즈|타이어공기압경고|차체자세제어|전자식파킹브레이크|통풍시트|열선시트|스마트키|내비|크루즈|전동시트|하이패스|무선충전,4,자동긴급제동|후측방경보|차선이탈경보|스마트크루즈,4,5,광주수완직영점 전남,,,https://img.kcar.com/carpicture/carpicture10/pic6140/kcarM_61403397_045.jpg,,N,SELL,더 뉴 그랜저 2022±1 / 같은 세대·연료·배기량·트림,17,2120,83648,-0.0283,-0.1397,같은 세대·연료·배기량·트림,,30.0
EC61378167,https://www.kcar.com/bc/detail/carInfoDtl?i_sCarCd=EC61378167,현대,더 뉴 그랜저,그랜저,현대 더 뉴 그랜저 가솔린 2.5 익스클루시브,가솔린 2.5 익스클루시브,가솔린,가솔린 2.5,2021-10,2021,2022,94810,2110,,2261,가솔린,가솔린,오토,2497,5,세단,대형차,무사고,,,후방카메라|전방카메라|어라운드뷰|후방센서|전방센서|자동긴급제동|후측방경보|차선이탈경보|스마트크루즈|헤드업디스플레이|타이어공기압경고|차체자세제어|경사로밀림방지|전자식파킹브레이크|통풍시트|열선시트|스마트키|내비|크루즈|전동시트|하이패스|무선충전,4,자동긴급제동|후측방경보|차선이탈경보|스마트크루즈,4,5,경기서부직영점 경기/인천,,,https://img.kcar.com/3dcarpicture/2026/08/143/61378167_1/main/main780.jpg,,N,SELL,더 뉴 그랜저 2021±1 / 같은 세대·연료·배기량·트림,35,2050,94484,-0.0293,-0.0035,같은 세대·연료·배기량·트림,,30.0
EC61405489,https://www.kcar.com/bc/detail/carInfoDtl?i_sCarCd=EC61405489,현대,아반떼 (CN7),아반떼,현대 아반떼 (CN7) 가솔린 1.6 모던,가솔린 1.6 모던,가솔린,가솔린 1.6,2023-02,2023,2023,53375,1770,,1897,가솔린,가솔린,오토,1598,5,세단,준중형차,무사고,,,후방카메라|후방센서|자동긴급제동|차선이탈경보|타이어공기압경고|차체자세제어|통풍시트|열선시트|스마트키|내비|크루즈,4,자동긴급제동|차선이탈경보,2,2,김포공항직영점 경기/인천,,,https://img.kcar.com/carpicture/carpicture10/pic6140/kcarM_61405489_045.jpg,,N,SELL,아반떼 (CN7) 2023±1 / 같은 세대·연료·배기량·트림,6,1745.0,45108,-0.0143,-0.1833,같은 세대·연료·배기량·트림,,30.0
EC61407821,https://www.kcar.com/bc/detail/carInfoDtl?i_sCarCd=EC61407821,현대,더 뉴 그랜저,그랜저,현대 더 뉴 그랜저 가솔린 2.5 익스클루시브,가솔린 2.5 익스클루시브,가솔린,가솔린 2.5,2020-01,2020,2020,99704,2050,,2196,가솔린,가솔린,오토,2497,5,세단,대형차,무사고,,,후방카메라|전방카메라|어라운드뷰|후방센서|전방센서|후측방경보|차선이탈경보|스마트크루즈|헤드업디스플레이|타이어공기압경고|차체자세제어|전자식파킹브레이크|통풍시트|열선시트|스마트키|내비|크루즈|전동시트,4,후측방경보|차선이탈경보|스마트크루즈,3,5,광명직영점 경기/인천,,,https://img.kcar.com/carpicture/carpicture10/pic6140/kcarM_61407821_045.jpg,,N,SELL,더 뉴 그랜저 2020±1 / 같은 세대·연료·배기량·트림,29,1990,94810,-0.0302,-0.0516,같은 세대·연료·배기량·트림,,30.0
EC61380847,https://www.kcar.com/bc/detail/carInfoDtl?i_sCarCd=EC61380847,현대,더 뉴 그랜저,그랜저,현대 더 뉴 그랜저 가솔린 2.5 르블랑,가솔린 2.5 르블랑,가솔린,가솔린 2.5,2021-07,2021,2022,93978,2190,,2346,가솔린,가솔린,오토,2497,5,세단,대형차,무사고,,,후방카메라|전방카메라|어라운드뷰|후방센서|전방센서|자동긴급제동|후측방경보|차선이탈경보|스마트크루즈|타이어공기압경고|차체자세제어|경사로밀림방지|전자식파킹브레이크|통풍시트|열선시트|스마트키|내비|크루즈|전동시트|하이패스,4,자동긴급제동|후측방경보|차선이탈경보|스마트크루즈,4,5,대전유성직영점 충남,,,https://img.kcar.com/3dcarpicture/2026/08/148/61380847_2/main/main780.jpg,,N,SELL,더 뉴 그랜저 2021±1 / 같은 세대·연료·배기량·트림,11,2190,83327,0.0,-0.1278,같은 세대·연료·배기량·트림,,30.0
EC61395523,https://www.kcar.com/bc/detail/carInfoDtl?i_sCarCd=EC61395523,현대,투싼 (4세대),투싼,현대 투싼 (4세대) 1.6 터보 모던,1.6 터보 모던,1.6,1.6 터보,2022-02,2022,2022,79163,1900,,2036,가솔린,가솔린,오토,1598,5,SUV,SUV,무사고,,,후방카메라|후방센서|후측방경보|차선이탈경보|스마트크루즈|타이어공기압경고|차체자세제어|전자식파킹브레이크|통풍시트|열선시트|스마트키|내비|크루즈|하이패스,4,후측방경보|차선이탈경보|스마트크루즈,3,2,포천직영점 경기/인천,,,https://img.kcar.com/3dcarpicture/2026/07/145/61395523_1/main/main780.jpg,,N,SELL,투싼 (4세대) 2022±1 / 같은 세대·연료·배기량·트림,13,1900,68466,0.0,-0.1562,같은 세대·연료·배기량·트림,,30.0
EC61389848,https://www.kcar.com/bc/detail/carInfoDtl?i_sCarCd=EC61389848,현대,투싼 (4세대),투싼,현대 투싼 (4세대) 1.6 터보 프리미엄,1.6 터보 프리미엄,1.6,1.6 터보,2021-06,2021,2021,62501,2100,,2250,가솔린,가솔린,오토,1598,5,SUV,SUV,무사고,,,후방카메라|후방센서|전방센서|자동긴급제동|후측방경보|차선이탈경보|스마트크루즈|타이어공기압경고|차체자세제어|경사로밀림방지|전자식파킹브레이크|통풍시트|열선시트|스마트키|내비|크루즈|하이패스,4,자동긴급제동|후측방경보|차선이탈경보|스마트크루즈,4,3,경인직영점 경기/인천,,,https://img.kcar.com/3dcarpicture/2026/07/142/61389848_1/main/main780.jpg,,N,SELL,투싼 (4세대) 2021±1 / 같은 세대·연료·배기량·트림,13,2060,62501,-0.0194,0.0,같은 세대·연료·배기량·트림,,30.0
EC61400108,https://www.kcar.com/bc/detail/carInfoDtl?i_sCarCd=EC61400108,현대,더 뉴 코나,코나,현대 더 뉴 코나 가솔린 터보 1.6 2WD 모던,가솔린 터보 1.6 2WD 모던,가솔린,가솔린 터보 1.6 2WD,2021-08,2021,2021,55929,1870,,2004,가솔린,가솔린,오토,1598,5,SUV,SUV,무사고,,,후방카메라|후방센서|전방센서|자동긴급제동|후측방경보|차선이탈경보|스마트크루즈|타이어공기압경고|차체자세제어|전자식파킹브레이크|열선시트|스마트키|내비|크루즈|하이패스|무선충전,4,자동긴급제동|후측방경보|차선이탈경보|스마트크루즈,4,3,분당용인직영점 경기/인천,,,https://img.kcar.com/carpicture/carpicture10/pic6140/kcarM_61400108_045.jpg,,N,SELL,더 뉴 코나 2021±1 / 같은 세대·연료·배기량·트림,5,1840,55331,-0.0163,-0.0108,같은 세대·연료·배기량·트림,,30.0
EC61389879,https://www.kcar.com/bc/detail/carInfoDtl?i_sCarCd=EC61389879,기아,쏘울 부스터,쏘울,기아 쏘울 부스터 1.6 T-GDI 노블레스 ,1.6 T-GDI 노블레스,1.6,1.6 T-GDI 노블레스,2020-07,2020,2021,95076,1380,,1480,가솔린,가솔린,오토,1591,5,세단,준중형차,무사고,,,후방카메라|후방센서|전방센서|자동긴급제동|후측방경보|차선이탈경보|스마트크루즈|헤드업디스플레이|타이어공기압경고|차체자세제어|통풍시트|열선시트|스마트키|내비|크루즈|전동시트|하이패스,4,자동긴급제동|후측방경보|차선이탈경보|스마트크루즈,4,3,김포직영점 경기/인천,,,https://img.kcar.com/3dcarpicture/2026/07/087/61389879_1/main/main780.jpg,,N,SELL,쏘울 부스터 2020±1 / 같은 세대·연료·배기량·트림,8,1300.0,70847,-0.0615,-0.342,같은 세대·연료·배기량·트림,,30.0
EC61408710,https://www.kcar.com/bc/detail/carInfoDtl?i_sCarCd=EC61408710,기아,더 뉴 쏘렌토,쏘렌토,기아 더 뉴 쏘렌토 가솔린 2.0 터보 2WD 마스터 스페셜,가솔린 2.0 터보 2WD 마스터 스페셜,가솔린,가솔린 2.0 터보 2WD,2020-01,2020,2020,99528,2090,,2239,가솔린,가솔린,오토,1998,5,SUV,SUV,무사고,,,후방카메라|전방카메라|어라운드뷰|후방센서|전방센서|자동긴급제동|후측방경보|차선이탈경보|스마트크루즈|헤드업디스플레이|타이어공기압경고|차체자세제어|전자식파킹브레이크|통풍시트|열선시트|스마트키|내비|크루즈|전동시트|하이패스|무선충전,4,자동긴급제동|후측방경보|차선이탈경보|스마트크루즈,4,5,안성직영점 경기/인천,,,https://img.kcar.com/3dcarpicture/2026/09/167/61408710_1/main/main780.jpg,,N,SELL,더 뉴 쏘렌토 2020±1 / 같은 세대·연료·배기량·트림,3,2090,83382,0.0,-0.1936,같은 세대·연료·배기량·트림,,30.0
EC61408353,https://www.kcar.com/bc/detail/carInfoDtl?i_sCarCd=EC61408353,기아,스포티지 더 볼드,스포티지,기아 스포티지 더 볼드 가솔린 2.0 2WD 프레스티지,가솔린 2.0 2WD 프레스티지,가솔린,가솔린 2.0 2WD,2020-03,2020,2020,54172,1920,,2057,가솔린,가솔린,오토,1999,5,SUV,SUV,무사고,,,후방카메라|후방센서|후측방경보|차선이탈경보|스마트크루즈|타이어공기압경고|차체자세제어|경사로밀림방지|전자식파킹브레이크|통풍시트|열선시트|스마트키|내비|크루즈|전동시트|하이패스,4,후측방경보|차선이탈경보|스마트크루즈,3,2,창원마산직영점 경남,,,https://img.kcar.com/carpicture/carpicture10/pic6140/kcarM_61408353_045.jpg,,N,SELL,스포티지 더 볼드 2020±1 / 같은 세대·연료·엔진(트림 등급 섞임),4,1855.0,42393,-0.035,-0.2778,같은 세대·연료·엔진(트림 등급 섞임),,30.0
EC61401787,https://www.kcar.com/bc/detail/carInfoDtl?i_sCarCd=EC61401787,기아,셀토스,셀토스,기아 셀토스 가솔린 터보 1.6 2WD 시그니처,가솔린 터보 1.6 2WD 시그니처,가솔린,가솔린 터보 1.6 2WD,2022-07,2022,2023,78699,1990,,2132,가솔린,가솔린,오토,1591,5,SUV,SUV,무사고,,,후방카메라|후방센서|전방센서|후측방경보|차선이탈경보|스마트크루즈|헤드업디스플레이|차체자세제어|전자식파킹브레이크|통풍시트|열선시트|스마트키|내비|크루즈|전동시트|하이패스,4,후측방경보|차선이탈경보|스마트크루즈,3,3,홈서비스 메가센터 홈서비스 메가센터,,,https://img.kcar.com/3dcarpicture/2026/08/173/61401787_1/main/main780.jpg,,N,SELL,셀토스 2022±1 / 같은 세대·연료·배기량·트림,13,1990,50108,0.0,-0.5706,같은 세대·연료·배기량·트림,,30.0
EC61394676,https://www.kcar.com/bc/detail/carInfoDtl?i_sCarCd=EC61394676,기아,K7 프리미어,K7,기아 K7 프리미어 가솔린 3.0  노블레스,가솔린 3.0  노블레스,가솔린,가솔린 3.0 ,2020-06,2020,2020,83510,1960,,2100,가솔린,가솔린,오토,2999,5,세단,대형차,무사고,,,후방카메라|후방센서|전방센서|자동긴급제동|후측방경보|차선이탈경보|스마트크루즈|타이어공기압경고|차체자세제어|전자식파킹브레이크|통풍시트|열선시트|스마트키|내비|크루즈|선루프|전동시트|하이패스|무선충전,4,자동긴급제동|후측방경보|차선이탈경보|스마트크루즈,4,3,포항직영점 경북,,,https://img.kcar.com/3dcarpicture/2026/07/162/61394676_1/main/main780.jpg,,N,SELL,K7 프리미어 2020±1 / 같은 세대·연료·배기량·트림,7,1950,80048,-0.0051,-0.0432,같은 세대·연료·배기량·트림,,30.0
EC61407254,https://www.kcar.com/bc/detail/carInfoDtl?i_sCarCd=EC61407254,기아,셀토스,셀토스,기아 셀토스 가솔린 터보 1.6 4WD 프레스티지,가솔린 터보 1.6 4WD 프레스티지,가솔린,가솔린 터보 1.6 4WD,2022-06,2022,2023,40593,2050,,2196,가솔린,가솔린,오토,1591,5,SUV,SUV,무사고,,,후방카메라|후방센서|전방센서|차선이탈경보|타이어공기압경고|차체자세제어|통풍시트|열선시트|스마트키|내비|크루즈,4,차선이탈경보,1,3,홈서비스 메가센터 홈서비스 메가센터,,,https://img.kcar.com/3dcarpicture/2026/09/173/61407254_1/main/main780.jpg,,N,SELL,셀토스 2022±1 / 같은 세대·연료·엔진(트림 등급 섞임),3,2050,40593,0.0,0.0,같은 세대·연료·엔진(트림 등급 섞임),,30.0
EC61406028,https://www.kcar.com/bc/detail/carInfoDtl?i_sCarCd=EC61406028,기아,더 뉴 K3 2세대,K3,기아 더 뉴 K3 2세대 트렌디 ,트렌디,트렌디,트렌디,2021-05,2021,2022,96233,1380,,1480,가솔린,가솔린,오토,1598,5,세단,준중형차,무사고,,,후방카메라|후방센서|후측방경보|차선이탈경보|스마트크루즈|타이어공기압경고|차체자세제어|전자식파킹브레이크|열선시트|스마트키|내비|크루즈|하이패스,4,후측방경보|차선이탈경보|스마트크루즈,3,2,포천직영점 경기/인천,,,https://img.kcar.com/3dcarpicture/2026/08/145/61406028_1/main/main780.jpg,,N,SELL,더 뉴 K3 2세대 2021±1 / 같은 세대·연료·배기량·트림,11,1380,70619,0.0,-0.3627,같은 세대·연료·배기량·트림,,30.0
EC61403113,https://www.kcar.com/bc/detail/carInfoDtl?i_sCarCd=EC61403113,기아,더 뉴 K3 2세대,K3,기아 더 뉴 K3 2세대 프레스티지 ,프레스티지,프레스티지,프레스티지,2022-06,2022,2022,75911,1620,,1736,가솔린,가솔린,오토,1598,5,세단,준중형차,무사고,,,후방카메라|후방센서|자동긴급제동|후측방경보|차선이탈경보|스마트크루즈|타이어공기압경고|차체자세제어|경사로밀림방지|전자식파킹브레이크|통풍시트|열선시트|스마트키|내비|크루즈|하이패스|무선충전,4,자동긴급제동|후측방경보|차선이탈경보|스마트크루즈,4,2,시흥직영점 경기/인천,,,https://img.kcar.com/3dcarpicture/2026/09/150/61403113_1/main/main780.jpg,,N,SELL,더 뉴 K3 2세대 2022±1 / 같은 세대·연료·배기량·트림,10,1565.0,75568,-0.0351,-0.0045,같은 세대·연료·배기량·트림,,30.0
EC61407912,https://www.kcar.com/bc/detail/carInfoDtl?i_sCarCd=EC61407912,기아,더 뉴 K3 GT 2세대,K3,기아 더 뉴 K3 GT 2세대 1.6 터보 5도어 시그니처,1.6 터보 5도어 시그니처,1.6,1.6 터보 5도어,2023-05,2023,2023,59868,1930,,2068,가솔린,가솔린,오토,1591,5,해치백,준중형차,무사고,,,후방카메라|후방센서|전방센서|자동긴급제동|후측방경보|차선이탈경보|스마트크루즈|타이어공기압경고|차체자세제어|경사로밀림방지|전자식파킹브레이크|통풍시트|열선시트|스마트키|내비|크루즈|전동시트|하이패스|무선충전,4,자동긴급제동|후측방경보|차선이탈경보|스마트크루즈,4,3,시흥직영점 경기/인천,,,https://img.kcar.com/3dcarpicture/2026/09/150/61407912_3/main/main780.jpg,,N,SELL,더 뉴 K3 GT 2세대 2023±1 / 같은 세대·연료·배기량·트림,3,1930,59868,0.0,0.0,같은 세대·연료·배기량·트림,,30.0
EC61399257,https://www.kcar.com/bc/detail/carInfoDtl?i_sCarCd=EC61399257,기아,K8,K8,기아 K8 가솔린 3.5 4WD 노블레스,가솔린 3.5 4WD 노블레스,가솔린,가솔린 3.5 4WD,2021-09,2021,2022,72614,2150,,2304,가솔린,가솔린,오토,3470,5,세단,대형차,무사고,,,후방카메라|전방카메라|어라운드뷰|후방센서|전방센서|자동긴급제동|후측방경보|차선이탈경보|스마트크루즈|타이어공기압경고|차체자세제어|경사로밀림방지|전자식파킹브레이크|통풍시트|열선시트|스마트키|내비|크루즈|전동시트|하이패스|무선충전,4,자동긴급제동|후측방경보|차선이탈경보|스마트크루즈,4,5,서대구직영점 경북,,,https://img.kcar.com/carpicture/carpicture09/pic6139/kcarM_61399257_045.jpg,,N,SELL,K8 2021±1 / 같은 세대·연료·배기량(트림 섞임),5,2150,72614,0.0,0.0,같은 세대·연료·배기량(트림 섞임),비교군 가격 산포 42% — 시세차를 그대로 믿지 말 것,30.0
EC61409303,https://www.kcar.com/bc/detail/carInfoDtl?i_sCarCd=EC61409303,기아,더 뉴 K3 2세대,K3,기아 더 뉴 K3 2세대 프레스티지 ,프레스티지,프레스티지,프레스티지,2024-08,2024,2024,57376,1890,,2025,가솔린,가솔린,오토,1598,5,세단,준중형차,무사고,,,후방카메라|후방센서|자동긴급제동|후측방경보|차선이탈경보|스마트크루즈|타이어공기압경고|차체자세제어|전자식파킹브레이크|통풍시트|열선시트|스마트키|내비|크루즈|전동시트|하이패스|무선충전,4,자동긴급제동|후측방경보|차선이탈경보|스마트크루즈,4,2,부산직영점 경남,,,https://img.kcar.com/carpicture/carpicture10/pic6140/kcarM_61409303_045.jpg,,N,SELL,더 뉴 K3 2세대 2024±1 / 같은 세대·연료·배기량·트림,4,1890.0,44308,0.0,-0.2949,같은 세대·연료·배기량·트림,,30.0
EC61399042,https://www.kcar.com/bc/detail/carInfoDtl?i_sCarCd=EC61399042,기아,K5 3세대,K5,기아 K5 3세대 가솔린 터보 1.6 프레스티지,가솔린 터보 1.6 프레스티지,가솔린,가솔린 터보 1.6,2021-07,2021,2022,90165,1780,,1908,가솔린,가솔린,오토,1598,5,세단,중형차,무사고,,,후방카메라|후방센서|후측방경보|스마트크루즈|헤드업디스플레이|타이어공기압경고|차체자세제어|전자식파킹브레이크|통풍시트|열선시트|스마트키|내비|크루즈|전동시트|하이패스,4,후측방경보|스마트크루즈,2,2,수원신갈직영점 경기/인천,,,https://img.kcar.com/carpicture/carpicture09/pic6139/kcarM_61399042_045.jpg,,N,SELL,K5 3세대 2021±1 / 같은 세대·연료·배기량·트림,5,1740,84964,-0.023,-0.0612,같은 세대·연료·배기량·트림,,30.0
EC61382412,https://www.kcar.com/bc/detail/carInfoDtl?i_sCarCd=EC61382412,현대,쏘나타 DN8,쏘나타,현대 쏘나타 DN8 2.0 가솔린 모던,2.0 가솔린 모던,2.0,2.0 가솔린,2022-03,2022,2022,68895,1680,,1801,가솔린,가솔린,오토,1999,5,세단,중형차,무사고,,,후방카메라|후방센서|차선이탈경보|타이어공기압경고|차체자세제어|전자식파킹브레이크|열선시트|스마트키|내비|크루즈|무선충전,4,차선이탈경보,1,2,경인직영점 경기/인천,,,https://img.kcar.com/3dcarpicture/2026/07/142/61382412_1/main/main780.jpg,,N,SELL,쏘나타 DN8 2022±1 / 같은 세대·연료·배기량·트림,3,1680,63099,0.0,-0.0919,같은 세대·연료·배기량·트림,,30.0
EC61404262,https://www.kcar.com/bc/detail/carInfoDtl?i_sCarCd=EC61404262,현대,쏘나타 DN8,쏘나타,현대 쏘나타 DN8 2.0 가솔린 모던,2.0 가솔린 모던,2.0,2.0 가솔린,2021-07,2021,2022,63099,1750,,1876,가솔린,가솔린,오토,1999,5,세단,중형차,무사고,,,후방카메라|후방센서|자동긴급제동|차선이탈경보|타이어공기압경고|차체자세제어|전자식파킹브레이크|열선시트|스마트키|내비|크루즈|하이패스,4,자동긴급제동|차선이탈경보,2,2,영등포직영점 서울,,,https://img.kcar.com/carpicture/carpicture10/pic6140/kcarM_61404262_045.jpg,,N,SELL,쏘나타 DN8 2021±1 / 같은 세대·연료·배기량·트림,3,1680,63099,-0.0417,0.0,같은 세대·연료·배기량·트림,,30.0
EC61404022,https://www.kcar.com/bc/detail/carInfoDtl?i_sCarCd=EC61404022,기아,K5 3세대,K5,기아 K5 3세대 가솔린 2.0 트렌디,가솔린 2.0 트렌디,가솔린,가솔린 2.0,2020-12,2020,2021,62808,1550,,1662,가솔린,가솔린,오토,1999,5,세단,중형차,무사고,,,후방카메라|후방센서|자동긴급제동|차선이탈경보|타이어공기압경고|차체자세제어|전자식파킹브레이크|열선시트|스마트키|내비|크루즈|하이패스,4,자동긴급제동|차선이탈경보,2,2,경기서부직영점 경기/인천,,,https://img.kcar.com/3dcarpicture/2026/08/143/61404022_1/main/main780.jpg,,N,SELL,K5 3세대 2020±1 / 같은 세대·연료·배기량·트림,3,1550,62808,0.0,0.0,같은 세대·연료·배기량·트림,,30.0
EC61383144,https://www.kcar.com/bc/detail/carInfoDtl?i_sCarCd=EC61383144,기아,K5 3세대,K5,기아 K5 3세대 가솔린 2.0 시그니처,가솔린 2.0 시그니처,가솔린,가솔린 2.0,2021-05,2021,2021,79396,1990,,2132,가솔린,가솔린,오토,1999,5,세단,중형차,무사고,,,후방카메라|전방카메라|어라운드뷰|후방센서|전방센서|후측방경보|차선이탈경보|스마트크루즈|헤드업디스플레이|타이어공기압경고|차체자세제어|전자식파킹브레이크|통풍시트|열선시트|스마트키|내비|크루즈|전동시트|하이패스,4,후측방경보|차선이탈경보|스마트크루즈,3,5,원주직영점 강원,,,https://img.kcar.com/3dcarpicture/2026/09/168/61383144_1/main/main780.jpg,,N,SELL,K5 3세대 2021±1 / 같은 세대·연료·배기량·트림,3,1950,79396,-0.0205,0.0,같은 세대·연료·배기량·트림,,30.0
EC61411299,https://www.kcar.com/bc/detail/carInfoDtl?i_sCarCd=EC61411299,현대,더 뉴 그랜저,그랜저,현대 더 뉴 그랜저 가솔린 2.5 프리미엄,가솔린 2.5 프리미엄,가솔린,가솔린 2.5,2021-12,2021,2022,75271,2080,,2229,가솔린,가솔린,오토,2497,5,세단,대형차,무사고,,,후방카메라|후방센서|전방센서|자동긴급제동|후측방경보|차선이탈경보|스마트크루즈|타이어공기압경고|차체자세제어|경사로밀림방지|전자식파킹브레이크|열선시트|스마트키|내비|크루즈|전동시트|하이패스,4,자동긴급제동|후측방경보|차선이탈경보|스마트크루즈,4,3,서대구직영점 경북,,,https://img.kcar.com/carpicture/carpicture01/pic6141/kcarM_61411299_045.jpg,,N,SELL,더 뉴 그랜저 2021±1 / 같은 세대·연료·배기량·트림,18,1975.0,73434,-0.0532,-0.025,같은 세대·연료·배기량·트림,,30.0
EC61403038,https://www.kcar.com/bc/detail/carInfoDtl?i_sCarCd=EC61403038,현대,투싼 (4세대),투싼,현대 투싼 (4세대) 2.0 디젤 프리미엄,2.0 디젤 프리미엄,2.0,2.0 디젤,2022-04,2022,2022,63731,2090,,2239,디젤,디젤,오토,1998,5,SUV,SUV,무사고,,,후방카메라|후방센서|전방센서|자동긴급제동|후측방경보|차선이탈경보|스마트크루즈|타이어공기압경고|차체자세제어|경사로밀림방지|전자식파킹브레이크|통풍시트|열선시트|스마트키|내비|크루즈|하이패스,4,자동긴급제동|후측방경보|차선이탈경보|스마트크루즈,4,3,용인직영점 경기/인천,,,https://img.kcar.com/3dcarpicture/2026/08/140/61403038_2/main/main780.jpg,출퇴근용|영업용,N,SELL,투싼 (4세대) 2022±1 / 같은 세대·연료·배기량·트림,5,2160,63731,0.0324,0.0,같은 세대·연료·배기량·트림,,29.9
EC61381925,https://www.kcar.com/bc/detail/carInfoDtl?i_sCarCd=EC61381925,기아,K7 프리미어,K7,기아 K7 프리미어 가솔린 2.5 X 에디션,가솔린 2.5 X 에디션,가솔린,가솔린 2.5,2021-02,2021,2021,86800,1800,,1929,가솔린,가솔린,오토,2497,5,세단,대형차,단순수리,,,후방카메라|후방센서|전방센서|후측방경보|차선이탈경보|스마트크루즈|타이어공기압경고|차체자세제어|전자식파킹브레이크|통풍시트|열선시트|스마트키|내비|크루즈|전동시트|하이패스|무선충전,4,후측방경보|차선이탈경보|스마트크루즈,3,3,원주직영점 강원,,,https://img.kcar.com/3dcarpicture/2026/07/168/61381925_2/main/main780.jpg,,N,SELL,K7 프리미어 2021±1 / 같은 세대·연료·배기량·트림,14,1790.0,102010,-0.0056,0.1491,같은 세대·연료·배기량·트림,,29.9
EC61386273,https://www.kcar.com/bc/detail/carInfoDtl?i_sCarCd=EC61386273,현대,더 뉴 싼타페,싼타페,현대 더 뉴 싼타페 디젤 2.2 2WD 프레스티지,디젤 2.2 2WD 프레스티지,디젤,디젤 2.2 2WD,2021-07,2021,2021,90619,1990,,2132,디젤,디젤,오토,2151,5,SUV,SUV,단순수리,,,후방카메라|후방센서|전방센서|차선이탈경보|스마트크루즈|차체자세제어|전자식파킹브레이크|통풍시트|열선시트|스마트키|내비|크루즈|전동시트|하이패스,4,차선이탈경보|스마트크루즈,2,3,홈서비스 메가센터 홈서비스 메가센터,,,https://img.kcar.com/3dcarpicture/2026/07/173/61386273_1/main/main780.jpg,출퇴근용|영업용,N,SELL,더 뉴 싼타페 2021±1 / 같은 세대·연료·배기량·트림,34,2205.0,80689,0.0975,-0.1231,같은 세대·연료·배기량·트림,,29.6
EC61386557,https://www.kcar.com/bc/detail/carInfoDtl?i_sCarCd=EC61386557,기아,더 뉴 쏘렌토,쏘렌토,기아 더 뉴 쏘렌토 디젤 2.0 2WD 마스터,디젤 2.0 2WD 마스터,디젤,디젤 2.0 2WD,2020-01,2020,2020,78290,1890,,2025,디젤,디젤,오토,1995,5,SUV,SUV,무사고,,,후방카메라|후방센서|전방센서|자동긴급제동|후측방경보|차선이탈경보|스마트크루즈|타이어공기압경고|차체자세제어|전자식파킹브레이크|통풍시트|열선시트|스마트키|내비|크루즈|전동시트|하이패스,4,자동긴급제동|후측방경보|차선이탈경보|스마트크루즈,4,3,천안직영점 충남,,,https://img.kcar.com/carpicture/carpicture08/pic6138/kcarM_61386557_045.jpg,출퇴근용|영업용,N,SELL,더 뉴 쏘렌토 2020±1 / 같은 세대·연료·배기량·트림,15,1740,84135,-0.0862,0.0695,같은 세대·연료·배기량·트림,,29.6
EC61400757,https://www.kcar.com/bc/detail/carInfoDtl?i_sCarCd=EC61400757,기아,K8,K8,기아 K8 가솔린 2.5 노블레스 라이트,가솔린 2.5 노블레스 라이트,가솔린,가솔린 2.5,2021-06,2021,2022,55342,2050,,2196,가솔린,가솔린,오토,2497,5,세단,대형차,단순수리,,,후방카메라|후방센서|전방센서|자동긴급제동|후측방경보|차선이탈경보|스마트크루즈|타이어공기압경고|차체자세제어|전자식파킹브레이크|통풍시트|열선시트|스마트키|내비|크루즈|전동시트|하이패스,4,자동긴급제동|후측방경보|차선이탈경보|스마트크루즈,4,3,시흥직영점 경기/인천,,,https://img.kcar.com/3dcarpicture/2026/08/150/61400757_1/main/main780.jpg,,N,SELL,K8 2021±1 / 같은 세대·연료·배기량·트림,5,2190,50064,0.0639,-0.1054,같은 세대·연료·배기량·트림,,29.6
EC61393324,https://www.kcar.com/bc/detail/carInfoDtl?i_sCarCd=EC61393324,기아,K8,K8,기아 K8 가솔린 2.5 노블레스,가솔린 2.5 노블레스,가솔린,가솔린 2.5,2021-05,2021,2022,92053,2040,,2186,가솔린,가솔린,오토,2497,5,세단,대형차,단순수리,,,후방카메라|전방카메라|어라운드뷰|후방센서|전방센서|후측방경보|차선이탈경보|스마트크루즈|타이어공기압경고|차체자세제어|전자식파킹브레이크|통풍시트|열선시트|스마트키|내비|크루즈|전동시트|하이패스|무선충전,4,후측방경보|차선이탈경보|스마트크루즈,3,5,안양직영점 경기/인천,,,https://img.kcar.com/carpicture/carpicture09/pic6139/kcarM_61393324_045.jpg,,N,SELL,K8 2021±1 / 같은 세대·연료·배기량·트림,23,2180,72945,0.0642,-0.262,같은 세대·연료·배기량·트림,,29.6
EC61407657,https://www.kcar.com/bc/detail/carInfoDtl?i_sCarCd=EC61407657,현대,올 뉴 투싼 TL,투싼,현대 올 뉴 투싼 TL 디젤 2.0 2WD 베스트 초이스,디젤 2.0 2WD 베스트 초이스,디젤,디젤 2.0 2WD,2020-01,2020,2020,87614,1700,,1822,디젤,디젤,오토,1995,5,SUV,SUV,무사고,,,후방카메라|전방카메라|어라운드뷰|후방센서|전방센서|자동긴급제동|후측방경보|차선이탈경보|스마트크루즈|타이어공기압경고|차체자세제어|경사로밀림방지|전자식파킹브레이크|통풍시트|열선시트|스마트키|내비|크루즈|하이패스|무선충전,4,자동긴급제동|후측방경보|차선이탈경보|스마트크루즈,4,5,원주직영점 강원,,,https://img.kcar.com/3dcarpicture/2026/09/168/61407657_1/main/main780.jpg,출퇴근용|영업용,N,SELL,올 뉴 투싼 TL 2020±1 / 같은 세대·연료·엔진(트림 등급 섞임),6,1455.0,93966,-0.1684,0.0676,같은 세대·연료·엔진(트림 등급 섞임),,29.5
EC61409762,https://www.kcar.com/bc/detail/carInfoDtl?i_sCarCd=EC61409762,기아,K5 3세대,K5,기아 K5 3세대 가솔린 터보 1.6 시그니처,가솔린 터보 1.6 시그니처,가솔린,가솔린 터보 1.6,2021-02,2021,2021,90946,1930,,2068,가솔린,가솔린,오토,1598,5,세단,중형차,단순수리,,,후방카메라|전방카메라|어라운드뷰|후방센서|전방센서|후측방경보|차선이탈경보|스마트크루즈|헤드업디스플레이|타이어공기압경고|차체자세제어|전자식파킹브레이크|통풍시트|열선시트|스마트키|내비|크루즈|선루프|전동시트|하이패스,4,후측방경보|차선이탈경보|스마트크루즈,3,5,광주풍암직영점 전남,,,https://img.kcar.com/carpicture/carpicture10/pic6140/kcarM_61409762_045.jpg,,N,SELL,K5 3세대 2021±1 / 같은 세대·연료·배기량·트림,11,2060,58528,0.0631,-0.5539,같은 세대·연료·배기량·트림,,29.5
EC61398301,https://www.kcar.com/bc/detail/carInfoDtl?i_sCarCd=EC61398301,기아,K5 3세대,K5,기아 K5 3세대 가솔린 터보 1.6 시그니처,가솔린 터보 1.6 시그니처,가솔린,가솔린 터보 1.6,2021-01,2021,2021,86551,1930,,2068,가솔린,가솔린,오토,1598,5,세단,중형차,단순수리,,,후방카메라|전방카메라|어라운드뷰|후방센서|전방센서|후측방경보|차선이탈경보|스마트크루즈|헤드업디스플레이|타이어공기압경고|차체자세제어|경사로밀림방지|전자식파킹브레이크|통풍시트|열선시트|스마트키|내비|크루즈|선루프|전동시트|하이패스|무선충전,4,후측방경보|차선이탈경보|스마트크루즈,3,5,광주풍암직영점 전남,,,https://img.kcar.com/carpicture/carpicture09/pic6139/kcarM_61398301_045.jpg,,N,SELL,K5 3세대 2021±1 / 같은 세대·연료·배기량·트림,11,2060,58528,0.0631,-0.4788,같은 세대·연료·배기량·트림,,29.5
EC61405401,https://www.kcar.com/bc/detail/carInfoDtl?i_sCarCd=EC61405401,제네시스,G70,G70,제네시스 G70 3.3T 스포츠 AWD 엘리트,3.3T 스포츠 AWD 엘리트,3.3T,3.3T 스포츠 AWD,2020-09,2020,2020,86926,2150,,2304,가솔린,가솔린,오토,3342,5,세단,중형차,단순수리,,,후방카메라|전방카메라|어라운드뷰|후방센서|전방센서|자동긴급제동|후측방경보|차선이탈경보|스마트크루즈|헤드업디스플레이|타이어공기압경고|차체자세제어|전자식파킹브레이크|통풍시트|열선시트|스마트키|내비|크루즈|전동시트|하이패스|무선충전,4,자동긴급제동|후측방경보|차선이탈경보|스마트크루즈,4,5,안성직영점 경기/인천,,,https://img.kcar.com/3dcarpicture/2026/09/167/61405401_1/main/main780.jpg,,N,SELL,G70 2020±1 / 같은 세대·연료·배기량·트림,5,1850,101139,-0.1622,0.1405,같은 세대·연료·배기량·트림,,29.4
EC61409056,https://www.kcar.com/bc/detail/carInfoDtl?i_sCarCd=EC61409056,현대,코나,코나,현대 코나 디젤 1.6 2WD 프리미엄,디젤 1.6 2WD 프리미엄,디젤,디젤 1.6 2WD,2020-05,2020,2020,63343,1380,,1480,디젤,디젤,오토,1598,5,SUV,SUV,무사고,,,후방카메라|후방센서|전방센서|자동긴급제동|차선이탈경보|타이어공기압경고|차체자세제어|통풍시트|열선시트|스마트키|내비|크루즈|하이패스,4,자동긴급제동|차선이탈경보,2,3,경인직영점 경기/인천,,,https://img.kcar.com/3dcarpicture/2026/09/142/61409056_1/main/main780.jpg,출퇴근용|영업용,N,SELL,코나 2020±1 / 같은 세대·연료·배기량·트림,3,1420,63343,0.0282,0.0,같은 세대·연료·배기량·트림,,29.2
EC61406964,https://www.kcar.com/bc/detail/carInfoDtl?i_sCarCd=EC61406964,기아,더 뉴 니로,니로,기아 더 뉴 니로 프레스티지 ,프레스티지,프레스티지,프레스티지,2020-11,2020,2020,93318,1720,,1843,하이브리드,가솔린+전기,오토,1580,5,SUV,SUV,단순수리,,,후방카메라|후방센서|자동긴급제동|후측방경보|차선이탈경보|스마트크루즈|타이어공기압경고|차체자세제어|경사로밀림방지|전자식파킹브레이크|통풍시트|열선시트|스마트키|내비|크루즈|전동시트,4,자동긴급제동|후측방경보|차선이탈경보|스마트크루즈,4,2,광명직영점 경기/인천,,,https://img.kcar.com/3dcarpicture/2026/09/104/61406964_2/main/main780.jpg,영업용,N,SELL,더 뉴 니로 2020±1 / 같은 세대·연료·배기량·트림,6,1770.0,86365,0.0282,-0.0805,같은 세대·연료·배기량·트림,,29.2
EC61399495,https://www.kcar.com/bc/detail/carInfoDtl?i_sCarCd=EC61399495,기아,K7 프리미어 하이브리드,K7,기아 K7 프리미어 하이브리드 시그니쳐 ,시그니쳐,시그니쳐,시그니쳐,2020-07,2020,2020,99279,2070,,2218,하이브리드,가솔린+전기,오토,2359,5,세단,대형차,단순수리,,,후방카메라|후방센서|전방센서|자동긴급제동|후측방경보|차선이탈경보|스마트크루즈|타이어공기압경고|차체자세제어|전자식파킹브레이크|통풍시트|열선시트|스마트키|내비|크루즈|전동시트|하이패스|무선충전,4,자동긴급제동|후측방경보|차선이탈경보|스마트크루즈,4,3,경기서부직영점 경기/인천,,,https://img.kcar.com/3dcarpicture/2026/08/143/61399495_1/main/main780.jpg,영업용,N,SELL,K7 프리미어 하이브리드 2020±1 / 같은 세대·연료·배기량·트림,5,2060,105775,-0.0049,0.0614,같은 세대·연료·배기량·트림,,29.1
EC61403392,https://www.kcar.com/bc/detail/carInfoDtl?i_sCarCd=EC61403392,기아,디 올 뉴 니로,니로,기아 디 올 뉴 니로 트렌디 ,트렌디,트렌디,트렌디,2022-10,2022,2022,78730,1910,,2047,하이브리드,가솔린+전기,오토,1580,5,SUV,SUV,단순수리,,,후방카메라|후방센서|자동긴급제동|차선이탈경보|타이어공기압경고|차체자세제어|전자식파킹브레이크|열선시트|스마트키|크루즈|하이패스,4,자동긴급제동|차선이탈경보,2,2,포항직영점 경북,,,https://img.kcar.com/3dcarpicture/2026/09/162/61403392_1/main/main780.jpg,영업용,N,SELL,디 올 뉴 니로 2022±1 / 같은 세대·연료·배기량·트림,8,1860.0,87371,-0.0269,0.0989,같은 세대·연료·배기량·트림,,29.1
EC61400465,https://www.kcar.com/bc/detail/carInfoDtl?i_sCarCd=EC61400465,현대,투싼 (4세대),투싼,현대 투싼 (4세대) 2.0 디젤 프리미엄,2.0 디젤 프리미엄,2.0,2.0 디젤,2022-05,2022,2022,97987,1960,,2100,디젤,디젤,오토,1998,5,SUV,SUV,단순수리,,,후방카메라|후방센서|전방센서|자동긴급제동|후측방경보|차선이탈경보|스마트크루즈|타이어공기압경고|차체자세제어|전자식파킹브레이크|통풍시트|열선시트|스마트키|내비|크루즈|선루프|전동시트|하이패스,4,자동긴급제동|후측방경보|차선이탈경보|스마트크루즈,4,3,홈서비스 메가센터 홈서비스 메가센터,,,https://img.kcar.com/3dcarpicture/2026/08/173/61400465_1/main/main780.jpg,출퇴근용|영업용,N,SELL,투싼 (4세대) 2022±1 / 같은 세대·연료·배기량·트림,5,2160,63731,0.0926,-0.5375,같은 세대·연료·배기량·트림,,28.9
EC61401483,https://www.kcar.com/bc/detail/carInfoDtl?i_sCarCd=EC61401483,기아,더 뉴 니로,니로,기아 더 뉴 니로 노블레스 스폐셜 ,노블레스 스폐셜,노블레스,노블레스 스폐셜,2020-06,2020,2020,90191,1800,,1929,하이브리드,가솔린+전기,오토,1580,5,SUV,SUV,단순수리,,,후방카메라|후방센서|전방센서|자동긴급제동|후측방경보|차선이탈경보|스마트크루즈|타이어공기압경고|차체자세제어|경사로밀림방지|전자식파킹브레이크|통풍시트|열선시트|스마트키|내비|크루즈|전동시트|하이패스|무선충전,4,자동긴급제동|후측방경보|차선이탈경보|스마트크루즈,4,3,광주수완직영점 전남,,,https://img.kcar.com/3dcarpicture/2026/08/081/61401483_2/main/main780.jpg,영업용,N,SELL,더 뉴 니로 2020±1 / 같은 세대·연료·배기량·트림,12,1775.0,95571,-0.0141,0.0563,같은 세대·연료·배기량·트림,,28.8
EC61396833,https://www.kcar.com/bc/detail/carInfoDtl?i_sCarCd=EC61396833,현대,쏘나타 DN8,쏘나타,현대 쏘나타 DN8 2.0 가솔린 프리미엄 플러스,2.0 가솔린 프리미엄 플러스,2.0,2.0 가솔린,2022-04,2022,2022,72032,1760,,1886,가솔린,가솔린,오토,1999,5,세단,중형차,단순수리,,,후방카메라|후방센서|전방센서|자동긴급제동|후측방경보|차선이탈경보|스마트크루즈|타이어공기압경고|차체자세제어|전자식파킹브레이크|통풍시트|열선시트|스마트키|내비|크루즈|전동시트|하이패스|무선충전,4,자동긴급제동|후측방경보|차선이탈경보|스마트크루즈,4,3,안산직영점 경기/인천,,,https://img.kcar.com/3dcarpicture/2026/08/164/61396833_2/main/main780.jpg,,N,SELL,쏘나타 DN8 2022±1 / 같은 세대·연료·배기량·트림,17,1870,66118,0.0588,-0.0894,같은 세대·연료·배기량·트림,,28.8
EC61404863,https://www.kcar.com/bc/detail/carInfoDtl?i_sCarCd=EC61404863,현대,더 뉴 그랜저,그랜저,현대 더 뉴 그랜저 가솔린 3.3 르블랑,가솔린 3.3 르블랑,가솔린,가솔린 3.3,2022-07,2022,2023,92718,2030,,2175,가솔린,가솔린,오토,3342,5,세단,대형차,단순수리,,,후방카메라|전방카메라|어라운드뷰|후방센서|전방센서|자동긴급제동|후측방경보|차선이탈경보|스마트크루즈|헤드업디스플레이|타이어공기압경고|차체자세제어|전자식파킹브레이크|통풍시트|열선시트|스마트키|내비|크루즈|전동시트|하이패스|무선충전,4,자동긴급제동|후측방경보|차선이탈경보|스마트크루즈,4,5,오산동탄직영점 경기/인천,,,https://img.kcar.com/3dcarpicture/2026/08/093/61404863_1/main/main780.jpg,,N,SELL,더 뉴 그랜저 2022±1 / 같은 세대·연료·엔진(트림 등급 섞임),22,2120.0,95901,0.0425,0.0332,같은 세대·연료·엔진(트림 등급 섞임),비교군 가격 산포 45% — 시세차를 그대로 믿지 말 것,28.6
EC61391084,https://www.kcar.com/bc/detail/carInfoDtl?i_sCarCd=EC61391084,현대,쏘나타 DN8 하이브리드,쏘나타,현대 쏘나타 DN8 하이브리드 모던 ,모던,모던,모던,2021-07,2021,2022,90780,1730,,1854,하이브리드,가솔린+전기,오토,1999,5,세단,중형차,단순수리,,,후방카메라|후방센서|자동긴급제동|차선이탈경보|타이어공기압경고|차체자세제어|전자식파킹브레이크|열선시트|스마트키|내비|크루즈|하이패스,4,자동긴급제동|차선이탈경보,2,2,세종공주직영점 충남,,,https://img.kcar.com/3dcarpicture/2026/07/169/61391084_1/main/main780.jpg,영업용,N,SELL,쏘나타 DN8 하이브리드 2021±1 / 같은 세대·연료·배기량·트림,5,1770,56120,0.0226,-0.6176,같은 세대·연료·배기량·트림,,28.4
EC61407016,https://www.kcar.com/bc/detail/carInfoDtl?i_sCarCd=EC61407016,기아,셀토스,셀토스,기아 셀토스 가솔린 터보 1.6 2WD 시그니처,가솔린 터보 1.6 2WD 시그니처,가솔린,가솔린 터보 1.6 2WD,2021-02,2021,2022,75269,1880,,2015,가솔린,가솔린,오토,1591,5,SUV,SUV,단순수리,,,후방카메라|후방센서|전방센서|자동긴급제동|후측방경보|차선이탈경보|스마트크루즈|타이어공기압경고|차체자세제어|경사로밀림방지|전자식파킹브레이크|통풍시트|열선시트|스마트키|내비|크루즈|전동시트|하이패스,4,자동긴급제동|후측방경보|차선이탈경보|스마트크루즈,4,3,인천직영점 경기/인천,,,https://img.kcar.com/carpicture/carpicture10/pic6140/kcarM_61407016_045.jpg,,N,SELL,셀토스 2021±1 / 같은 세대·연료·배기량·트림,13,1990,50108,0.0553,-0.5021,같은 세대·연료·배기량·트림,,28.3
EC61407105,https://www.kcar.com/bc/detail/carInfoDtl?i_sCarCd=EC61407105,현대,더 뉴 그랜저,그랜저,현대 더 뉴 그랜저 가솔린 2.5 익스클루시브,가솔린 2.5 익스클루시브,가솔린,가솔린 2.5,2020-10,2020,2020,92769,1900,,2036,가솔린,가솔린,오토,2497,5,세단,대형차,단순수리,,,후방카메라|전방카메라|어라운드뷰|후방센서|전방센서|후측방경보|차선이탈경보|타이어공기압경고|차체자세제어|전자식파킹브레이크|통풍시트|열선시트|스마트키|내비|크루즈|전동시트|하이패스|무선충전,4,후측방경보|차선이탈경보,2,5,영등포직영점 서울,,,https://img.kcar.com/carpicture/carpicture10/pic6140/kcarM_61407105_045.jpg,,N,SELL,더 뉴 그랜저 2020±1 / 같은 세대·연료·배기량·트림,29,1990,94810,0.0452,0.0215,같은 세대·연료·배기량·트림,,28.2
EC61408950,https://www.kcar.com/bc/detail/carInfoDtl?i_sCarCd=EC61408950,기아,K7 프리미어,K7,기아 K7 프리미어 가솔린 2.5 프레스티지,가솔린 2.5 프레스티지,가솔린,가솔린 2.5,2020-03,2020,2020,93537,1450,,1554,가솔린,가솔린,오토,2497,5,세단,대형차,단순수리,,,후방카메라|후방센서|전방센서|자동긴급제동|차선이탈경보|타이어공기압경고|차체자세제어|통풍시트|열선시트|스마트키|내비|크루즈|전동시트|하이패스,4,자동긴급제동|차선이탈경보,2,3,안성직영점 경기/인천,,,https://img.kcar.com/3dcarpicture/2026/09/167/61408950_2/main/main780.jpg,,N,SELL,K7 프리미어 2020±1 / 같은 세대·연료·배기량·트림,5,1530,94018,0.0523,0.0051,같은 세대·연료·배기량·트림,,28.2
EC61385211,https://www.kcar.com/bc/detail/carInfoDtl?i_sCarCd=EC61385211,기아,K8,K8,기아 K8 가솔린 2.5 노블레스,가솔린 2.5 노블레스,가솔린,가솔린 2.5,2022-05,2022,2022,82109,2090,,2239,가솔린,가솔린,오토,2497,5,세단,대형차,단순수리,,,후방카메라|전방카메라|어라운드뷰|후방센서|전방센서|자동긴급제동|후측방경보|차선이탈경보|타이어공기압경고|차체자세제어|경사로밀림방지|전자식파킹브레이크|통풍시트|열선시트|스마트키|내비|크루즈|전동시트|하이패스|무선충전,4,자동긴급제동|후측방경보|차선이탈경보,3,5,일산직영점 경기/인천,,,https://img.kcar.com/carpicture/carpicture08/pic6138/kcarM_61385211_045.jpg,,N,SELL,K8 2022±1 / 같은 세대·연료·배기량·트림,27,2210,63951,0.0543,-0.2839,같은 세대·연료·배기량·트림,,28.1
EC61408514,https://www.kcar.com/bc/detail/carInfoDtl?i_sCarCd=EC61408514,기아,디 올 뉴 스포티지,스포티지,기아 디 올 뉴 스포티지 2.0 디젤 2WD 프레스티지,2.0 디젤 2WD 프레스티지,2.0,2.0 디젤 2WD,2021-12,2021,2022,62060,2040,,2186,디젤,디젤,오토,1998,5,SUV,SUV,무사고,,,후방카메라|후방센서|자동긴급제동|후측방경보|차선이탈경보|스마트크루즈|타이어공기압경고|차체자세제어|경사로밀림방지|전자식파킹브레이크|통풍시트|열선시트|스마트키|내비|크루즈|전동시트|하이패스,4,자동긴급제동|후측방경보|차선이탈경보|스마트크루즈,4,2,대전유성직영점 충남,,,https://img.kcar.com/carpicture/carpicture10/pic6140/kcarM_61408514_045.jpg,출퇴근용|영업용,N,SELL,디 올 뉴 스포티지 2021±1 / 같은 세대·연료·배기량·트림,4,2065.0,63251,0.0121,0.0188,같은 세대·연료·배기량·트림,,28.1
EC61403498,https://www.kcar.com/bc/detail/carInfoDtl?i_sCarCd=EC61403498,현대,쏘나타 DN8,쏘나타,현대 쏘나타 DN8 2.0 LPi 프리미엄,2.0 LPi 프리미엄,2.0,2.0 LPi,2021-02,2021,2021,76907,1840,,1972,LPG,LPG,오토,1999,5,세단,중형차,단순수리,,,후방카메라|후방센서|자동긴급제동|차선이탈경보|타이어공기압경고|차체자세제어|전자식파킹브레이크|열선시트|스마트키|내비|크루즈|전동시트|하이패스|무선충전,4,자동긴급제동|차선이탈경보,2,2,천안직영점 충남,,,https://img.kcar.com/carpicture/carpicture10/pic6140/kcarM_61403498_045.jpg,영업용,N,SELL,쏘나타 DN8 2021±1 / 같은 세대·연료·엔진(트림 등급 섞임),4,1750.0,87590,-0.0514,0.122,같은 세대·연료·엔진(트림 등급 섞임),,28.1
EC61404824,https://www.kcar.com/bc/detail/carInfoDtl?i_sCarCd=EC61404824,현대,더 뉴 그랜저,그랜저,현대 더 뉴 그랜저 가솔린 2.5 프리미엄,가솔린 2.5 프리미엄,가솔린,가솔린 2.5,2022-04,2022,2022,83013,1960,,2100,가솔린,가솔린,오토,2497,5,세단,대형차,단순수리,,,후방카메라|후방센서|전방센서|후측방경보|차선이탈경보|스마트크루즈|타이어공기압경고|차체자세제어|전자식파킹브레이크|열선시트|스마트키|내비|크루즈|전동시트|하이패스,4,후측방경보|차선이탈경보|스마트크루즈,3,3,수원신갈직영점 경기/인천,,,https://img.kcar.com/carpicture/carpicture10/pic6140/kcarM_61404824_045.jpg,,N,SELL,더 뉴 그랜저 2022±1 / 같은 세대·연료·배기량·트림,10,2070.0,73434,0.0531,-0.1304,같은 세대·연료·배기량·트림,,28.0
EC61402845,https://www.kcar.com/bc/detail/carInfoDtl?i_sCarCd=EC61402845,기아,K5 3세대 하이브리드,K5,기아 K5 3세대 하이브리드 트랜디 ,트랜디,트랜디,트랜디,2023-02,2023,2023,42983,1900,,2036,하이브리드,가솔린+전기,오토,1999,5,세단,중형차,단순수리,,,후방카메라|후방센서|후측방경보|차선이탈경보|스마트크루즈|타이어공기압경고|차체자세제어|전자식파킹브레이크|열선시트|스마트키|내비|크루즈|하이패스|무선충전,4,후측방경보|차선이탈경보|스마트크루즈,3,2,수원직영점 경기/인천,,,https://img.kcar.com/carpicture/carpicture10/pic6140/kcarM_61402845_045.jpg,영업용,N,SELL,K5 3세대 하이브리드 2023±1 / 같은 세대·연료·배기량·트림,8,1840.0,45041,-0.0326,0.0457,같은 세대·연료·배기량·트림,,28.0
EC61408135,https://www.kcar.com/bc/detail/carInfoDtl?i_sCarCd=EC61408135,기아,쏘렌토 4세대,쏘렌토,기아 쏘렌토 4세대 디젤 2.2 2WD 프레스티지,디젤 2.2 2WD 프레스티지,디젤,디젤 2.2 2WD,2020-09,2020,2021,86014,2090,,2239,디젤,디젤,오토,2151,5,SUV,SUV,무사고,,,후방카메라|후방센서|전방센서|후측방경보|차선이탈경보|스마트크루즈|타이어공기압경고|차체자세제어|전자식파킹브레이크|통풍시트|열선시트|스마트키|내비|크루즈|전동시트|하이패스,4,후측방경보|차선이탈경보|스마트크루즈,3,3,경인직영점 경기/인천,,,https://img.kcar.com/3dcarpicture/2026/09/142/61408135_1/main/main780.jpg,출퇴근용|영업용,N,SELL,쏘렌토 4세대 2020±1 / 같은 세대·연료·배기량·트림,5,2130,72093,0.0188,-0.1931,같은 세대·연료·배기량·트림,,27.8
EC61411530,https://www.kcar.com/bc/detail/carInfoDtl?i_sCarCd=EC61411530,기아,쏘렌토 4세대,쏘렌토,기아 쏘렌토 4세대 디젤 2.2 2WD 프레스티지,디젤 2.2 2WD 프레스티지,디젤,디젤 2.2 2WD,2021-05,2021,2021,98734,2130,,2282,디젤,디젤,오토,2151,5,SUV,SUV,무사고,,,후방카메라|후방센서|전방센서|자동긴급제동|차선이탈경보|타이어공기압경고|차체자세제어|전자식파킹브레이크|통풍시트|열선시트|스마트키|내비|크루즈|선루프|전동시트|하이패스,4,자동긴급제동|차선이탈경보,2,3,강서직영점 경기/인천,,,https://img.kcar.com/carpicture/carpicture01/pic6141/kcarM_61411530_045.jpg,출퇴근용|영업용,N,SELL,쏘렌토 4세대 2021±1 / 같은 세대·연료·배기량·트림,8,2170.0,68212,0.0184,-0.4475,같은 세대·연료·배기량·트림,,27.8
EC61406154,https://www.kcar.com/bc/detail/carInfoDtl?i_sCarCd=EC61406154,현대,투싼 (4세대),투싼,현대 투싼 (4세대) 1.6 터보 프리미엄,1.6 터보 프리미엄,1.6,1.6 터보,2022-08,2022,2022,75000,2030,,2175,가솔린,가솔린,오토,1598,5,SUV,SUV,단순수리,,,후방카메라|후방센서|전방센서|자동긴급제동|후측방경보|차선이탈경보|스마트크루즈|타이어공기압경고|차체자세제어|전자식파킹브레이크|통풍시트|열선시트|스마트키|내비|크루즈|하이패스,4,자동긴급제동|후측방경보|차선이탈경보|스마트크루즈,4,3,강서직영점 경기/인천,,,https://img.kcar.com/carpicture/carpicture10/pic6140/kcarM_61406154_045.jpg,,N,SELL,투싼 (4세대) 2022±1 / 같은 세대·연료·배기량·트림,12,2140.0,61360,0.0514,-0.2223,같은 세대·연료·배기량·트림,,27.7
EC61403545,https://www.kcar.com/bc/detail/carInfoDtl?i_sCarCd=EC61403545,기아,디 올 뉴 스포티지,스포티지,기아 디 올 뉴 스포티지 2.0 디젤 AWD 트렌디,2.0 디젤 AWD 트렌디,2.0,2.0 디젤 AWD,2022-09,2022,2023,20714,2090,,2239,디젤,디젤,오토,1998,5,SUV,SUV,단순수리,,,후방센서|자동긴급제동|차선이탈경보|타이어공기압경고|차체자세제어|경사로밀림방지|전자식파킹브레이크|열선시트|스마트키|내비|크루즈|하이패스,4,자동긴급제동|차선이탈경보,2,1,김포직영점 경기/인천,,,https://img.kcar.com/3dcarpicture/2026/09/087/61403545_1/main/main780.jpg,출퇴근용|영업용,N,SELL,디 올 뉴 스포티지 2022±1 / 같은 세대·연료·배기량·트림,10,2145.0,24917,0.0256,0.1687,같은 세대·연료·배기량·트림,,27.6
EC61398062,https://www.kcar.com/bc/detail/carInfoDtl?i_sCarCd=EC61398062,현대,아반떼 하이브리드 (CN7),아반떼,현대 아반떼 하이브리드 (CN7) 스마트 ,스마트,스마트,스마트,2020-11,2020,2021,33891,1590,,1704,하이브리드,가솔린+전기,오토,1580,5,세단,준중형차,무사고,,,후방카메라|후방센서|차선이탈경보|스마트크루즈|타이어공기압경고|차체자세제어|전자식파킹브레이크|크루즈|하이패스,4,차선이탈경보|스마트크루즈,2,2,안산직영점 경기/인천,,,https://img.kcar.com/3dcarpicture/2026/08/164/61398062_1/main/main780.jpg,영업용,N,SELL,아반떼 하이브리드 (CN7) 2020±1 / 비교불가,2,,,,,비교불가,비교불가(그룹 2대<3),27.5
EC61406080,https://www.kcar.com/bc/detail/carInfoDtl?i_sCarCd=EC61406080,기아,스포티지 더 볼드,스포티지,기아 스포티지 더 볼드 디젤 2.0 2WD 시그니쳐,디젤 2.0 2WD 시그니쳐,디젤,디젤 2.0 2WD,2020-05,2020,2020,88660,1740,,1865,디젤,디젤,오토,1995,5,SUV,SUV,무사고,,,후방카메라|후방센서|전방센서|자동긴급제동|후측방경보|차선이탈경보|스마트크루즈|타이어공기압경고|차체자세제어|경사로밀림방지|전자식파킹브레이크|통풍시트|열선시트|스마트키|내비|크루즈|전동시트|하이패스,4,자동긴급제동|후측방경보|차선이탈경보|스마트크루즈,4,3,안성직영점 경기/인천,,,https://img.kcar.com/3dcarpicture/2026/08/167/61406080_2/main/main780.jpg,출퇴근용|영업용,N,SELL,스포티지 더 볼드 2020±1 / 같은 세대·연료·배기량·트림,7,1770,66767,0.0169,-0.3279,같은 세대·연료·배기량·트림,,27.5
EC61410966,https://www.kcar.com/bc/detail/carInfoDtl?i_sCarCd=EC61410966,기아,더 뉴 K3 GT 2세대,K3,기아 더 뉴 K3 GT 2세대 1.6 터보 5도어 시그니처,1.6 터보 5도어 시그니처,1.6,1.6 터보 5도어,2022-03,2022,2022,61597,2030,,2175,가솔린,가솔린,오토,1591,5,해치백,준중형차,무사고,,,전방카메라|후방센서|전방센서|후측방경보|차선이탈경보|스마트크루즈|타이어공기압경고|차체자세제어|경사로밀림방지|전자식파킹브레이크|통풍시트|열선시트|스마트키|내비|크루즈|전동시트|하이패스|무선충전,4,후측방경보|차선이탈경보|스마트크루즈,3,3,대전유성직영점 충남,,,https://img.kcar.com/carpicture/carpicture01/pic6141/kcarM_61410966_045.jpg,,N,SELL,더 뉴 K3 GT 2세대 2022±1 / 같은 세대·연료·배기량·트림,4,1925.0,60732,-0.0545,-0.0142,같은 세대·연료·배기량·트림,,27.5
EC61378790,https://www.kcar.com/bc/detail/carInfoDtl?i_sCarCd=EC61378790,현대,더 뉴 싼타페,싼타페,현대 더 뉴 싼타페 디젤 2.2 2WD 프레스티지,디젤 2.2 2WD 프레스티지,디젤,디젤 2.2 2WD,2021-05,2021,2021,66093,2200,,2357,디젤,디젤,오토,2151,5,SUV,SUV,단순수리,,,후방카메라|후방센서|전방센서|자동긴급제동|차선이탈경보|스마트크루즈|타이어공기압경고|차체자세제어|전자식파킹브레이크|통풍시트|열선시트|스마트키|내비|크루즈|전동시트|하이패스,4,자동긴급제동|차선이탈경보|스마트크루즈,3,3,일산직영점 경기/인천,,,https://img.kcar.com/carpicture/carpicture07/pic6137/kcarM_61378790_045.jpg,출퇴근용|영업용,N,SELL,더 뉴 싼타페 2021±1 / 같은 세대·연료·배기량·트림,34,2205.0,80689,0.0023,0.1809,같은 세대·연료·배기량·트림,,27.4
EC61398580,https://www.kcar.com/bc/detail/carInfoDtl?i_sCarCd=EC61398580,현대,더 뉴 싼타페,싼타페,현대 더 뉴 싼타페 디젤 2.2 4WD 프레스티지,디젤 2.2 4WD 프레스티지,디젤,디젤 2.2 4WD,2020-08,2020,2021,78313,2190,,2346,디젤,디젤,오토,2151,5,SUV,SUV,단순수리,,,후방카메라|후방센서|전방센서|자동긴급제동|후측방경보|차선이탈경보|스마트크루즈|타이어공기압경고|차체자세제어|경사로밀림방지|전자식파킹브레이크|통풍시트|열선시트|스마트키|내비|크루즈|전동시트|하이패스,4,자동긴급제동|후측방경보|차선이탈경보|스마트크루즈,4,3,김포직영점 경기/인천,,,https://img.kcar.com/3dcarpicture/2026/08/087/61398580_2/main/main780.jpg,출퇴근용|영업용,N,SELL,더 뉴 싼타페 2020±1 / 같은 세대·연료·배기량·트림,5,2310,84031,0.0519,0.068,같은 세대·연료·배기량·트림,,27.3
EC61407935,https://www.kcar.com/bc/detail/carInfoDtl?i_sCarCd=EC61407935,기아,더 뉴 쏘렌토,쏘렌토,기아 더 뉴 쏘렌토 디젤 2.0 2WD 프레스티지,디젤 2.0 2WD 프레스티지,디젤,디젤 2.0 2WD,2020-01,2020,2020,66055,1860,,1993,디젤,디젤,오토,1995,5,SUV,SUV,단순수리,,,후방카메라|후방센서|차선이탈경보|타이어공기압경고|차체자세제어|통풍시트|열선시트|스마트키|내비|크루즈|전동시트|하이패스,4,차선이탈경보,1,2,안양직영점 경기/인천,,,https://img.kcar.com/carpicture/carpicture10/pic6140/kcarM_61407935_045.jpg,출퇴근용|영업용,N,SELL,더 뉴 쏘렌토 2020±1 / 같은 세대·연료·배기량·트림,3,1650,80964,-0.1273,0.1841,같은 세대·연료·배기량·트림,,27.3
EC61402904,https://www.kcar.com/bc/detail/carInfoDtl?i_sCarCd=EC61402904,기아,쏘렌토 4세대,쏘렌토,기아 쏘렌토 4세대 디젤 2.2 2WD 프레스티지,디젤 2.2 2WD 프레스티지,디젤,디젤 2.2 2WD,2021-07,2021,2022,72093,2100,,2250,디젤,디젤,오토,2151,5,SUV,SUV,무사고,,,후방카메라|후방센서|전방센서|자동긴급제동|차선이탈경보|타이어공기압경고|차체자세제어|전자식파킹브레이크|통풍시트|열선시트|스마트키|크루즈|전동시트|하이패스,4,자동긴급제동|차선이탈경보,2,3,광주수완직영점 전남,,,https://img.kcar.com/3dcarpicture/2026/08/081/61402904_1/main/main780.jpg,출퇴근용|영업용,N,SELL,쏘렌토 4세대 2021±1 / 같은 세대·연료·배기량·트림,8,2170.0,68212,0.0323,-0.0569,같은 세대·연료·배기량·트림,,27.3
EC61401066,https://www.kcar.com/bc/detail/carInfoDtl?i_sCarCd=EC61401066,기아,더 뉴 K3 2세대,K3,기아 더 뉴 K3 2세대 트렌디 ,트렌디,트렌디,트렌디,2022-07,2022,2022,68051,1290,,1383,가솔린,가솔린,오토,1598,5,세단,준중형차,단순수리,,,후방카메라|후방센서|차선이탈경보|타이어공기압경고|차체자세제어|열선시트|크루즈|하이패스,4,차선이탈경보,1,2,홈서비스 메가센터 홈서비스 메가센터,,,https://img.kcar.com/3dcarpicture/2026/08/173/61401066_1/main/main780.jpg,,N,SELL,더 뉴 K3 2세대 2022±1 / 같은 세대·연료·배기량·트림,14,1380.0,70772,0.0652,0.0384,같은 세대·연료·배기량·트림,,27.3
EC61368221,https://www.kcar.com/bc/detail/carInfoDtl?i_sCarCd=EC61368221,제네시스,G80,G80,제네시스 G80 3.3 GDI 프리미엄 럭셔리,3.3 GDI 프리미엄 럭셔리,3.3,3.3 GDI,2020-02,2020,2020,89807,1880,,2015,가솔린,가솔린,오토,3342,5,세단,대형차,단순수리,,,후방카메라|전방카메라|어라운드뷰|후방센서|전방센서|자동긴급제동|후측방경보|차선이탈경보|스마트크루즈|헤드업디스플레이|타이어공기압경고|차체자세제어|경사로밀림방지|전자식파킹브레이크|통풍시트|열선시트|스마트키|내비|크루즈|전동시트|하이패스|무선충전,4,자동긴급제동|후측방경보|차선이탈경보|스마트크루즈,4,5,경인직영점 경기/인천,,,https://img.kcar.com/3dcarpicture/2026/05/142/61368221_1/main/main780.jpg,,N,SELL,G80 2020±1 / 같은 세대·연료·엔진(트림 등급 섞임),4,1675.0,100904,-0.1224,0.11,같은 세대·연료·엔진(트림 등급 섞임),,27.3
EC61386857,https://www.kcar.com/bc/detail/carInfoDtl?i_sCarCd=EC61386857,현대,더 뉴 그랜저,그랜저,현대 더 뉴 그랜저 가솔린 2.5 프리미엄,가솔린 2.5 프리미엄,가솔린,가솔린 2.5,2022-01,2022,2022,65504,2120,,2271,가솔린,가솔린,오토,2497,5,세단,대형차,단순수리,,,후방카메라|후방센서|전방센서|자동긴급제동|후측방경보|차선이탈경보|스마트크루즈|타이어공기압경고|차체자세제어|전자식파킹브레이크|열선시트|스마트키|내비|크루즈|전동시트|하이패스,4,자동긴급제동|후측방경보|차선이탈경보|스마트크루즈,4,3,김포직영점 경기/인천,,,https://img.kcar.com/3dcarpicture/2026/07/087/61386857_1/main/main780.jpg,,N,SELL,더 뉴 그랜저 2022±1 / 같은 세대·연료·배기량·트림,10,2070.0,73434,-0.0242,0.108,같은 세대·연료·배기량·트림,,27.2
EC61344790,https://www.kcar.com/bc/detail/carInfoDtl?i_sCarCd=EC61344790,현대,쏘나타 DN8,쏘나타,현대 쏘나타 DN8 1.6 터보 프리미엄 플러스,1.6 터보 프리미엄 플러스,1.6,1.6 터보,2021-09,2021,2022,91519,1790,,1918,가솔린,가솔린,오토,1598,5,세단,중형차,단순수리,,,후방카메라|후방센서|전방센서|자동긴급제동|후측방경보|차선이탈경보|타이어공기압경고|차체자세제어|전자식파킹브레이크|통풍시트|열선시트|스마트키|내비|크루즈|전동시트|하이패스,4,자동긴급제동|후측방경보|차선이탈경보,3,3,서초직영점 서울,,,https://img.kcar.com/carpicture/carpicture04/pic6134/kcarM_61344790_045.jpg,,N,SELL,쏘나타 DN8 2021±1 / 같은 세대·연료·배기량·트림,5,1880,58934,0.0479,-0.5529,같은 세대·연료·배기량·트림,,27.2
EC61366908,https://www.kcar.com/bc/detail/carInfoDtl?i_sCarCd=EC61366908,기아,K7 프리미어,K7,기아 K7 프리미어 가솔린 2.5 X 에디션,가솔린 2.5 X 에디션,가솔린,가솔린 2.5,2021-04,2021,2021,91094,1820,,1950,가솔린,가솔린,오토,2497,5,세단,대형차,단순수리,,,후방카메라|전방카메라|어라운드뷰|후방센서|전방센서|자동긴급제동|후측방경보|차선이탈경보|스마트크루즈|타이어공기압경고|차체자세제어|경사로밀림방지|전자식파킹브레이크|통풍시트|열선시트|스마트키|내비|크루즈|전동시트|하이패스|무선충전,4,자동긴급제동|후측방경보|차선이탈경보|스마트크루즈,4,5,분당용인직영점 경기/인천,,,https://img.kcar.com/carpicture/carpicture06/pic6136/kcarM_61366908_045.jpg,,N,SELL,K7 프리미어 2021±1 / 같은 세대·연료·배기량·트림,14,1790.0,102010,-0.0168,0.107,같은 세대·연료·배기량·트림,,27.1
EC61407906,https://www.kcar.com/bc/detail/carInfoDtl?i_sCarCd=EC61407906,기아,더 뉴 K3 2세대,K3,기아 더 뉴 K3 2세대 노블레스 ,노블레스,노블레스,노블레스,2022-09,2022,2022,66422,1580,,1694,가솔린,가솔린,오토,1598,5,세단,준중형차,단순수리,,,후방카메라|후방센서|전방센서|자동긴급제동|후측방경보|차선이탈경보|스마트크루즈|타이어공기압경고|차체자세제어|전자식파킹브레이크|통풍시트|열선시트|스마트키|내비|크루즈|전동시트|하이패스|무선충전,4,자동긴급제동|후측방경보|차선이탈경보|스마트크루즈,4,3,안성직영점 경기/인천,,,https://img.kcar.com/carpicture/carpicture10/pic6140/kcarM_61407906_045.jpg,,N,SELL,더 뉴 K3 2세대 2022±1 / 같은 세대·연료·배기량(트림 섞임),28,1505.0,74359,-0.0498,0.1067,같은 세대·연료·배기량(트림 섞임),비교군 가격 산포 56% — 시세차를 그대로 믿지 말 것,27.1
EC61396402,https://www.kcar.com/bc/detail/carInfoDtl?i_sCarCd=EC61396402,기아,K5 3세대 하이브리드,K5,기아 K5 3세대 하이브리드 트랜디 ,트랜디,트랜디,트랜디,2021-10,2021,2022,72686,1750,,1876,하이브리드,가솔린+전기,오토,1999,5,세단,중형차,단순수리,,,후방카메라|후방센서|차선이탈경보|타이어공기압경고|차체자세제어|전자식파킹브레이크|열선시트|스마트키|내비|크루즈|하이패스|무선충전,4,차선이탈경보,1,2,경인직영점 경기/인천,,,https://img.kcar.com/3dcarpicture/2026/08/142/61396402_1/main/main780.jpg,영업용,N,SELL,K5 3세대 하이브리드 2021±1 / 같은 세대·연료·배기량·트림,6,1775.0,52350,0.0141,-0.3885,같은 세대·연료·배기량·트림,,27.1
EC61402204,https://www.kcar.com/bc/detail/carInfoDtl?i_sCarCd=EC61402204,기아,K8,K8,기아 K8 가솔린 2.5 노블레스,가솔린 2.5 노블레스,가솔린,가솔린 2.5,2021-05,2021,2022,92718,2080,,2229,가솔린,가솔린,오토,2497,5,세단,대형차,단순수리,,,후방카메라|전방카메라|어라운드뷰|후방센서|전방센서|자동긴급제동|후측방경보|차선이탈경보|스마트크루즈|헤드업디스플레이|타이어공기압경고|차체자세제어|전자식파킹브레이크|통풍시트|열선시트|스마트키|내비|크루즈|선루프|전동시트|하이패스,4,자동긴급제동|후측방경보|차선이탈경보|스마트크루즈,4,5,영등포직영점 서울,,,https://img.kcar.com/carpicture/carpicture10/pic6140/kcarM_61402204_045.jpg,,N,SELL,K8 2021±1 / 같은 세대·연료·배기량·트림,23,2180,72945,0.0459,-0.2711,같은 세대·연료·배기량·트림,,26.9
EC61364046,https://www.kcar.com/bc/detail/carInfoDtl?i_sCarCd=EC61364046,현대,싼타페 TM,싼타페,현대 싼타페 TM 가솔린 2.0T 2WD 프레스티지,가솔린 2.0T 2WD 프레스티지,가솔린,가솔린 2.0T 2WD,2020-01,2020,2020,71980,2090,,2239,가솔린,가솔린,오토,1999,5,SUV,SUV,단순수리,,,후방카메라|후방센서|전방센서|자동긴급제동|후측방경보|차선이탈경보|스마트크루즈|타이어공기압경고|차체자세제어|전자식파킹브레이크|통풍시트|열선시트|스마트키|내비|크루즈|전동시트|하이패스,4,자동긴급제동|후측방경보|차선이탈경보|스마트크루즈,4,3,경기서부직영점 경기/인천,,,https://img.kcar.com/3dcarpicture/2026/05/143/61364046_1/main/main780.jpg,,N,SELL,싼타페 TM 2020±1 / 같은 세대·연료·배기량·트림,19,1980,80212,-0.0556,0.1026,같은 세대·연료·배기량·트림,,26.8
EC61395035,https://www.kcar.com/bc/detail/carInfoDtl?i_sCarCd=EC61395035,현대,더 뉴 그랜저,그랜저,현대 더 뉴 그랜저 가솔린 2.5 익스클루시브,가솔린 2.5 익스클루시브,가솔린,가솔린 2.5,2021-04,2021,2021,97635,1960,,2100,가솔린,가솔린,오토,2497,5,세단,대형차,단순수리,,,후방카메라|전방카메라|어라운드뷰|후방센서|전방센서|후측방경보|차선이탈경보|스마트크루즈|타이어공기압경고|차체자세제어|전자식파킹브레이크|통풍시트|열선시트|스마트키|내비|크루즈|전동시트|하이패스|무선충전,4,후측방경보|차선이탈경보|스마트크루즈,3,5,광주풍암직영점 전남,,,https://img.kcar.com/carpicture/carpicture09/pic6139/kcarM_61395035_045.jpg,,N,SELL,더 뉴 그랜저 2021±1 / 같은 세대·연료·배기량·트림,35,2050,94484,0.0439,-0.0333,같은 세대·연료·배기량·트림,,26.6
EC61409104,https://www.kcar.com/bc/detail/carInfoDtl?i_sCarCd=EC61409104,기아,K5 3세대,K5,기아 K5 3세대 가솔린 터보 1.6 시그니처,가솔린 터보 1.6 시그니처,가솔린,가솔린 터보 1.6,2021-01,2021,2021,58528,1970,,2111,가솔린,가솔린,오토,1598,5,세단,중형차,단순수리,,,후방카메라|전방카메라|어라운드뷰|후방센서|전방센서|자동긴급제동|후측방경보|차선이탈경보|스마트크루즈|타이어공기압경고|차체자세제어|경사로밀림방지|전자식파킹브레이크|통풍시트|열선시트|스마트키|내비|크루즈|전동시트|하이패스,4,자동긴급제동|후측방경보|차선이탈경보|스마트크루즈,4,5,창원마산직영점 경남,,,https://img.kcar.com/carpicture/carpicture10/pic6140/kcarM_61409104_045.jpg,,N,SELL,K5 3세대 2021±1 / 같은 세대·연료·배기량·트림,11,2060,58528,0.0437,0.0,같은 세대·연료·배기량·트림,,26.6
EC61405874,https://www.kcar.com/bc/detail/carInfoDtl?i_sCarCd=EC61405874,기아,더 뉴 니로,니로,기아 더 뉴 니로 프레스티지 ,프레스티지,프레스티지,프레스티지,2021-11,2021,2022,75804,1820,,1950,하이브리드,가솔린+전기,오토,1580,5,SUV,SUV,단순수리,,,후방카메라|후방센서|자동긴급제동|차선이탈경보|타이어공기압경고|차체자세제어|열선시트|스마트키|내비|크루즈,4,자동긴급제동|차선이탈경보,2,2,경기서부직영점 경기/인천,,,https://img.kcar.com/3dcarpicture/2026/08/143/61405874_1/main/main780.jpg,영업용,N,SELL,더 뉴 니로 2021±1 / 같은 세대·연료·배기량·트림,4,1820.0,77608,0.0,0.0232,같은 세대·연료·배기량·트림,,26.5
EC61409839,https://www.kcar.com/bc/detail/carInfoDtl?i_sCarCd=EC61409839,기아,쏘울 부스터,쏘울,기아 쏘울 부스터 1.6 T-GDI 노블레스 ,1.6 T-GDI 노블레스,1.6,1.6 T-GDI 노블레스,2020-08,2020,2021,63898,1470,,1576,가솔린,가솔린,오토,1591,5,세단,준중형차,단순수리,,,후방카메라|후방센서|후측방경보|차선이탈경보|스마트크루즈|타이어공기압경고|차체자세제어|통풍시트|열선시트|스마트키|내비|크루즈|전동시트,4,후측방경보|차선이탈경보|스마트크루즈,3,2,전주직영점 전북,,,https://img.kcar.com/carpicture/carpicture10/pic6140/kcarM_61409839_045.jpg,,N,SELL,쏘울 부스터 2020±1 / 같은 세대·연료·배기량·트림,8,1300.0,70847,-0.1308,0.0981,같은 세대·연료·배기량·트림,,26.5
EC61398684,https://www.kcar.com/bc/detail/carInfoDtl?i_sCarCd=EC61398684,현대,투싼 (4세대),투싼,현대 투싼 (4세대) 1.6 터보 모던,1.6 터보 모던,1.6,1.6 터보,2022-01,2022,2022,65184,1860,,1993,가솔린,가솔린,오토,1598,5,SUV,SUV,단순수리,,,후방카메라|후방센서|자동긴급제동|후측방경보|차선이탈경보|스마트크루즈|타이어공기압경고|차체자세제어|경사로밀림방지|전자식파킹브레이크|통풍시트|열선시트|스마트키|내비|크루즈|하이패스,4,자동긴급제동|후측방경보|차선이탈경보|스마트크루즈,4,2,화성직영점 경기/인천,,,https://img.kcar.com/3dcarpicture/2026/08/175/61398684_1/main/main780.jpg,,N,SELL,투싼 (4세대) 2022±1 / 같은 세대·연료·배기량·트림,13,1900,68466,0.0211,0.0479,같은 세대·연료·배기량·트림,,26.4
EC61404837,https://www.kcar.com/bc/detail/carInfoDtl?i_sCarCd=EC61404837,기아,쏘렌토 4세대,쏘렌토,기아 쏘렌토 4세대 디젤 2.2 2WD 프레스티지,디젤 2.2 2WD 프레스티지,디젤,디젤 2.2 2WD,2022-01,2022,2022,71378,2080,,2229,디젤,디젤,오토,2151,5,SUV,SUV,단순수리,,,후방카메라|후방센서|전방센서|차선이탈경보|타이어공기압경고|차체자세제어|전자식파킹브레이크|통풍시트|열선시트|스마트키|내비|크루즈|전동시트|하이패스,4,차선이탈경보,1,3,안양직영점 경기/인천,,,https://img.kcar.com/carpicture/carpicture10/pic6140/kcarM_61404837_045.jpg,출퇴근용|영업용,N,SELL,쏘렌토 4세대 2022±1 / 같은 세대·연료·배기량·트림,8,2250.0,60002,0.0756,-0.1896,같은 세대·연료·배기량·트림,,26.3
EC61400253,https://www.kcar.com/bc/detail/carInfoDtl?i_sCarCd=EC61400253,기아,K5 3세대,K5,기아 K5 3세대 가솔린 2.0 노블레스,가솔린 2.0 노블레스,가솔린,가솔린 2.0,2021-07,2021,2021,99098,1700,,1822,가솔린,가솔린,오토,1999,5,세단,중형차,단순수리,,,후방카메라|전방카메라|어라운드뷰|후방센서|전방센서|자동긴급제동|후측방경보|차선이탈경보|스마트크루즈|타이어공기압경고|차체자세제어|경사로밀림방지|전자식파킹브레이크|통풍시트|열선시트|스마트키|내비|크루즈|전동시트|하이패스,4,자동긴급제동|후측방경보|차선이탈경보|스마트크루즈,4,5,광명직영점 경기/인천,,,https://img.kcar.com/3dcarpicture/2026/08/104/61400253_3/main/main780.jpg,,N,SELL,K5 3세대 2021±1 / 같은 세대·연료·배기량·트림,12,1775.0,73406,0.0423,-0.35,같은 세대·연료·배기량·트림,,26.3
EC61407899,https://www.kcar.com/bc/detail/carInfoDtl?i_sCarCd=EC61407899,현대,아반떼 (CN7),아반떼,현대 아반떼 (CN7) 가솔린 1.6 모던,가솔린 1.6 모던,가솔린,가솔린 1.6,2021-05,2021,2021,63539,1490,,1597,가솔린,가솔린,오토,1598,5,세단,준중형차,단순수리,,,후방카메라|후방센서|전방센서|차선이탈경보|타이어공기압경고|차체자세제어|통풍시트|열선시트|스마트키|내비|크루즈|전동시트|하이패스,4,차선이탈경보,1,3,울산직영점 경남,,,https://img.kcar.com/carpicture/carpicture10/pic6140/kcarM_61407899_045.jpg,,N,SELL,아반떼 (CN7) 2021±1 / 같은 세대·연료·배기량·트림,18,1495.0,69408,0.0033,0.0846,같은 세대·연료·배기량·트림,,26.1
EC61348975,https://www.kcar.com/bc/detail/carInfoDtl?i_sCarCd=EC61348975,현대,더 뉴 그랜저,그랜저,현대 더 뉴 그랜저 가솔린 2.5 익스클루시브,가솔린 2.5 익스클루시브,가솔린,가솔린 2.5,2021-01,2021,2021,95126,1970,,2111,가솔린,가솔린,오토,2497,5,세단,대형차,단순수리,,,후방카메라|전방카메라|어라운드뷰|후방센서|전방센서|자동긴급제동|후측방경보|차선이탈경보|스마트크루즈|타이어공기압경고|차체자세제어|전자식파킹브레이크|통풍시트|열선시트|스마트키|내비|크루즈|선루프|전동시트|하이패스|무선충전,4,자동긴급제동|후측방경보|차선이탈경보|스마트크루즈,4,5,세종공주직영점 충남,,,https://img.kcar.com/3dcarpicture/2026/07/169/61348975_2/main/main780.jpg,,N,SELL,더 뉴 그랜저 2021±1 / 같은 세대·연료·배기량·트림,35,2050,94484,0.039,-0.0068,같은 세대·연료·배기량·트림,,25.9
EC61403394,https://www.kcar.com/bc/detail/carInfoDtl?i_sCarCd=EC61403394,기아,K5 3세대 하이브리드,K5,기아 K5 3세대 하이브리드 트랜디 ,트랜디,트랜디,트랜디,2022-10,2022,2023,57880,1790,,1918,하이브리드,가솔린+전기,오토,1999,5,세단,중형차,단순수리,,,후방카메라|후방센서|차선이탈경보|차체자세제어|전자식파킹브레이크|열선시트|스마트키|크루즈|무선충전,4,차선이탈경보,1,2,광주풍암직영점 전남,,,https://img.kcar.com/carpicture/carpicture10/pic6140/kcarM_61403394_045.jpg,영업용,N,SELL,K5 3세대 하이브리드 2022±1 / 같은 세대·연료·배기량·트림,9,1830,47100,0.0219,-0.2289,같은 세대·연료·배기량·트림,,25.8
EC61405872,https://www.kcar.com/bc/detail/carInfoDtl?i_sCarCd=EC61405872,현대,쏘나타 DN8,쏘나타,현대 쏘나타 DN8 2.0 가솔린 모던,2.0 가솔린 모던,2.0,2.0 가솔린,2021-06,2021,2022,61882,1630,,1747,가솔린,가솔린,오토,1999,5,세단,중형차,단순수리,,,후방카메라|후방센서|자동긴급제동|후측방경보|차선이탈경보|스마트크루즈|타이어공기압경고|차체자세제어|경사로밀림방지|전자식파킹브레이크|열선시트|스마트키|내비|크루즈|하이패스|무선충전,4,자동긴급제동|후측방경보|차선이탈경보|스마트크루즈,4,2,용인직영점 경기/인천,,,https://img.kcar.com/3dcarpicture/2026/09/140/61405872_2/main/main780.jpg,,N,SELL,쏘나타 DN8 2021±1 / 같은 세대·연료·배기량·트림,3,1680,63099,0.0298,0.0193,같은 세대·연료·배기량·트림,,25.8
EC61399588,https://www.kcar.com/bc/detail/carInfoDtl?i_sCarCd=EC61399588,기아,스포티지 더 볼드,스포티지,기아 스포티지 더 볼드 디젤 2.0 2WD 프레스티지,디젤 2.0 2WD 프레스티지,디젤,디젤 2.0 2WD,2020-08,2020,2020,67625,1580,,1694,디젤,디젤,오토,1995,5,SUV,SUV,단순수리,,,후방카메라|후방센서|차선이탈경보|타이어공기압경고|차체자세제어|통풍시트|열선시트|스마트키|내비|크루즈|전동시트|하이패스,4,차선이탈경보,1,2,대전직영점 충남,,,https://img.kcar.com/3dcarpicture/2026/08/067/61399588_1/main/main780.jpg,출퇴근용|영업용,N,SELL,스포티지 더 볼드 2020±1 / 같은 세대·연료·배기량·트림,11,1490,80419,-0.0604,0.1591,같은 세대·연료·배기량·트림,,25.6
EC61406814,https://www.kcar.com/bc/detail/carInfoDtl?i_sCarCd=EC61406814,현대,투싼 (4세대),투싼,현대 투싼 (4세대) 1.6 터보 모던,1.6 터보 모던,1.6,1.6 터보,2022-08,2022,2023,89404,1830,,1961,가솔린,가솔린,오토,1598,5,SUV,SUV,단순수리,,,후방카메라|후방센서|자동긴급제동|차선이탈경보|타이어공기압경고|차체자세제어|전자식파킹브레이크|통풍시트|열선시트|스마트키|내비|크루즈|선루프|하이패스,4,자동긴급제동|차선이탈경보,2,2,홈서비스 메가센터 홈서비스 메가센터,,,https://img.kcar.com/3dcarpicture/2026/09/173/61406814_1/main/main780.jpg,,N,SELL,투싼 (4세대) 2022±1 / 같은 세대·연료·배기량·트림,13,1900,68466,0.0368,-0.3058,같은 세대·연료·배기량·트림,,25.5
EC61383682,https://www.kcar.com/bc/detail/carInfoDtl?i_sCarCd=EC61383682,현대,더 뉴 싼타페,싼타페,현대 더 뉴 싼타페 디젤 2.2 2WD 프레스티지,디젤 2.2 2WD 프레스티지,디젤,디젤 2.2 2WD,2020-12,2020,2021,93724,2020,,2164,디젤,디젤,오토,2151,5,SUV,SUV,단순수리,,,후방카메라|전방카메라|어라운드뷰|후방센서|전방센서|자동긴급제동|후측방경보|차선이탈경보|스마트크루즈|헤드업디스플레이|타이어공기압경고|차체자세제어|경사로밀림방지|전자식파킹브레이크|통풍시트|열선시트|스마트키|내비|크루즈|전동시트|하이패스|무선충전,4,자동긴급제동|후측방경보|차선이탈경보|스마트크루즈,4,5,인천직영점 경기/인천,,,https://img.kcar.com/carpicture/carpicture08/pic6138/kcarM_61383682_045.jpg,출퇴근용|영업용,N,SELL,더 뉴 싼타페 2020±1 / 같은 세대·연료·배기량·트림,25,2170,90619,0.0691,-0.0343,같은 세대·연료·배기량·트림,,25.4
EC61400792,https://www.kcar.com/bc/detail/carInfoDtl?i_sCarCd=EC61400792,기아,디 올 뉴 스포티지,스포티지,기아 디 올 뉴 스포티지 2.0 디젤 AWD 트렌디,2.0 디젤 AWD 트렌디,2.0,2.0 디젤 AWD,2022-08,2022,2023,27776,2140,,2293,디젤,디젤,오토,1998,5,SUV,SUV,무사고,,,후방카메라|후방센서|차선이탈경보|타이어공기압경고|차체자세제어|전자식파킹브레이크|열선시트|스마트키|내비|크루즈|하이패스,4,차선이탈경보,1,2,광주풍암직영점 전남,,,https://img.kcar.com/carpicture/carpicture10/pic6140/kcarM_61400792_045.jpg,출퇴근용|영업용,N,SELL,디 올 뉴 스포티지 2022±1 / 같은 세대·연료·배기량·트림,10,2145.0,24917,0.0023,-0.1147,같은 세대·연료·배기량·트림,,25.3
EC61395013,https://www.kcar.com/bc/detail/carInfoDtl?i_sCarCd=EC61395013,현대,아반떼 (CN7),아반떼,현대 아반떼 (CN7) 가솔린 1.6 스마트,가솔린 1.6 스마트,가솔린,가솔린 1.6,2021-07,2021,2021,95368,1310,,1405,가솔린,가솔린,오토,1598,5,세단,준중형차,단순수리,,,후방카메라|후방센서|자동긴급제동|차선이탈경보|타이어공기압경고|차체자세제어|경사로밀림방지|스마트키|내비|크루즈|하이패스,4,자동긴급제동|차선이탈경보,2,2,화성직영점 경기/인천,,,https://img.kcar.com/3dcarpicture/2026/08/175/61395013_1/main/main780.jpg,,N,SELL,아반떼 (CN7) 2021±1 / 같은 세대·연료·배기량·트림,3,1380,62212,0.0507,-0.533,같은 세대·연료·배기량·트림,,25.1
EC61403258,https://www.kcar.com/bc/detail/carInfoDtl?i_sCarCd=EC61403258,기아,K5 3세대,K5,기아 K5 3세대 가솔린 터보 1.6 노블레스,가솔린 터보 1.6 노블레스,가솔린,가솔린 터보 1.6,2020-11,2020,2020,83747,1720,,1843,가솔린,가솔린,오토,1598,5,세단,중형차,단순수리,,,후방카메라|전방카메라|어라운드뷰|후방센서|전방센서|자동긴급제동|후측방경보|차선이탈경보|스마트크루즈|타이어공기압경고|차체자세제어|전자식파킹브레이크|통풍시트|열선시트|스마트키|내비|크루즈|선루프|전동시트|하이패스|무선충전,4,자동긴급제동|후측방경보|차선이탈경보|스마트크루즈,4,5,서초직영점 서울,,,https://img.kcar.com/carpicture/carpicture10/pic6140/kcarM_61403258_045.jpg,,N,SELL,K5 3세대 2020±1 / 같은 세대·연료·배기량·트림,7,1780,78866,0.0337,-0.0619,같은 세대·연료·배기량·트림,,25.1
EC61387253,https://www.kcar.com/bc/detail/carInfoDtl?i_sCarCd=EC61387253,현대,싼타페 TM,싼타페,현대 싼타페 TM 디젤 2.0 2WD 익스클루시브,디젤 2.0 2WD 익스클루시브,디젤,디젤 2.0 2WD,2020-06,2020,2020,84224,1880,,2015,디젤,디젤,오토,1995,5,SUV,SUV,무사고,,,후방카메라|후방센서|자동긴급제동|후측방경보|차선이탈경보|스마트크루즈|타이어공기압경고|차체자세제어|전자식파킹브레이크|통풍시트|열선시트|스마트키|내비|크루즈|전동시트|하이패스,4,자동긴급제동|후측방경보|차선이탈경보|스마트크루즈,4,2,부산직영점 경남,,,https://img.kcar.com/carpicture/carpicture08/pic6138/kcarM_61387253_045.jpg,출퇴근용|영업용,N,SELL,싼타페 TM 2020±1 / 같은 세대·연료·배기량·트림,5,1880,84224,0.0,0.0,같은 세대·연료·배기량·트림,,25.0
EC61408420,https://www.kcar.com/bc/detail/carInfoDtl?i_sCarCd=EC61408420,현대,코나 하이브리드,코나,현대 코나 하이브리드 가솔린 1.6 하이브리드 프리미엄 스폐셜,가솔린 1.6 하이브리드 프리미엄 스폐셜,가솔린,가솔린 1.6 하이브리드,2020-03,2020,2020,52047,1980,,2122,하이브리드,가솔린+전기,오토,1580,5,SUV,SUV,단순수리,,,후방카메라|후방센서|전방센서|후측방경보|차선이탈경보|스마트크루즈|헤드업디스플레이|타이어공기압경고|차체자세제어|전자식파킹브레이크|통풍시트|열선시트|스마트키|내비|크루즈|전동시트|하이패스|무선충전,4,후측방경보|차선이탈경보|스마트크루즈,3,3,안산직영점 경기/인천,,,https://img.kcar.com/3dcarpicture/2026/09/164/61408420_1/main/main780.jpg,영업용,N,SELL,코나 하이브리드 2020±1 / 비교불가,1,,,,,비교불가,비교불가(그룹 1대<3),25.0
EC61401299,https://www.kcar.com/bc/detail/carInfoDtl?i_sCarCd=EC61401299,현대,투싼 (4세대),투싼,현대 투싼 (4세대) 2.0 디젤 모던,2.0 디젤 모던,2.0,2.0 디젤,2023-05,2023,2023,19758,2100,,2250,디젤,디젤,오토,1998,5,SUV,SUV,무사고,,,후방카메라|후방센서|자동긴급제동|차선이탈경보|타이어공기압경고|차체자세제어|전자식파킹브레이크|통풍시트|열선시트|스마트키|내비|크루즈|하이패스,4,자동긴급제동|차선이탈경보,2,2,대구반야월직영점 경북,,,https://img.kcar.com/carpicture/carpicture10/pic6140/kcarM_61401299_045.jpg,출퇴근용|영업용,N,SELL,투싼 (4세대) 2023±1 / 같은 세대·연료·배기량·트림,3,2100,19758,0.0,0.0,같은 세대·연료·배기량·트림,,25.0
EC61389088,https://www.kcar.com/bc/detail/carInfoDtl?i_sCarCd=EC61389088,기아,더 뉴 쏘렌토,쏘렌토,기아 더 뉴 쏘렌토 디젤 2.0 2WD 마스터,디젤 2.0 2WD 마스터,디젤,디젤 2.0 2WD,2020-03,2020,2020,95073,1880,,2015,디젤,디젤,오토,1995,5,SUV,SUV,무사고,,,후방카메라|후방센서|전방센서|자동긴급제동|후측방경보|차선이탈경보|스마트크루즈|타이어공기압경고|차체자세제어|경사로밀림방지|전자식파킹브레이크|통풍시트|열선시트|스마트키|내비|크루즈|전동시트|하이패스,4,자동긴급제동|후측방경보|차선이탈경보|스마트크루즈,4,3,대전직영점 충남,,,https://img.kcar.com/3dcarpicture/2026/07/067/61389088_3/main/main780.jpg,출퇴근용|영업용,N,SELL,더 뉴 쏘렌토 2020±1 / 같은 세대·연료·배기량·트림,15,1740,84135,-0.0805,-0.13,같은 세대·연료·배기량·트림,,25.0
EC61405958,https://www.kcar.com/bc/detail/carInfoDtl?i_sCarCd=EC61405958,기아,스포티지 더 볼드,스포티지,기아 스포티지 더 볼드 디젤 2.0 2WD 시그니쳐,디젤 2.0 2WD 시그니쳐,디젤,디젤 2.0 2WD,2020-10,2020,2020,66767,1920,,2057,디젤,디젤,오토,1995,5,SUV,SUV,무사고,,,후방카메라|후방센서|전방센서|자동긴급제동|후측방경보|차선이탈경보|스마트크루즈|타이어공기압경고|차체자세제어|경사로밀림방지|전자식파킹브레이크|통풍시트|열선시트|스마트키|내비|크루즈|선루프|전동시트|하이패스,4,자동긴급제동|후측방경보|차선이탈경보|스마트크루즈,4,3,서대구직영점 경북,,,https://img.kcar.com/carpicture/carpicture10/pic6140/kcarM_61405958_045.jpg,출퇴근용|영업용,N,SELL,스포티지 더 볼드 2020±1 / 같은 세대·연료·배기량·트림,7,1770,66767,-0.0847,0.0,같은 세대·연료·배기량·트림,,25.0
EC61400790,https://www.kcar.com/bc/detail/carInfoDtl?i_sCarCd=EC61400790,기아,디 올 뉴 스포티지,스포티지,기아 디 올 뉴 스포티지 2.0 디젤 AWD 트렌디,2.0 디젤 AWD 트렌디,2.0,2.0 디젤 AWD,2022-09,2022,2023,31874,2150,,2304,디젤,디젤,오토,1998,5,SUV,SUV,무사고,,,후방카메라|후방센서|자동긴급제동|차선이탈경보|타이어공기압경고|차체자세제어|경사로밀림방지|전자식파킹브레이크|열선시트|스마트키|내비|크루즈|하이패스,4,자동긴급제동|차선이탈경보,2,2,대구직영점 경북,,,https://img.kcar.com/carpicture/carpicture10/pic6140/kcarM_61400790_045.jpg,출퇴근용|영업용,N,SELL,디 올 뉴 스포티지 2022±1 / 같은 세대·연료·배기량·트림,10,2145.0,24917,-0.0023,-0.2792,같은 세대·연료·배기량·트림,,25.0
EC61403530,https://www.kcar.com/bc/detail/carInfoDtl?i_sCarCd=EC61403530,기아,더 뉴 K3 2세대,K3,기아 더 뉴 K3 2세대 트렌디 ,트렌디,트렌디,트렌디,2022-11,2022,2023,77206,1490,,1597,가솔린,가솔린,오토,1598,5,세단,준중형차,무사고,,,후방센서|자동긴급제동|후측방경보|차선이탈경보|스마트크루즈|타이어공기압경고|차체자세제어|전자식파킹브레이크|열선시트|스마트키|크루즈|하이패스,4,자동긴급제동|후측방경보|차선이탈경보|스마트크루즈,4,1,화성직영점 경기/인천,,,https://img.kcar.com/3dcarpicture/2026/08/175/61403530_2/main/main780.jpg,,N,SELL,더 뉴 K3 2세대 2022±1 / 같은 세대·연료·배기량·트림,14,1380.0,70772,-0.0797,-0.0909,같은 세대·연료·배기량·트림,,25.0
EC61400787,https://www.kcar.com/bc/detail/carInfoDtl?i_sCarCd=EC61400787,기아,디 올 뉴 스포티지,스포티지,기아 디 올 뉴 스포티지 2.0 디젤 AWD 트렌디,2.0 디젤 AWD 트렌디,2.0,2.0 디젤 AWD,2022-09,2022,2023,33094,2190,,2346,디젤,디젤,오토,1998,5,SUV,SUV,무사고,,,후방카메라|후방센서|자동긴급제동|차선이탈경보|타이어공기압경고|차체자세제어|경사로밀림방지|열선시트|스마트키|내비|크루즈|하이패스,4,자동긴급제동|차선이탈경보,2,2,광주수완직영점 전남,,,https://img.kcar.com/3dcarpicture/2026/09/081/61400787_1/main/main780.jpg,출퇴근용|영업용,N,SELL,디 올 뉴 스포티지 2022±1 / 같은 세대·연료·배기량·트림,10,2145.0,24917,-0.021,-0.3282,같은 세대·연료·배기량·트림,,25.0
EC61403395,https://www.kcar.com/bc/detail/carInfoDtl?i_sCarCd=EC61403395,기아,K5 3세대 하이브리드,K5,기아 K5 3세대 하이브리드 트랜디 ,트랜디,트랜디,트랜디,2022-12,2022,2023,47100,1850,,1983,하이브리드,가솔린+전기,오토,1999,5,세단,중형차,단순수리,,,후방카메라|후방센서|자동긴급제동|차선이탈경보|타이어공기압경고|차체자세제어|전자식파킹브레이크|열선시트|스마트키|내비|크루즈|무선충전,4,자동긴급제동|차선이탈경보,2,2,서대구직영점 경북,,,https://img.kcar.com/carpicture/carpicture10/pic6140/kcarM_61403395_045.jpg,영업용,N,SELL,K5 3세대 하이브리드 2022±1 / 같은 세대·연료·배기량·트림,9,1830,47100,-0.0109,0.0,같은 세대·연료·배기량·트림,,25.0
EC61403402,https://www.kcar.com/bc/detail/carInfoDtl?i_sCarCd=EC61403402,기아,K5 3세대 하이브리드,K5,기아 K5 3세대 하이브리드 트랜디 ,트랜디,트랜디,트랜디,2023-06,2023,2023,80586,1870,,2004,하이브리드,가솔린+전기,오토,1999,5,세단,중형차,단순수리,,,후방카메라|후방센서|자동긴급제동|후측방경보|차선이탈경보|스마트크루즈|타이어공기압경고|차체자세제어|경사로밀림방지|전자식파킹브레이크|열선시트|스마트키|내비|크루즈|하이패스|무선충전,4,자동긴급제동|후측방경보|차선이탈경보|스마트크루즈,4,2,광주수완직영점 전남,,,https://img.kcar.com/3dcarpicture/2026/09/081/61403402_1/main/main780.jpg,영업용,N,SELL,K5 3세대 하이브리드 2023±1 / 같은 세대·연료·배기량·트림,8,1840.0,45041,-0.0163,-0.7892,같은 세대·연료·배기량·트림,,25.0
EC61406380,https://www.kcar.com/bc/detail/carInfoDtl?i_sCarCd=EC61406380,기아,스포티지 더 볼드,스포티지,기아 스포티지 더 볼드 디젤 1.6 2WD 트렌디,디젤 1.6 2WD 트렌디,디젤,디젤 1.6 2WD,2021-07,2021,2022,75667,1570,,1683,디젤,디젤,오토,1600,5,SUV,SUV,무사고,,,후방카메라|후방센서|자동긴급제동|후측방경보|차선이탈경보|스마트크루즈|타이어공기압경고|차체자세제어|전자식파킹브레이크|통풍시트|열선시트|스마트키|내비|크루즈|하이패스,4,자동긴급제동|후측방경보|차선이탈경보|스마트크루즈,4,2,홈서비스 메가센터 홈서비스 메가센터,,,https://img.kcar.com/3dcarpicture/2026/08/173/61406380_1/main/main780.jpg,출퇴근용|영업용,N,SELL,스포티지 더 볼드 2021±1 / 같은 세대·연료·엔진(트림 등급 섞임),3,1570,75667,0.0,0.0,같은 세대·연료·엔진(트림 등급 섞임),,25.0
EC61409039,https://www.kcar.com/bc/detail/carInfoDtl?i_sCarCd=EC61409039,현대,아반떼 (CN7),아반떼,현대 아반떼 (CN7) 가솔린 1.6 모던,가솔린 1.6 모던,가솔린,가솔린 1.6,2022-01,2022,2022,53610,1590,,1704,가솔린,가솔린,오토,1598,5,세단,준중형차,무사고,,,후방센서|자동긴급제동|차선이탈경보|타이어공기압경고|차체자세제어|통풍시트|열선시트|스마트키|크루즈|하이패스,4,자동긴급제동|차선이탈경보,2,1,경기서부직영점 경기/인천,,,https://img.kcar.com/3dcarpicture/2026/09/143/61409039_1/main/main780.jpg,,N,SELL,아반떼 (CN7) 2022±1 / 같은 세대·연료·배기량·트림,11,1590,53610,0.0,0.0,같은 세대·연료·배기량·트림,,25.0
EC61409031,https://www.kcar.com/bc/detail/carInfoDtl?i_sCarCd=EC61409031,현대,아반떼 (CN7),아반떼,현대 아반떼 (CN7) 가솔린 1.6 모던,가솔린 1.6 모던,가솔린,가솔린 1.6,2022-02,2022,2022,57247,1590,,1704,가솔린,가솔린,오토,1598,5,세단,준중형차,무사고,,,후방센서|자동긴급제동|차선이탈경보|타이어공기압경고|차체자세제어|경사로밀림방지|통풍시트|열선시트|스마트키|크루즈|하이패스,4,자동긴급제동|차선이탈경보,2,1,강서직영점 경기/인천,,,https://img.kcar.com/carpicture/carpicture10/pic6140/kcarM_61409031_045.jpg,,N,SELL,아반떼 (CN7) 2022±1 / 같은 세대·연료·배기량·트림,11,1590,53610,0.0,-0.0678,같은 세대·연료·배기량·트림,,25.0
EC61398689,https://www.kcar.com/bc/detail/carInfoDtl?i_sCarCd=EC61398689,현대,더 뉴 그랜저,그랜저,현대 더 뉴 그랜저 가솔린 2.5 익스클루시브,가솔린 2.5 익스클루시브,가솔린,가솔린 2.5,2020-02,2020,2020,91131,1960,,2100,가솔린,가솔린,오토,2497,5,세단,대형차,단순수리,,,후방카메라|전방카메라|어라운드뷰|후방센서|전방센서|자동긴급제동|후측방경보|차선이탈경보|스마트크루즈|헤드업디스플레이|타이어공기압경고|차체자세제어|경사로밀림방지|전자식파킹브레이크|통풍시트|열선시트|스마트키|내비|크루즈|전동시트|하이패스|무선충전,4,자동긴급제동|후측방경보|차선이탈경보|스마트크루즈,4,5,울산직영점 경남,,,https://img.kcar.com/carpicture/carpicture09/pic6139/kcarM_61398689_045.jpg,,N,SELL,더 뉴 그랜저 2020±1 / 같은 세대·연료·배기량·트림,29,1990,94810,0.0151,0.0388,같은 세대·연료·배기량·트림,,24.9
EC61405392,https://www.kcar.com/bc/detail/carInfoDtl?i_sCarCd=EC61405392,현대,더 뉴 그랜저,그랜저,현대 더 뉴 그랜저 가솔린 2.5 캘리그래피,가솔린 2.5 캘리그래피,가솔린,가솔린 2.5,2020-05,2020,2020,89602,2150,,2304,가솔린,가솔린,오토,2497,5,세단,대형차,단순수리,,,후방카메라|전방카메라|어라운드뷰|후방센서|전방센서|자동긴급제동|후측방경보|차선이탈경보|스마트크루즈|헤드업디스플레이|타이어공기압경고|차체자세제어|경사로밀림방지|전자식파킹브레이크|통풍시트|열선시트|스마트키|내비|크루즈|전동시트|하이패스|무선충전,4,자동긴급제동|후측방경보|차선이탈경보|스마트크루즈,4,5,안성직영점 경기/인천,,,https://img.kcar.com/3dcarpicture/2026/09/167/61405392_1/main/main780.jpg,,N,SELL,더 뉴 그랜저 2020±1 / 같은 세대·연료·배기량·트림,15,2150,96654,0.0,0.073,같은 세대·연료·배기량·트림,,24.9
EC61371886,https://www.kcar.com/bc/detail/carInfoDtl?i_sCarCd=EC61371886,기아,K5 3세대,K5,기아 K5 3세대 가솔린 2.0 트렌디,가솔린 2.0 트렌디,가솔린,가솔린 2.0,2022-02,2022,2022,81053,1650,,1768,가솔린,가솔린,오토,1999,5,세단,중형차,단순수리,,,후방카메라|후방센서|후측방경보|차선이탈경보|차체자세제어|전자식파킹브레이크|열선시트|스마트키|내비|크루즈|하이패스,4,후측방경보|차선이탈경보,2,2,홈서비스 메가센터 홈서비스 메가센터,,,https://img.kcar.com/3dcarpicture/2026/06/173/61371886_1/main/main780.jpg,,N,SELL,K5 3세대 2022±1 / 같은 세대·연료·배기량·트림,3,1700,74414,0.0294,-0.0892,같은 세대·연료·배기량·트림,,24.4
EC61410379,https://www.kcar.com/bc/detail/carInfoDtl?i_sCarCd=EC61410379,현대,더 뉴 싼타페,싼타페,현대 더 뉴 싼타페 디젤 2.2 2WD 프레스티지,디젤 2.2 2WD 프레스티지,디젤,디젤 2.2 2WD,2021-03,2021,2021,98682,2070,,2218,디젤,디젤,오토,2151,5,SUV,SUV,단순수리,,,후방카메라|후방센서|전방센서|자동긴급제동|후측방경보|차선이탈경보|스마트크루즈|헤드업디스플레이|타이어공기압경고|차체자세제어|전자식파킹브레이크|통풍시트|열선시트|스마트키|내비|크루즈|선루프|전동시트|하이패스,4,자동긴급제동|후측방경보|차선이탈경보|스마트크루즈,4,3,천안직영점 충남,,,https://img.kcar.com/carpicture/carpicture01/pic6141/kcarM_61410379_045.jpg,출퇴근용|영업용,N,SELL,더 뉴 싼타페 2021±1 / 같은 세대·연료·배기량·트림,34,2205.0,80689,0.0612,-0.223,같은 세대·연료·배기량·트림,,24.2
EC61378355,https://www.kcar.com/bc/detail/carInfoDtl?i_sCarCd=EC61378355,현대,더 뉴 그랜저,그랜저,현대 더 뉴 그랜저 가솔린 2.5 프리미엄 초이스,가솔린 2.5 프리미엄 초이스,가솔린,가솔린 2.5,2021-05,2021,2021,96078,1800,,1929,가솔린,가솔린,오토,2497,5,세단,대형차,단순수리,,,후방카메라|후방센서|전방센서|자동긴급제동|후측방경보|차선이탈경보|스마트크루즈|타이어공기압경고|차체자세제어|전자식파킹브레이크|통풍시트|열선시트|스마트키|내비|크루즈|전동시트|하이패스|무선충전,4,자동긴급제동|후측방경보|차선이탈경보|스마트크루즈,4,3,대구반야월직영점 경북,,,https://img.kcar.com/carpicture/carpicture07/pic6137/kcarM_61378355_045.jpg,,N,SELL,더 뉴 그랜저 2021±1 / 같은 세대·연료·배기량·트림,27,1850,92248,0.027,-0.0415,같은 세대·연료·배기량·트림,,24.1
EC61405547,https://www.kcar.com/bc/detail/carInfoDtl?i_sCarCd=EC61405547,기아,K8,K8,기아 K8 가솔린 2.5 노블레스,가솔린 2.5 노블레스,가솔린,가솔린 2.5,2022-10,2022,2023,89021,2150,,2304,가솔린,가솔린,오토,2497,5,세단,대형차,단순수리,,,후방카메라|전방카메라|어라운드뷰|후방센서|전방센서|자동긴급제동|후측방경보|차선이탈경보|스마트크루즈|타이어공기압경고|차체자세제어|전자식파킹브레이크|통풍시트|열선시트|스마트키|내비|크루즈|전동시트|하이패스|무선충전,4,자동긴급제동|후측방경보|차선이탈경보|스마트크루즈,4,5,화성직영점 경기/인천,,,https://img.kcar.com/3dcarpicture/2026/09/175/61405547_1/main/main780.jpg,,N,SELL,K8 2022±1 / 같은 세대·연료·배기량·트림,27,2210,63951,0.0271,-0.392,같은 세대·연료·배기량·트림,,24.1
EC61395509,https://www.kcar.com/bc/detail/carInfoDtl?i_sCarCd=EC61395509,기아,K5 3세대,K5,기아 K5 3세대 가솔린 2.0 프레스티지,가솔린 2.0 프레스티지,가솔린,가솔린 2.0,2021-11,2021,2022,83291,1710,,1833,가솔린,가솔린,오토,1999,5,세단,중형차,단순수리,,,후방카메라|후방센서|전방센서|자동긴급제동|후측방경보|차선이탈경보|스마트크루즈|타이어공기압경고|차체자세제어|전자식파킹브레이크|통풍시트|열선시트|스마트키|내비|크루즈|전동시트|하이패스,4,자동긴급제동|후측방경보|차선이탈경보|스마트크루즈,4,3,김포직영점 경기/인천,,,https://img.kcar.com/3dcarpicture/2026/08/087/61395509_1/main/main780.jpg,,N,SELL,K5 3세대 2021±1 / 같은 세대·연료·배기량·트림,10,1650.0,88561,-0.0364,0.0595,같은 세대·연료·배기량·트림,,24.0
EC61406654,https://www.kcar.com/bc/detail/carInfoDtl?i_sCarCd=EC61406654,기아,디 올 뉴 스포티지,스포티지,기아 디 올 뉴 스포티지 2.0 디젤 AWD 트렌디,2.0 디젤 AWD 트렌디,2.0,2.0 디젤 AWD,2022-09,2022,2023,48325,2020,,2164,디젤,디젤,오토,1998,5,SUV,SUV,단순수리,,,후방카메라|후방센서|자동긴급제동|차선이탈경보|타이어공기압경고|차체자세제어|열선시트|스마트키|내비|크루즈,4,자동긴급제동|차선이탈경보,2,2,창원마산직영점 경남,,,https://img.kcar.com/carpicture/carpicture10/pic6140/kcarM_61406654_045.jpg,출퇴근용|영업용,N,SELL,디 올 뉴 스포티지 2022±1 / 같은 세대·연료·배기량·트림,10,2145.0,24917,0.0583,-0.9394,같은 세대·연료·배기량·트림,,23.7
EC61401434,https://www.kcar.com/bc/detail/carInfoDtl?i_sCarCd=EC61401434,기아,더 뉴 쏘렌토,쏘렌토,기아 더 뉴 쏘렌토 디젤 2.0 2WD 노블레스,디젤 2.0 2WD 노블레스,디젤,디젤 2.0 2WD,2020-02,2020,2020,85494,1650,,1768,디젤,디젤,오토,1995,5,SUV,SUV,단순수리,,,후방카메라|후방센서|전방센서|후측방경보|차선이탈경보|스마트크루즈|타이어공기압경고|차체자세제어|전자식파킹브레이크|통풍시트|열선시트|스마트키|내비|크루즈|전동시트|하이패스,4,후측방경보|차선이탈경보|스마트크루즈,3,3,수원직영점 경기/인천,,,https://img.kcar.com/carpicture/carpicture10/pic6140/kcarM_61401434_045.jpg,출퇴근용|영업용,N,SELL,더 뉴 쏘렌토 2020±1 / 같은 세대·연료·배기량·트림,10,1645.0,98109,-0.003,0.1286,같은 세대·연료·배기량·트림,,23.6
EC61403196,https://www.kcar.com/bc/detail/carInfoDtl?i_sCarCd=EC61403196,기아,셀토스,셀토스,기아 셀토스 가솔린 터보 1.6 2WD 노블레스,가솔린 터보 1.6 2WD 노블레스,가솔린,가솔린 터보 1.6 2WD,2020-04,2020,2020,95097,1610,,1726,가솔린,가솔린,오토,1591,5,SUV,SUV,단순수리,,,후방카메라|후방센서|전방센서|자동긴급제동|후측방경보|차선이탈경보|스마트크루즈|타이어공기압경고|차체자세제어|경사로밀림방지|전자식파킹브레이크|통풍시트|열선시트|스마트키|내비|크루즈|전동시트|하이패스,4,자동긴급제동|후측방경보|차선이탈경보|스마트크루즈,4,3,분당용인직영점 경기/인천,,,https://img.kcar.com/carpicture/carpicture10/pic6140/kcarM_61403196_045.jpg,,N,SELL,셀토스 2020±1 / 같은 세대·연료·배기량·트림,6,1650.0,74650,0.0242,-0.2739,같은 세대·연료·배기량·트림,,23.6
EC61386875,https://www.kcar.com/bc/detail/carInfoDtl?i_sCarCd=EC61386875,기아,디 올 뉴 스포티지,스포티지,기아 디 올 뉴 스포티지 2.0 디젤 2WD 프레스티지,2.0 디젤 2WD 프레스티지,2.0,2.0 디젤 2WD,2022-12,2022,2023,64442,1970,,2111,디젤,디젤,오토,1998,5,SUV,SUV,단순수리,,,후방카메라|후방센서|자동긴급제동|차선이탈경보|타이어공기압경고|차체자세제어|경사로밀림방지|전자식파킹브레이크|통풍시트|열선시트|스마트키|내비|크루즈|전동시트|하이패스,4,자동긴급제동|차선이탈경보,2,2,화성직영점 경기/인천,,,https://img.kcar.com/3dcarpicture/2026/07/175/61386875_1/main/main780.jpg,출퇴근용|영업용,N,SELL,디 올 뉴 스포티지 2022±1 / 같은 세대·연료·배기량·트림,6,2090.0,63251,0.0574,-0.0188,같은 세대·연료·배기량·트림,,23.6
EC61403102,https://www.kcar.com/bc/detail/carInfoDtl?i_sCarCd=EC61403102,현대,투싼 (4세대),투싼,현대 투싼 (4세대) 2.0 디젤 AWD 모던,2.0 디젤 AWD 모던,2.0,2.0 디젤 AWD,2022-02,2022,2022,48305,2050,,2196,디젤,디젤,오토,1998,5,SUV,SUV,단순수리,,,후방카메라|후방센서|차선이탈경보|타이어공기압경고|차체자세제어|전자식파킹브레이크|스마트키|내비|크루즈|하이패스,4,차선이탈경보,1,2,홈서비스 메가센터 홈서비스 메가센터,,,https://img.kcar.com/3dcarpicture/2026/08/173/61403102_2/main/main780.jpg,출퇴근용|영업용,N,SELL,투싼 (4세대) 2022±1 / 같은 세대·연료·엔진(트림 등급 섞임),5,2050,57590,0.0,0.1612,같은 세대·연료·엔진(트림 등급 섞임),비교군 가격 산포 43% — 시세차를 그대로 믿지 말 것,23.2
EC61408499,https://www.kcar.com/bc/detail/carInfoDtl?i_sCarCd=EC61408499,현대,투싼 (4세대),투싼,현대 투싼 (4세대) 1.6 터보 모던,1.6 터보 모던,1.6,1.6 터보,2021-12,2021,2022,69804,1860,,1993,가솔린,가솔린,오토,1598,5,SUV,SUV,단순수리,,,후방카메라|후방센서|차선이탈경보|타이어공기압경고|차체자세제어|전자식파킹브레이크|통풍시트|열선시트|스마트키|내비|크루즈|선루프|하이패스,4,차선이탈경보,1,2,홈서비스 메가센터 홈서비스 메가센터,,,https://img.kcar.com/3dcarpicture/2026/09/173/61408499_1/main/main780.jpg,,N,SELL,투싼 (4세대) 2021±1 / 같은 세대·연료·배기량·트림,13,1900,68466,0.0211,-0.0195,같은 세대·연료·배기량·트림,,23.2
EC61396416,https://www.kcar.com/bc/detail/carInfoDtl?i_sCarCd=EC61396416,기아,디 올 뉴 스포티지,스포티지,기아 디 올 뉴 스포티지 2.0 디젤 2WD 노블레스,2.0 디젤 2WD 노블레스,2.0,2.0 디젤 2WD,2022-07,2022,2022,72682,2130,,2282,디젤,디젤,오토,1998,5,SUV,SUV,단순수리,,,후방카메라|후방센서|전방센서|자동긴급제동|후측방경보|차선이탈경보|스마트크루즈|타이어공기압경고|차체자세제어|경사로밀림방지|전자식파킹브레이크|통풍시트|열선시트|스마트키|내비|크루즈|전동시트|하이패스|무선충전,4,자동긴급제동|후측방경보|차선이탈경보|스마트크루즈,4,3,분당용인직영점 경기/인천,,,https://img.kcar.com/carpicture/carpicture09/pic6139/kcarM_61396416_045.jpg,출퇴근용|영업용,N,SELL,디 올 뉴 스포티지 2022±1 / 같은 세대·연료·배기량·트림,7,2220,75011,0.0405,0.031,같은 세대·연료·배기량·트림,,23.1
EC61406978,https://www.kcar.com/bc/detail/carInfoDtl?i_sCarCd=EC61406978,기아,K5 3세대,K5,기아 K5 3세대 가솔린 터보 1.6 시그니처,가솔린 터보 1.6 시그니처,가솔린,가솔린 터보 1.6,2021-07,2021,2021,55875,2060,,2207,가솔린,가솔린,오토,1598,5,세단,중형차,단순수리,,,후방카메라|전방카메라|어라운드뷰|후방센서|전방센서|자동긴급제동|후측방경보|차선이탈경보|스마트크루즈|타이어공기압경고|차체자세제어|경사로밀림방지|전자식파킹브레이크|통풍시트|열선시트|스마트키|내비|크루즈|전동시트|하이패스,4,자동긴급제동|후측방경보|차선이탈경보|스마트크루즈,4,5,구미직영점 경북,,,https://img.kcar.com/3dcarpicture/2026/08/075/61406978_3/main/main780.jpg,,N,SELL,K5 3세대 2021±1 / 같은 세대·연료·배기량·트림,11,2060,58528,0.0,0.0453,같은 세대·연료·배기량·트림,,23.0
EC61405465,https://www.kcar.com/bc/detail/carInfoDtl?i_sCarCd=EC61405465,현대,아반떼 하이브리드 (CN7),아반떼,현대 아반떼 하이브리드 (CN7) 법인전용 ,법인전용,법인전용,법인전용,2023-01,2023,2023,55899,1720,,1843,하이브리드,가솔린+전기,오토,1580,5,세단,준중형차,단순수리,,,후방센서|자동긴급제동|차선이탈경보|스마트크루즈|타이어공기압경고|차체자세제어|전자식파킹브레이크|열선시트|스마트키|크루즈|하이패스,4,자동긴급제동|차선이탈경보|스마트크루즈,3,1,강서직영점 경기/인천,,,https://img.kcar.com/3dcarpicture/2026/08/014/61405465_3/main/main780.jpg,영업용,N,SELL,아반떼 하이브리드 (CN7) 2023±1 / 같은 세대·연료·배기량·트림,6,1755.0,46657,0.0199,-0.1981,같은 세대·연료·배기량·트림,,23.0
EC61397988,https://www.kcar.com/bc/detail/carInfoDtl?i_sCarCd=EC61397988,현대,투싼 (4세대),투싼,현대 투싼 (4세대) 1.6 터보 프리미엄,1.6 터보 프리미엄,1.6,1.6 터보,2021-12,2021,2022,82673,2020,,2164,가솔린,가솔린,오토,1598,5,SUV,SUV,단순수리,,,후방카메라|후방센서|전방센서|후측방경보|차선이탈경보|스마트크루즈|타이어공기압경고|차체자세제어|전자식파킹브레이크|통풍시트|열선시트|스마트키|내비|크루즈|하이패스,4,후측방경보|차선이탈경보|스마트크루즈,3,3,수원직영점 경기/인천,,,https://img.kcar.com/carpicture/carpicture09/pic6139/kcarM_61397988_045.jpg,,N,SELL,투싼 (4세대) 2021±1 / 같은 세대·연료·배기량·트림,13,2060,62501,0.0194,-0.3227,같은 세대·연료·배기량·트림,,22.9
EC61395038,https://www.kcar.com/bc/detail/carInfoDtl?i_sCarCd=EC61395038,기아,더 뉴 K3 2세대,K3,기아 더 뉴 K3 2세대 프레스티지 ,프레스티지,프레스티지,프레스티지,2021-07,2021,2022,86067,1520,,1629,가솔린,가솔린,오토,1598,5,세단,준중형차,단순수리,,,후방카메라|후방센서|후측방경보|차선이탈경보|스마트크루즈|타이어공기압경고|차체자세제어|전자식파킹브레이크|통풍시트|열선시트|스마트키|내비|크루즈|전동시트|하이패스|무선충전,4,후측방경보|차선이탈경보|스마트크루즈,3,2,분당용인직영점 경기/인천,,,https://img.kcar.com/carpicture/carpicture09/pic6139/kcarM_61395038_045.jpg,,N,SELL,더 뉴 K3 2세대 2021±1 / 같은 세대·연료·배기량·트림,9,1550,75911,0.0194,-0.1338,같은 세대·연료·배기량·트림,,22.9
EC61405702,https://www.kcar.com/bc/detail/carInfoDtl?i_sCarCd=EC61405702,현대,더 뉴 아반떼 (CN7),아반떼,현대 더 뉴 아반떼 (CN7) 가솔린 1.6 모던 N Line,가솔린 1.6 모던 N Line,가솔린,가솔린 1.6,2024-01,2024,2024,63024,2050,,2196,가솔린,가솔린,오토,1598,5,세단,준중형차,단순수리,,,후방카메라|전방카메라|어라운드뷰|후방센서|전방센서|차선이탈경보|타이어공기압경고|차체자세제어|경사로밀림방지|전자식파킹브레이크|통풍시트|열선시트|스마트키|내비|크루즈|전동시트|하이패스|무선충전,4,차선이탈경보,1,5,울산직영점 경남,,,https://img.kcar.com/carpicture/carpicture10/pic6140/kcarM_61405702_045.jpg,,N,SELL,더 뉴 아반떼 (CN7) 2024±1 / 같은 세대·연료·배기량·트림,3,2090,19164,0.0191,-2.2887,같은 세대·연료·배기량·트림,,22.9
EC61409526,https://www.kcar.com/bc/detail/carInfoDtl?i_sCarCd=EC61409526,현대,더 뉴 그랜저,그랜저,현대 더 뉴 그랜저 가솔린 2.5 익스클루시브,가솔린 2.5 익스클루시브,가솔린,가솔린 2.5,2020-03,2020,2020,92991,1970,,2111,가솔린,가솔린,오토,2497,5,세단,대형차,단순수리,,,후방카메라|전방카메라|어라운드뷰|후방센서|전방센서|자동긴급제동|후측방경보|차선이탈경보|스마트크루즈|타이어공기압경고|차체자세제어|전자식파킹브레이크|통풍시트|열선시트|스마트키|내비|크루즈|선루프|전동시트|하이패스|무선충전,4,자동긴급제동|후측방경보|차선이탈경보|스마트크루즈,4,5,대구반야월직영점 경북,,,https://img.kcar.com/carpicture/carpicture10/pic6140/kcarM_61409526_045.jpg,,N,SELL,더 뉴 그랜저 2020±1 / 같은 세대·연료·배기량·트림,29,1990,94810,0.0101,0.0192,같은 세대·연료·배기량·트림,,22.8
EC61376253,https://www.kcar.com/bc/detail/carInfoDtl?i_sCarCd=EC61376253,현대,쏘나타 DN8,쏘나타,현대 쏘나타 DN8 2.0 LPi(장애인용) 프리미엄,2.0 LPi(장애인용) 프리미엄,2.0,2.0 LPi(장애인용),2021-02,2021,2021,95582,1630,,1747,LPG,LPG,오토,1999,5,세단,중형차,단순수리,,,후방카메라|후방센서|전방센서|자동긴급제동|후측방경보|차선이탈경보|타이어공기압경고|차체자세제어|통풍시트|열선시트|스마트키|내비|크루즈|전동시트|하이패스|무선충전,4,자동긴급제동|후측방경보|차선이탈경보,3,3,평택직영점 경기/인천,,,https://img.kcar.com/3dcarpicture/2026/08/177/61376253_2/main/main780.jpg,영업용,N,SELL,쏘나타 DN8 2021±1 / 같은 세대·연료·배기량(트림 섞임),5,1660,95582,0.0181,0.0,같은 세대·연료·배기량(트림 섞임),,22.7
EC61402844,https://www.kcar.com/bc/detail/carInfoDtl?i_sCarCd=EC61402844,현대,쏘나타 DN8 하이브리드,쏘나타,현대 쏘나타 DN8 하이브리드 모던 ,모던,모던,모던,2022-06,2022,2022,56120,1770,,1897,하이브리드,가솔린+전기,오토,1999,5,세단,중형차,단순수리,,,후방카메라|후방센서|자동긴급제동|차선이탈경보|타이어공기압경고|차체자세제어|경사로밀림방지|전자식파킹브레이크|열선시트|스마트키|크루즈,4,자동긴급제동|차선이탈경보,2,2,용인직영점 경기/인천,,,https://img.kcar.com/3dcarpicture/2026/08/140/61402844_1/main/main780.jpg,영업용,N,SELL,쏘나타 DN8 하이브리드 2022±1 / 같은 세대·연료·배기량·트림,5,1770,56120,0.0,0.0,같은 세대·연료·배기량·트림,,22.5
EC61404516,https://www.kcar.com/bc/detail/carInfoDtl?i_sCarCd=EC61404516,기아,스포티지 더 볼드,스포티지,기아 스포티지 더 볼드 디젤 2.0 2WD 프레스티지,디젤 2.0 2WD 프레스티지,디젤,디젤 2.0 2WD,2020-05,2020,2020,88421,1520,,1629,디젤,디젤,오토,1995,5,SUV,SUV,무사고,,,전방카메라|후방센서|차선이탈경보|타이어공기압경고|차체자세제어|통풍시트|열선시트|스마트키|내비|크루즈|전동시트|하이패스,4,차선이탈경보,1,2,부산직영점 경남,,,https://img.kcar.com/carpicture/carpicture10/pic6140/kcarM_61404516_045.jpg,출퇴근용|영업용,N,SELL,스포티지 더 볼드 2020±1 / 같은 세대·연료·배기량·트림,11,1490,80419,-0.0201,-0.0995,같은 세대·연료·배기량·트림,,22.5
EC61401097,https://www.kcar.com/bc/detail/carInfoDtl?i_sCarCd=EC61401097,기아,셀토스,셀토스,기아 셀토스 디젤 1.6 2WD 프레스티지,디젤 1.6 2WD 프레스티지,디젤,디젤 1.6 2WD,2020-07,2020,2020,88975,1370,,1469,디젤,디젤,오토,1598,5,SUV,SUV,무사고,,,후방카메라|후방센서|전방센서|자동긴급제동|차선이탈경보|타이어공기압경고|차체자세제어|통풍시트|열선시트|스마트키|크루즈,4,자동긴급제동|차선이탈경보,2,3,해운대직영점 경남,,,https://img.kcar.com/carpicture/carpicture10/pic6140/kcarM_61401097_045.jpg,출퇴근용|영업용,N,SELL,셀토스 2020±1 / 같은 세대·연료·엔진(트림 등급 섞임),3,1370,88975,0.0,0.0,같은 세대·연료·엔진(트림 등급 섞임),,22.5
EC61405813,https://www.kcar.com/bc/detail/carInfoDtl?i_sCarCd=EC61405813,기아,K5 3세대,K5,기아 K5 3세대 가솔린 터보 1.6 노블레스,가솔린 터보 1.6 노블레스,가솔린,가솔린 터보 1.6,2021-07,2021,2021,93480,1750,,1876,가솔린,가솔린,오토,1598,5,세단,중형차,단순수리,,,후방카메라|전방카메라|어라운드뷰|후방센서|전방센서|후측방경보|차선이탈경보|스마트크루즈|타이어공기압경고|차체자세제어|전자식파킹브레이크|통풍시트|열선시트|스마트키|내비|크루즈|전동시트|하이패스,4,후측방경보|차선이탈경보|스마트크루즈,3,5,분당용인직영점 경기/인천,,,https://img.kcar.com/carpicture/carpicture10/pic6140/kcarM_61405813_045.jpg,,N,SELL,K5 3세대 2021±1 / 같은 세대·연료·배기량·트림,7,1780,78866,0.0169,-0.1853,같은 세대·연료·배기량·트림,,22.5
EC61376301,https://www.kcar.com/bc/detail/carInfoDtl?i_sCarCd=EC61376301,제네시스,G70,G70,제네시스 G70 2.0T 스포츠 패키지,2.0T 스포츠 패키지,2.0T,2.0T,2020-02,2020,2020,90268,2120,,2271,가솔린,가솔린,오토,1998,5,세단,중형차,단순수리,,,후방카메라|후방센서|자동긴급제동|후측방경보|스마트크루즈|타이어공기압경고|차체자세제어|전자식파킹브레이크|열선시트|스마트키|내비|크루즈|선루프|전동시트|하이패스,4,자동긴급제동|후측방경보|스마트크루즈,3,2,서초직영점 서울,,,https://img.kcar.com/carpicture/carpicture07/pic6137/kcarM_61376301_045.jpg,,N,SELL,G70 2020±1 / 같은 세대·연료·배기량·트림,8,2110.0,93497,-0.0047,0.0345,같은 세대·연료·배기량·트림,,22.3
EC61403131,https://www.kcar.com/bc/detail/carInfoDtl?i_sCarCd=EC61403131,현대,더 뉴 그랜저,그랜저,현대 더 뉴 그랜저 가솔린 2.5 익스클루시브,가솔린 2.5 익스클루시브,가솔린,가솔린 2.5,2022-10,2022,2023,83648,2090,,2239,가솔린,가솔린,오토,2497,5,세단,대형차,단순수리,,,후방카메라|전방카메라|어라운드뷰|후방센서|전방센서|자동긴급제동|후측방경보|차선이탈경보|스마트크루즈|타이어공기압경고|차체자세제어|경사로밀림방지|전자식파킹브레이크|통풍시트|열선시트|스마트키|내비|크루즈|전동시트|하이패스,4,자동긴급제동|후측방경보|차선이탈경보|스마트크루즈,4,5,경기서부직영점 경기/인천,,,https://img.kcar.com/3dcarpicture/2026/09/143/61403131_2/main/main780.jpg,,N,SELL,더 뉴 그랜저 2022±1 / 같은 세대·연료·배기량·트림,17,2120,83648,0.0142,0.0,같은 세대·연료·배기량·트림,,22.1
EC61374674,https://www.kcar.com/bc/detail/carInfoDtl?i_sCarCd=EC61374674,기아,스포티지 더 볼드,스포티지,기아 스포티지 더 볼드 디젤 2.0 2WD 프레스티지 그래비티,디젤 2.0 2WD 프레스티지 그래비티,디젤,디젤 2.0 2WD,2021-01,2021,2021,80971,1610,,1726,디젤,디젤,오토,1995,5,SUV,SUV,단순수리,,,후방카메라|후방센서|자동긴급제동|후측방경보|차선이탈경보|스마트크루즈|타이어공기압경고|차체자세제어|전자식파킹브레이크|통풍시트|열선시트|스마트키|내비|크루즈|전동시트|하이패스,4,자동긴급제동|후측방경보|차선이탈경보|스마트크루즈,4,2,포항직영점 경북,,,https://img.kcar.com/3dcarpicture/2026/08/162/61374674_1/main/main780.jpg,출퇴근용|영업용,N,SELL,스포티지 더 볼드 2021±1 / 같은 세대·연료·엔진(트림 등급 섞임),17,1690,68560,0.0473,-0.181,같은 세대·연료·엔진(트림 등급 섞임),비교군 가격 산포 49% — 시세차를 그대로 믿지 말 것,22.1
EC61410193,https://www.kcar.com/bc/detail/carInfoDtl?i_sCarCd=EC61410193,기아,K8,K8,기아 K8 가솔린 2.5 노블레스,가솔린 2.5 노블레스,가솔린,가솔린 2.5,2021-06,2021,2022,79902,2150,,2304,가솔린,가솔린,오토,2497,5,세단,대형차,단순수리,,,후방카메라|전방카메라|어라운드뷰|후방센서|전방센서|자동긴급제동|차선이탈경보|타이어공기압경고|차체자세제어|전자식파킹브레이크|통풍시트|열선시트|스마트키|내비|크루즈|전동시트|하이패스|무선충전,4,자동긴급제동|차선이탈경보,2,5,화성직영점 경기/인천,,,https://img.kcar.com/carpicture/carpicture01/pic6141/kcarM_61410193_045.jpg,,N,SELL,K8 2021±1 / 같은 세대·연료·배기량·트림,23,2180,72945,0.0138,-0.0954,같은 세대·연료·배기량·트림,,22.1
EC61374390,https://www.kcar.com/bc/detail/carInfoDtl?i_sCarCd=EC61374390,현대,더 뉴 그랜저,그랜저,현대 더 뉴 그랜저 가솔린 2.5 캘리그래피,가솔린 2.5 캘리그래피,가솔린,가솔린 2.5,2020-07,2020,2020,94182,2150,,2304,가솔린,가솔린,오토,2497,5,세단,대형차,단순수리,,,후방카메라|전방카메라|어라운드뷰|후방센서|전방센서|후측방경보|차선이탈경보|스마트크루즈|타이어공기압경고|차체자세제어|경사로밀림방지|전자식파킹브레이크|통풍시트|열선시트|스마트키|내비|크루즈|전동시트|하이패스|무선충전,4,후측방경보|차선이탈경보|스마트크루즈,3,5,안양직영점 경기/인천,,,https://img.kcar.com/carpicture/carpicture07/pic6137/kcarM_61374390_045.jpg,,N,SELL,더 뉴 그랜저 2020±1 / 같은 세대·연료·배기량·트림,15,2150,96654,0.0,0.0256,같은 세대·연료·배기량·트림,,21.7
EC61401778,https://www.kcar.com/bc/detail/carInfoDtl?i_sCarCd=EC61401778,기아,더 뉴 K3 2세대,K3,기아 더 뉴 K3 2세대 프레스티지 ,프레스티지,프레스티지,프레스티지,2022-06,2022,2022,75219,1550,,1662,가솔린,가솔린,오토,1598,5,세단,준중형차,단순수리,,,후방카메라|후방센서|자동긴급제동|후측방경보|차선이탈경보|스마트크루즈|타이어공기압경고|차체자세제어|경사로밀림방지|전자식파킹브레이크|통풍시트|열선시트|스마트키|내비|크루즈|하이패스|무선충전,4,자동긴급제동|후측방경보|차선이탈경보|스마트크루즈,4,2,홈서비스 메가센터 홈서비스 메가센터,,,https://img.kcar.com/3dcarpicture/2026/08/173/61401778_1/main/main780.jpg,,N,SELL,더 뉴 K3 2세대 2022±1 / 같은 세대·연료·배기량·트림,10,1565.0,75568,0.0096,0.0046,같은 세대·연료·배기량·트림,,21.7
EC61403247,https://www.kcar.com/bc/detail/carInfoDtl?i_sCarCd=EC61403247,기아,K5 3세대,K5,기아 K5 3세대 가솔린 터보 1.6 프레스티지,가솔린 터보 1.6 프레스티지,가솔린,가솔린 터보 1.6,2021-11,2021,2022,84964,1720,,1843,가솔린,가솔린,오토,1598,5,세단,중형차,단순수리,,,후방카메라|후방센서|전방센서|자동긴급제동|후측방경보|차선이탈경보|스마트크루즈|타이어공기압경고|차체자세제어|경사로밀림방지|전자식파킹브레이크|통풍시트|열선시트|스마트키|내비|크루즈|전동시트|하이패스,4,자동긴급제동|후측방경보|차선이탈경보|스마트크루즈,4,3,장한평직영점 서울,,,https://img.kcar.com/3dcarpicture/2026/08/095/61403247_1/main/main780.jpg,,N,SELL,K5 3세대 2021±1 / 같은 세대·연료·배기량·트림,5,1740,84964,0.0115,0.0,같은 세대·연료·배기량·트림,,21.7
EC61397045,https://www.kcar.com/bc/detail/carInfoDtl?i_sCarCd=EC61397045,현대,코나,코나,현대 코나 1.6 터보 2WD 프리미엄,1.6 터보 2WD 프리미엄,1.6,1.6 터보 2WD,2020-01,2020,2020,72537,1560,,1672,가솔린,가솔린,오토,1591,5,SUV,SUV,단순수리,,,후방카메라|후방센서|전방센서|차선이탈경보|타이어공기압경고|차체자세제어|통풍시트|열선시트|스마트키|내비|크루즈|하이패스,4,차선이탈경보,1,3,수원신갈직영점 경기/인천,,,https://img.kcar.com/carpicture/carpicture09/pic6139/kcarM_61397045_045.jpg,,N,SELL,코나 2020±1 / 같은 세대·연료·배기량·트림,4,1575.0,62012,0.0095,-0.1697,같은 세대·연료·배기량·트림,,21.4
EC61399618,https://www.kcar.com/bc/detail/carInfoDtl?i_sCarCd=EC61399618,기아,K5 3세대,K5,기아 K5 3세대 가솔린 2.0 노블레스,가솔린 2.0 노블레스,가솔린,가솔린 2.0,2021-04,2021,2021,73522,1760,,1886,가솔린,가솔린,오토,1999,5,세단,중형차,단순수리,,,후방카메라|전방카메라|어라운드뷰|후방센서|전방센서|자동긴급제동|후측방경보|차선이탈경보|스마트크루즈|타이어공기압경고|차체자세제어|전자식파킹브레이크|통풍시트|열선시트|스마트키|내비|크루즈|선루프|전동시트|하이패스,4,자동긴급제동|후측방경보|차선이탈경보|스마트크루즈,4,5,대구반야월직영점 경북,,,https://img.kcar.com/carpicture/carpicture09/pic6139/kcarM_61399618_045.jpg,,N,SELL,K5 3세대 2021±1 / 같은 세대·연료·배기량·트림,12,1775.0,73406,0.0085,-0.0016,같은 세대·연료·배기량·트림,,21.3
EC61365536,https://www.kcar.com/bc/detail/carInfoDtl?i_sCarCd=EC61365536,현대,더 뉴 싼타페,싼타페,현대 더 뉴 싼타페 디젤 2.2 2WD 프레스티지,디젤 2.2 2WD 프레스티지,디젤,디젤 2.2 2WD,2020-09,2020,2021,90790,2080,,2229,디젤,디젤,오토,2151,5,SUV,SUV,단순수리,,,후방카메라|후방센서|전방센서|자동긴급제동|후측방경보|차선이탈경보|스마트크루즈|타이어공기압경고|차체자세제어|전자식파킹브레이크|통풍시트|열선시트|스마트키|내비|크루즈|전동시트|하이패스,4,자동긴급제동|후측방경보|차선이탈경보|스마트크루즈,4,3,화성직영점 경기/인천,,,https://img.kcar.com/3dcarpicture/2026/05/175/61365536_1/main/main780.jpg,출퇴근용|영업용,N,SELL,더 뉴 싼타페 2020±1 / 같은 세대·연료·배기량·트림,25,2170,90619,0.0415,-0.0019,같은 세대·연료·배기량·트림,,21.2
EC61400798,https://www.kcar.com/bc/detail/carInfoDtl?i_sCarCd=EC61400798,기아,더 뉴 K3 2세대,K3,기아 더 뉴 K3 2세대 트렌디 ,트렌디,트렌디,트렌디,2022-07,2022,2022,83199,1370,,1469,가솔린,가솔린,오토,1598,5,세단,준중형차,단순수리,,,후방카메라|후방센서|자동긴급제동|차선이탈경보|타이어공기압경고|차체자세제어|열선시트|스마트키|내비|크루즈|전동시트|하이패스,4,자동긴급제동|차선이탈경보,2,2,구미직영점 경북,,,https://img.kcar.com/3dcarpicture/2026/08/075/61400798_3/main/main780.jpg,,N,SELL,더 뉴 K3 2세대 2022±1 / 같은 세대·연료·배기량·트림,14,1380.0,70772,0.0072,-0.1756,같은 세대·연료·배기량·트림,,21.1
EC61403020,https://www.kcar.com/bc/detail/carInfoDtl?i_sCarCd=EC61403020,기아,K8,K8,기아 K8 가솔린 2.5 노블레스,가솔린 2.5 노블레스,가솔린,가솔린 2.5,2022-04,2022,2022,85597,2160,,2314,가솔린,가솔린,오토,2497,5,세단,대형차,단순수리,,,어라운드뷰|후방센서|전방센서|헤드업디스플레이|타이어공기압경고|차체자세제어|전자식파킹브레이크|통풍시트|열선시트|스마트키|내비|크루즈|선루프|전동시트|하이패스|무선충전,4,,0,3,수원신갈직영점 경기/인천,,,https://img.kcar.com/carpicture/carpicture10/pic6140/kcarM_61403020_045.jpg,,N,SELL,K8 2022±1 / 같은 세대·연료·배기량·트림,27,2210,63951,0.0226,-0.3385,같은 세대·연료·배기량·트림,,20.9
EC61404117,https://www.kcar.com/bc/detail/carInfoDtl?i_sCarCd=EC61404117,기아,셀토스,셀토스,기아 셀토스 가솔린 터보 1.6 2WD 시그니처,가솔린 터보 1.6 2WD 시그니처,가솔린,가솔린 터보 1.6 2WD,2021-09,2021,2022,50108,1980,,2122,가솔린,가솔린,오토,1591,5,SUV,SUV,단순수리,,,후방카메라|후방센서|전방센서|후측방경보|차선이탈경보|스마트크루즈|타이어공기압경고|차체자세제어|전자식파킹브레이크|통풍시트|열선시트|스마트키|내비|크루즈|전동시트|하이패스,4,후측방경보|차선이탈경보|스마트크루즈,3,3,수원신갈직영점 경기/인천,,,https://img.kcar.com/carpicture/carpicture10/pic6140/kcarM_61404117_045.jpg,,N,SELL,셀토스 2021±1 / 같은 세대·연료·배기량·트림,13,1990,50108,0.005,0.0,같은 세대·연료·배기량·트림,,20.8
EC61403104,https://www.kcar.com/bc/detail/carInfoDtl?i_sCarCd=EC61403104,현대,쏘나타 DN8,쏘나타,현대 쏘나타 DN8 2.0 가솔린 프리미엄 플러스,2.0 가솔린 프리미엄 플러스,2.0,2.0 가솔린,2022-04,2022,2022,66118,1860,,1993,가솔린,가솔린,오토,1999,5,세단,중형차,단순수리,,,후방카메라|후방센서|전방센서|자동긴급제동|후측방경보|차선이탈경보|스마트크루즈|타이어공기압경고|차체자세제어|통풍시트|열선시트|스마트키|내비|크루즈|전동시트|하이패스|무선충전,4,자동긴급제동|후측방경보|차선이탈경보|스마트크루즈,4,3,원주직영점 강원,,,https://img.kcar.com/3dcarpicture/2026/09/168/61403104_1/main/main780.jpg,,N,SELL,쏘나타 DN8 2022±1 / 같은 세대·연료·배기량·트림,17,1870,66118,0.0053,0.0,같은 세대·연료·배기량·트림,,20.8
EC61410969,https://www.kcar.com/bc/detail/carInfoDtl?i_sCarCd=EC61410969,기아,더 뉴 쏘렌토,쏘렌토,기아 더 뉴 쏘렌토 디젤 2.2 2WD 마스터,디젤 2.2 2WD 마스터,디젤,디젤 2.2 2WD,2020-01,2020,2020,81109,1950,,2090,디젤,디젤,오토,2199,5,SUV,SUV,단순수리,,,후방카메라|후방센서|전방센서|자동긴급제동|후측방경보|차선이탈경보|스마트크루즈|타이어공기압경고|차체자세제어|전자식파킹브레이크|통풍시트|열선시트|스마트키|내비|크루즈|전동시트|하이패스,4,자동긴급제동|후측방경보|차선이탈경보|스마트크루즈,4,3,전주직영점 전북,,,https://img.kcar.com/carpicture/carpicture01/pic6141/kcarM_61410969_045.jpg,출퇴근용|영업용,N,SELL,더 뉴 쏘렌토 2020±1 / 같은 세대·연료·배기량·트림,3,1680,88748,-0.1607,0.0861,같은 세대·연료·배기량·트림,,20.7
EC61395413,https://www.kcar.com/bc/detail/carInfoDtl?i_sCarCd=EC61395413,기아,셀토스,셀토스,기아 셀토스 가솔린 터보 1.6 4WD 시그니처,가솔린 터보 1.6 4WD 시그니처,가솔린,가솔린 터보 1.6 4WD,2022-07,2022,2023,40228,2150,,2304,가솔린,가솔린,오토,1591,5,SUV,SUV,단순수리,,,후방카메라|후방센서|전방센서|자동긴급제동|후측방경보|차선이탈경보|스마트크루즈|헤드업디스플레이|타이어공기압경고|차체자세제어|전자식파킹브레이크|통풍시트|열선시트|스마트키|내비|크루즈|선루프|전동시트|하이패스|무선충전,4,자동긴급제동|후측방경보|차선이탈경보|스마트크루즈,4,3,안산직영점 경기/인천,,,https://img.kcar.com/3dcarpicture/2026/07/164/61395413_2/main/main780.jpg,,N,SELL,셀토스 2022±1 / 같은 세대·연료·엔진(트림 등급 섞임),3,2050,40593,-0.0488,0.009,같은 세대·연료·엔진(트림 등급 섞임),,20.6
EC61407360,https://www.kcar.com/bc/detail/carInfoDtl?i_sCarCd=EC61407360,기아,K7 프리미어,K7,기아 K7 프리미어 가솔린 3.0  노블레스,가솔린 3.0  노블레스,가솔린,가솔린 3.0 ,2020-02,2020,2020,79398,1990,,2132,가솔린,가솔린,오토,2999,5,세단,대형차,단순수리,,,후방카메라|전방카메라|어라운드뷰|후방센서|전방센서|후측방경보|차선이탈경보|스마트크루즈|헤드업디스플레이|타이어공기압경고|차체자세제어|전자식파킹브레이크|통풍시트|열선시트|스마트키|내비|크루즈|전동시트|하이패스|무선충전,4,후측방경보|차선이탈경보|스마트크루즈,3,5,광주풍암직영점 전남,,,https://img.kcar.com/carpicture/carpicture10/pic6140/kcarM_61407360_045.jpg,,N,SELL,K7 프리미어 2020±1 / 같은 세대·연료·배기량·트림,7,1950,80048,-0.0205,0.0081,같은 세대·연료·배기량·트림,,20.5
EC61382527,https://www.kcar.com/bc/detail/carInfoDtl?i_sCarCd=EC61382527,기아,K5 3세대,K5,기아 K5 3세대 가솔린 2.0 노블레스,가솔린 2.0 노블레스,가솔린,가솔린 2.0,2021-03,2021,2021,72878,1880,,2015,가솔린,가솔린,오토,1999,5,세단,중형차,단순수리,,,후방카메라|전방카메라|어라운드뷰|후방센서|전방센서|후측방경보|차선이탈경보|스마트크루즈|타이어공기압경고|차체자세제어|전자식파킹브레이크|통풍시트|열선시트|스마트키|내비|크루즈|선루프|전동시트|하이패스,4,후측방경보|차선이탈경보|스마트크루즈,3,5,분당용인직영점 경기/인천,,,https://img.kcar.com/carpicture/carpicture08/pic6138/kcarM_61382527_045.jpg,,N,SELL,K5 3세대 2021±1 / 같은 세대·연료·배기량·트림,12,1775.0,73406,-0.0592,0.0072,같은 세대·연료·배기량·트림,,20.5
EC61405876,https://www.kcar.com/bc/detail/carInfoDtl?i_sCarCd=EC61405876,기아,K5 3세대,K5,기아 K5 3세대 가솔린 2.0 프레스티지,가솔린 2.0 프레스티지,가솔린,가솔린 2.0,2021-05,2021,2021,87932,1650,,1768,가솔린,가솔린,오토,1999,5,세단,중형차,단순수리,,,후방카메라|후방센서|자동긴급제동|후측방경보|차선이탈경보|스마트크루즈|타이어공기압경고|차체자세제어|전자식파킹브레이크|통풍시트|열선시트|스마트키|내비|크루즈|전동시트|하이패스,4,자동긴급제동|후측방경보|차선이탈경보|스마트크루즈,4,2,용인직영점 경기/인천,,,https://img.kcar.com/3dcarpicture/2026/09/140/61405876_2/main/main780.jpg,,N,SELL,K5 3세대 2021±1 / 같은 세대·연료·배기량·트림,10,1650.0,88561,0.0,0.0071,같은 세대·연료·배기량·트림,,20.5
EC61408290,https://www.kcar.com/bc/detail/carInfoDtl?i_sCarCd=EC61408290,기아,K5 3세대,K5,기아 K5 3세대 가솔린 터보 1.6 프레스티지,가솔린 터보 1.6 프레스티지,가솔린,가솔린 터보 1.6,2020-01,2020,2020,92980,1730,,1854,가솔린,가솔린,오토,1598,5,세단,중형차,단순수리,,,후방카메라|후방센서|자동긴급제동|후측방경보|차선이탈경보|스마트크루즈|타이어공기압경고|차체자세제어|전자식파킹브레이크|통풍시트|열선시트|스마트키|내비|크루즈|선루프|전동시트|하이패스,4,자동긴급제동|후측방경보|차선이탈경보|스마트크루즈,4,2,강서직영점 경기/인천,,,https://img.kcar.com/carpicture/carpicture10/pic6140/kcarM_61408290_045.jpg,,N,SELL,K5 3세대 2020±1 / 같은 세대·연료·배기량·트림,4,1735.0,87564,0.0029,-0.0618,같은 세대·연료·배기량·트림,,20.4
EC61401780,https://www.kcar.com/bc/detail/carInfoDtl?i_sCarCd=EC61401780,기아,더 뉴 K3 2세대,K3,기아 더 뉴 K3 2세대 프레스티지 ,프레스티지,프레스티지,프레스티지,2022-04,2022,2022,75225,1580,,1694,가솔린,가솔린,오토,1598,5,세단,준중형차,단순수리,,,후방카메라|후방센서|자동긴급제동|후측방경보|차선이탈경보|스마트크루즈|타이어공기압경고|차체자세제어|전자식파킹브레이크|통풍시트|열선시트|스마트키|내비|크루즈|하이패스|무선충전,4,자동긴급제동|후측방경보|차선이탈경보|스마트크루즈,4,2,강서직영점 경기/인천,,,https://img.kcar.com/3dcarpicture/2026/08/014/61401780_1/main/main780.jpg,,N,SELL,더 뉴 K3 2세대 2022±1 / 같은 세대·연료·배기량·트림,10,1565.0,75568,-0.0096,0.0045,같은 세대·연료·배기량·트림,,20.3
EC61403525,https://www.kcar.com/bc/detail/carInfoDtl?i_sCarCd=EC61403525,기아,더 뉴 K3 2세대,K3,기아 더 뉴 K3 2세대 트렌디 ,트렌디,트렌디,트렌디,2021-09,2021,2022,70370,1380,,1480,가솔린,가솔린,오토,1598,5,세단,준중형차,단순수리,,,후방카메라|후방센서|타이어공기압경고|차체자세제어|열선시트|스마트키|내비|크루즈|하이패스,4,,0,2,아산직영점 충남,,,https://img.kcar.com/3dcarpicture/2026/08/174/61403525_2/main/main780.jpg,,N,SELL,더 뉴 K3 2세대 2021±1 / 같은 세대·연료·배기량·트림,11,1380,70619,0.0,0.0035,같은 세대·연료·배기량·트림,,20.2
EC61404023,https://www.kcar.com/bc/detail/carInfoDtl?i_sCarCd=EC61404023,현대,아반떼 (CN7),아반떼,현대 아반떼 (CN7) 가솔린 1.6 모던,가솔린 1.6 모던,가솔린,가솔린 1.6,2020-04,2020,2021,83205,1560,,1672,가솔린,가솔린,오토,1598,5,세단,준중형차,단순수리,,,후방카메라|후방센서|자동긴급제동|후측방경보|차선이탈경보|스마트크루즈|타이어공기압경고|차체자세제어|전자식파킹브레이크|통풍시트|열선시트|스마트키|내비|크루즈|하이패스,4,자동긴급제동|후측방경보|차선이탈경보|스마트크루즈,4,2,경기서부직영점 경기/인천,,,https://img.kcar.com/carpicture/carpicture10/pic6140/kcarM_61404023_045.jpg,,N,SELL,아반떼 (CN7) 2020±1 / 같은 세대·연료·배기량·트림,13,1480,83495,-0.0541,0.0035,같은 세대·연료·배기량·트림,,20.2
EC61402939,https://www.kcar.com/bc/detail/carInfoDtl?i_sCarCd=EC61402939,기아,K5 3세대,K5,기아 K5 3세대 가솔린 2.0 노블레스,가솔린 2.0 노블레스,가솔린,가솔린 2.0,2020-07,2020,2020,73290,1840,,1972,가솔린,가솔린,오토,1999,5,세단,중형차,단순수리,,,후방카메라|전방카메라|어라운드뷰|후방센서|전방센서|자동긴급제동|후측방경보|차선이탈경보|스마트크루즈|타이어공기압경고|차체자세제어|전자식파킹브레이크|통풍시트|열선시트|스마트키|내비|크루즈|선루프|전동시트|하이패스,4,자동긴급제동|후측방경보|차선이탈경보|스마트크루즈,4,5,포항직영점 경북,,,https://img.kcar.com/3dcarpicture/2026/08/162/61402939_1/main/main780.jpg,,N,SELL,K5 3세대 2020±1 / 같은 세대·연료·배기량·트림,12,1775.0,73406,-0.0366,0.0016,같은 세대·연료·배기량·트림,,20.1
EC61404722,https://www.kcar.com/bc/detail/carInfoDtl?i_sCarCd=EC61404722,현대,벨로스터-N,벨로스터,현대 벨로스터-N T-Gdi 2.0 N,T-Gdi 2.0 N,T-Gdi,T-Gdi 2.0,2020-08,2020,2021,86704,1890,,2025,가솔린,가솔린,오토,1998,5,해치백,준중형차,단순수리,,,후방카메라|후방센서|자동긴급제동|후측방경보|차선이탈경보|타이어공기압경고|차체자세제어|통풍시트|열선시트|스마트키|내비|크루즈|선루프|하이패스,4,자동긴급제동|후측방경보|차선이탈경보,3,2,전주직영점 전북,,,https://img.kcar.com/3dcarpicture/2026/08/129/61404722_1/main/main780.jpg,,N,SELL,벨로스터-N 2020±1 / 같은 세대·연료·배기량·트림,5,1890,84424,0.0,-0.027,같은 세대·연료·배기량·트림,,20.0
EC61401345,https://www.kcar.com/bc/detail/carInfoDtl?i_sCarCd=EC61401345,현대,코나,코나,현대 코나 디젤 1.6 2WD 프리미엄,디젤 1.6 2WD 프리미엄,디젤,디젤 1.6 2WD,2020-02,2020,2020,58632,1420,,1522,디젤,디젤,오토,1598,5,SUV,SUV,단순수리,,,후방카메라|후방센서|전방센서|자동긴급제동|후측방경보|차선이탈경보|스마트크루즈|타이어공기압경고|차체자세제어|열선시트|스마트키|내비|크루즈|하이패스,4,자동긴급제동|후측방경보|차선이탈경보|스마트크루즈,4,3,안산직영점 경기/인천,,,https://img.kcar.com/3dcarpicture/2026/08/164/61401345_1/main/main780.jpg,출퇴근용|영업용,N,SELL,코나 2020±1 / 같은 세대·연료·배기량·트림,3,1420,63343,0.0,0.0744,같은 세대·연료·배기량·트림,,20.0
EC61396024,https://www.kcar.com/bc/detail/carInfoDtl?i_sCarCd=EC61396024,현대,더 뉴 싼타페,싼타페,현대 더 뉴 싼타페 가솔린 2.5 2WD 익스클루시브,가솔린 2.5 2WD 익스클루시브,가솔린,가솔린 2.5 2WD,2023-04,2023,2023,60833,2180,,2336,가솔린,가솔린,오토,2497,5,SUV,SUV,단순수리,,,후방카메라|후방센서|전방센서|자동긴급제동|후측방경보|차선이탈경보|스마트크루즈|타이어공기압경고|차체자세제어|전자식파킹브레이크|통풍시트|열선시트|스마트키|내비|크루즈|하이패스,4,자동긴급제동|후측방경보|차선이탈경보|스마트크루즈,4,3,일산직영점 경기/인천,,,https://img.kcar.com/carpicture/carpicture09/pic6139/kcarM_61396024_045.jpg,,N,SELL,더 뉴 싼타페 2023±1 / 같은 세대·연료·배기량·트림,3,2180,60833,0.0,0.0,같은 세대·연료·배기량·트림,,20.0
EC61407380,https://www.kcar.com/bc/detail/carInfoDtl?i_sCarCd=EC61407380,현대,더 뉴 아반떼 (CN7),아반떼,현대 더 뉴 아반떼 (CN7) 가솔린 1.6 모던,가솔린 1.6 모던,가솔린,가솔린 1.6,2024-07,2024,2025,29948,2190,,2346,가솔린,가솔린,오토,1598,5,세단,준중형차,단순수리,,,후방카메라|후방센서|전방센서|자동긴급제동|후측방경보|차선이탈경보|스마트크루즈|타이어공기압경고|차체자세제어|전자식파킹브레이크|통풍시트|열선시트|스마트키|내비|크루즈|선루프|전동시트|하이패스|무선충전,4,자동긴급제동|후측방경보|차선이탈경보|스마트크루즈,4,3,안산직영점 경기/인천,,,https://img.kcar.com/3dcarpicture/2026/08/164/61407380_1/main/main780.jpg,,N,SELL,더 뉴 아반떼 (CN7) 2024±1 / 같은 세대·연료·배기량·트림,7,2190,29948,0.0,0.0,같은 세대·연료·배기량·트림,,20.0
EC61407255,https://www.kcar.com/bc/detail/carInfoDtl?i_sCarCd=EC61407255,현대,아반떼 (CN7),아반떼,현대 아반떼 (CN7) 가솔린 1.6 스마트,가솔린 1.6 스마트,가솔린,가솔린 1.6,2021-12,2021,2022,62212,1380,,1480,가솔린,가솔린,오토,1598,5,세단,준중형차,무사고,,,후방센서|타이어공기압경고|차체자세제어|경사로밀림방지|크루즈|하이패스,4,,0,1,창원마산직영점 경남,,,https://img.kcar.com/carpicture/carpicture10/pic6140/kcarM_61407255_045.jpg,,N,SELL,아반떼 (CN7) 2021±1 / 같은 세대·연료·배기량·트림,3,1380,62212,0.0,0.0,같은 세대·연료·배기량·트림,,20.0
EC61391474,https://www.kcar.com/bc/detail/carInfoDtl?i_sCarCd=EC61391474,현대,아반떼 (CN7),아반떼,현대 아반떼 (CN7) 가솔린 1.6 모던,가솔린 1.6 모던,가솔린,가솔린 1.6,2020-10,2020,2021,83495,1480,,1587,가솔린,가솔린,오토,1598,5,세단,준중형차,단순수리,,,후방카메라|후방센서|전방센서|자동긴급제동|후측방경보|차선이탈경보|스마트크루즈|타이어공기압경고|차체자세제어|전자식파킹브레이크|통풍시트|열선시트|스마트키|내비|크루즈|전동시트|하이패스,4,자동긴급제동|후측방경보|차선이탈경보|스마트크루즈,4,3,포항직영점 경북,,,https://img.kcar.com/3dcarpicture/2026/07/162/61391474_2/main/main780.jpg,,N,SELL,아반떼 (CN7) 2020±1 / 같은 세대·연료·배기량·트림,13,1480,83495,0.0,0.0,같은 세대·연료·배기량·트림,,20.0
EC61406743,https://www.kcar.com/bc/detail/carInfoDtl?i_sCarCd=EC61406743,현대,투싼 (4세대),투싼,현대 투싼 (4세대) 1.6 터보 모던,1.6 터보 모던,1.6,1.6 터보,2022-07,2022,2022,68466,2030,,2175,가솔린,가솔린,오토,1598,5,SUV,SUV,단순수리,,,후방카메라|후방센서|후측방경보|차선이탈경보|스마트크루즈|타이어공기압경고|차체자세제어|전자식파킹브레이크|통풍시트|열선시트|스마트키|내비|크루즈|하이패스,4,후측방경보|차선이탈경보|스마트크루즈,3,2,장한평직영점 서울,,,https://img.kcar.com/3dcarpicture/2026/08/095/61406743_3/main/main780.jpg,,N,SELL,투싼 (4세대) 2022±1 / 같은 세대·연료·배기량·트림,13,1900,68466,-0.0684,0.0,같은 세대·연료·배기량·트림,,20.0
EC61405602,https://www.kcar.com/bc/detail/carInfoDtl?i_sCarCd=EC61405602,현대,베뉴,베뉴,현대 베뉴 1.6 모던 플러스 ,1.6 모던 플러스,1.6,1.6 모던 플러스,2022-09,2022,2022,55101,1690,,1811,가솔린,가솔린,오토,1591,5,SUV,SUV,단순수리,,,후방카메라|후방센서|자동긴급제동|후측방경보|차선이탈경보|타이어공기압경고|차체자세제어|경사로밀림방지|통풍시트|열선시트|스마트키|내비|크루즈|하이패스,4,자동긴급제동|후측방경보|차선이탈경보,3,2,화성직영점 경기/인천,,,https://img.kcar.com/3dcarpicture/2026/09/175/61405602_1/main/main780.jpg,,N,SELL,베뉴 2022±1 / 같은 세대·연료·배기량·트림,3,1690,55101,0.0,0.0,같은 세대·연료·배기량·트림,,20.0
EC61408092,https://www.kcar.com/bc/detail/carInfoDtl?i_sCarCd=EC61408092,현대,아반떼 (CN7),아반떼,현대 아반떼 (CN7) 가솔린 1.6 모던,가솔린 1.6 모던,가솔린,가솔린 1.6,2021-04,2021,2021,73822,1500,,1608,가솔린,가솔린,오토,1598,5,세단,준중형차,단순수리,,,후방카메라|후방센서|자동긴급제동|후측방경보|차선이탈경보|스마트크루즈|타이어공기압경고|차체자세제어|전자식파킹브레이크|통풍시트|열선시트|스마트키|내비|크루즈|선루프|하이패스,4,자동긴급제동|후측방경보|차선이탈경보|스마트크루즈,4,2,용인직영점 경기/인천,,,https://img.kcar.com/3dcarpicture/2026/09/140/61408092_2/main/main780.jpg,,N,SELL,아반떼 (CN7) 2021±1 / 같은 세대·연료·배기량·트림,18,1495.0,69408,-0.0033,-0.0636,같은 세대·연료·배기량·트림,,20.0
EC61408513,https://www.kcar.com/bc/detail/carInfoDtl?i_sCarCd=EC61408513,현대,투싼 (4세대),투싼,현대 투싼 (4세대) 1.6 터보 프리미엄,1.6 터보 프리미엄,1.6,1.6 터보,2021-01,2021,2021,74445,2060,,2207,가솔린,가솔린,오토,1598,5,SUV,SUV,단순수리,,,후방카메라|전방카메라|어라운드뷰|후방센서|전방센서|자동긴급제동|후측방경보|차선이탈경보|스마트크루즈|타이어공기압경고|차체자세제어|경사로밀림방지|전자식파킹브레이크|통풍시트|열선시트|스마트키|내비|크루즈|전동시트|하이패스|무선충전,4,자동긴급제동|후측방경보|차선이탈경보|스마트크루즈,4,5,고양직영점 경기/인천,,,https://img.kcar.com/carpicture/carpicture10/pic6140/kcarM_61408513_045.jpg,,N,SELL,투싼 (4세대) 2021±1 / 같은 세대·연료·배기량·트림,13,2060,62501,0.0,-0.1911,같은 세대·연료·배기량·트림,,20.0
EC61403421,https://www.kcar.com/bc/detail/carInfoDtl?i_sCarCd=EC61403421,기아,올 뉴 K3,K3,기아 올 뉴 K3 프레스티지 ,프레스티지,프레스티지,프레스티지,2020-10,2020,2021,91966,1290,,1383,가솔린,가솔린,오토,1598,5,세단,준중형차,단순수리,,,후방카메라|후방센서|자동긴급제동|후측방경보|차선이탈경보|스마트크루즈|타이어공기압경고|차체자세제어|통풍시트|열선시트|스마트키|내비|크루즈|전동시트|하이패스|무선충전,4,자동긴급제동|후측방경보|차선이탈경보|스마트크루즈,4,2,원주직영점 강원,,,https://img.kcar.com/3dcarpicture/2026/08/168/61403421_1/main/main780.jpg,,N,SELL,올 뉴 K3 2020±1 / 같은 세대·연료·배기량·트림,3,1290,91966,0.0,0.0,같은 세대·연료·배기량·트림,,20.0
EC61406101,https://www.kcar.com/bc/detail/carInfoDtl?i_sCarCd=EC61406101,기아,K3 GT,K3,기아 K3 GT 1.6 터보 5도어 시그니처,1.6 터보 5도어 시그니처,1.6,1.6 터보 5도어,2021-03,2021,2021,86729,1520,,1629,가솔린,가솔린,오토,1591,5,해치백,준중형차,단순수리,,,후방카메라|후방센서|전방센서|후측방경보|차선이탈경보|타이어공기압경고|차체자세제어|통풍시트|열선시트|스마트키|내비|크루즈|전동시트|하이패스,4,후측방경보|차선이탈경보,2,3,안양직영점 경기/인천,,,https://img.kcar.com/carpicture/carpicture10/pic6140/kcarM_61406101_045.jpg,,N,SELL,K3 GT 2021±1 / 같은 세대·연료·엔진(트림 등급 섞임),3,1520,86729,0.0,0.0,같은 세대·연료·엔진(트림 등급 섞임),,20.0
EC61368985,https://www.kcar.com/bc/detail/carInfoDtl?i_sCarCd=EC61368985,기아,K3 GT,K3,기아 K3 GT 1.6 터보 5도어 시그니처,1.6 터보 5도어 시그니처,1.6,1.6 터보 5도어,2020-10,2020,2021,99300,1400,,1501,가솔린,가솔린,오토,1591,5,해치백,준중형차,단순수리,,,후방카메라|후방센서|전방센서|후측방경보|차선이탈경보|스마트크루즈|타이어공기압경고|차체자세제어|통풍시트|열선시트|스마트키|내비|크루즈|전동시트|하이패스|무선충전,4,후측방경보|차선이탈경보|스마트크루즈,3,3,홈서비스 메가센터 홈서비스 메가센터,,,https://img.kcar.com/3dcarpicture/2026/08/173/61368985_1/main/main780.jpg,,N,SELL,K3 GT 2020±1 / 같은 세대·연료·엔진(트림 등급 섞임),8,1360.0,97684,-0.0294,-0.0165,같은 세대·연료·엔진(트림 등급 섞임),,20.0
EC61403112,https://www.kcar.com/bc/detail/carInfoDtl?i_sCarCd=EC61403112,기아,더 뉴 K3 2세대,K3,기아 더 뉴 K3 2세대 트렌디 ,트렌디,트렌디,트렌디,2022-09,2022,2023,70925,1470,,1576,가솔린,가솔린,오토,1598,5,세단,준중형차,단순수리,,,후방카메라|후방센서|자동긴급제동|차선이탈경보|타이어공기압경고|차체자세제어|경사로밀림방지|열선시트|스마트키|내비|크루즈|하이패스,4,자동긴급제동|차선이탈경보,2,2,강서직영점 경기/인천,,,https://img.kcar.com/carpicture/carpicture10/pic6140/kcarM_61403112_045.jpg,,N,SELL,더 뉴 K3 2세대 2022±1 / 같은 세대·연료·배기량·트림,14,1380.0,70772,-0.0652,-0.0022,같은 세대·연료·배기량·트림,,20.0
EC61409287,https://www.kcar.com/bc/detail/carInfoDtl?i_sCarCd=EC61409287,기아,더 뉴 K3 2세대,K3,기아 더 뉴 K3 2세대 시그니처 ,시그니처,시그니처,시그니처,2022-07,2022,2022,89373,1650,,1768,가솔린,가솔린,오토,1598,5,세단,준중형차,단순수리,,,후방카메라|후방센서|전방센서|자동긴급제동|후측방경보|차선이탈경보|스마트크루즈|타이어공기압경고|차체자세제어|전자식파킹브레이크|통풍시트|열선시트|스마트키|내비|크루즈|전동시트|하이패스,4,자동긴급제동|후측방경보|차선이탈경보|스마트크루즈,4,3,안성직영점 경기/인천,,,https://img.kcar.com/carpicture/carpicture10/pic6140/kcarM_61409287_045.jpg,,N,SELL,더 뉴 K3 2세대 2022±1 / 같은 세대·연료·배기량(트림 섞임),28,1505.0,74359,-0.0963,-0.2019,같은 세대·연료·배기량(트림 섞임),비교군 가격 산포 56% — 시세차를 그대로 믿지 말 것,20.0
EC61388561,https://www.kcar.com/bc/detail/carInfoDtl?i_sCarCd=EC61388561,기아,더 뉴 K3 2세대,K3,기아 더 뉴 K3 2세대 노블레스 ,노블레스,노블레스,노블레스,2021-12,2021,2022,86427,1520,,1629,가솔린,가솔린,오토,1598,5,세단,준중형차,단순수리,,,후방카메라|후방센서|전방센서|자동긴급제동|후측방경보|차선이탈경보|스마트크루즈|타이어공기압경고|차체자세제어|전자식파킹브레이크|통풍시트|열선시트|스마트키|내비|크루즈|전동시트|하이패스,4,자동긴급제동|후측방경보|차선이탈경보|스마트크루즈,4,3,김포직영점 경기/인천,,,https://img.kcar.com/3dcarpicture/2026/07/087/61388561_1/main/main780.jpg,,N,SELL,더 뉴 K3 2세대 2021±1 / 같은 세대·연료·배기량(트림 섞임),23,1520,75225,0.0,-0.1489,같은 세대·연료·배기량(트림 섞임),,20.0
EC61400774,https://www.kcar.com/bc/detail/carInfoDtl?i_sCarCd=EC61400774,현대,쏘나타 DN8,쏘나타,현대 쏘나타 DN8 2.0 가솔린 프리미엄 플러스,2.0 가솔린 프리미엄 플러스,2.0,2.0 가솔린,2022-05,2022,2022,73137,1870,,2004,가솔린,가솔린,오토,1999,5,세단,중형차,단순수리,,,후방카메라|후방센서|전방센서|후측방경보|차선이탈경보|스마트크루즈|타이어공기압경고|차체자세제어|전자식파킹브레이크|통풍시트|열선시트|스마트키|내비|크루즈|전동시트|하이패스|무선충전,4,후측방경보|차선이탈경보|스마트크루즈,3,3,장한평직영점 서울,,,https://img.kcar.com/3dcarpicture/2026/08/095/61400774_2/main/main780.jpg,,N,SELL,쏘나타 DN8 2022±1 / 같은 세대·연료·배기량·트림,17,1870,66118,0.0,-0.1062,같은 세대·연료·배기량·트림,,20.0
EC61385383,https://www.kcar.com/bc/detail/carInfoDtl?i_sCarCd=EC61385383,제네시스,G70,G70,제네시스 G70 2.0T 엘리트,2.0T 엘리트,2.0T,2.0T,2020-06,2020,2020,96010,1890,,2025,가솔린,가솔린,오토,1998,5,세단,중형차,단순수리,,,후방카메라|후방센서|전방센서|후측방경보|차선이탈경보|스마트크루즈|타이어공기압경고|차체자세제어|경사로밀림방지|전자식파킹브레이크|통풍시트|열선시트|스마트키|내비|크루즈|전동시트|하이패스,4,후측방경보|차선이탈경보|스마트크루즈,3,3,세종공주직영점 충남,,,https://img.kcar.com/3dcarpicture/2026/07/169/61385383_2/main/main780.jpg,,N,SELL,G70 2020±1 / 같은 세대·연료·배기량·트림,14,1870.0,92472,-0.0107,-0.0383,같은 세대·연료·배기량·트림,,20.0
EC61389114,https://www.kcar.com/bc/detail/carInfoDtl?i_sCarCd=EC61389114,현대,쏘나타 DN8,쏘나타,현대 쏘나타 DN8 2.0 가솔린 프리미엄 플러스,2.0 가솔린 프리미엄 플러스,2.0,2.0 가솔린,2022-04,2022,2022,68747,1890,,2025,가솔린,가솔린,오토,1999,5,세단,중형차,단순수리,,,후방카메라|후방센서|전방센서|자동긴급제동|후측방경보|차선이탈경보|스마트크루즈|타이어공기압경고|차체자세제어|전자식파킹브레이크|통풍시트|열선시트|스마트키|내비|크루즈|전동시트|하이패스|무선충전,4,자동긴급제동|후측방경보|차선이탈경보|스마트크루즈,4,3,경기서부직영점 경기/인천,,,https://img.kcar.com/3dcarpicture/2026/07/143/61389114_1/main/main780.jpg,,N,SELL,쏘나타 DN8 2022±1 / 같은 세대·연료·배기량·트림,17,1870,66118,-0.0107,-0.0398,같은 세대·연료·배기량·트림,,20.0
EC61408264,https://www.kcar.com/bc/detail/carInfoDtl?i_sCarCd=EC61408264,기아,K5 3세대,K5,기아 K5 3세대 가솔린 터보 1.6 노블레스,가솔린 터보 1.6 노블레스,가솔린,가솔린 터보 1.6,2021-08,2021,2021,78866,1830,,1961,가솔린,가솔린,오토,1598,5,세단,중형차,단순수리,,,후방카메라|전방카메라|어라운드뷰|후방센서|전방센서|자동긴급제동|후측방경보|차선이탈경보|스마트크루즈|타이어공기압경고|차체자세제어|전자식파킹브레이크|통풍시트|열선시트|스마트키|내비|크루즈|전동시트|하이패스,4,자동긴급제동|후측방경보|차선이탈경보|스마트크루즈,4,5,천안직영점 충남,,,https://img.kcar.com/carpicture/carpicture10/pic6140/kcarM_61408264_045.jpg,,N,SELL,K5 3세대 2021±1 / 같은 세대·연료·배기량·트림,7,1780,78866,-0.0281,0.0,같은 세대·연료·배기량·트림,,20.0
EC61403018,https://www.kcar.com/bc/detail/carInfoDtl?i_sCarCd=EC61403018,기아,K5 3세대,K5,기아 K5 3세대 가솔린 터보 1.6 노블레스,가솔린 터보 1.6 노블레스,가솔린,가솔린 터보 1.6,2021-04,2021,2021,96688,1780,,1908,가솔린,가솔린,오토,1598,5,세단,중형차,단순수리,,,후방카메라|전방카메라|어라운드뷰|후방센서|전방센서|자동긴급제동|후측방경보|차선이탈경보|스마트크루즈|헤드업디스플레이|타이어공기압경고|차체자세제어|전자식파킹브레이크|통풍시트|열선시트|스마트키|내비|크루즈|전동시트|하이패스,4,자동긴급제동|후측방경보|차선이탈경보|스마트크루즈,4,5,대구직영점 경북,,,https://img.kcar.com/carpicture/carpicture10/pic6140/kcarM_61403018_045.jpg,,N,SELL,K5 3세대 2021±1 / 같은 세대·연료·배기량·트림,7,1780,78866,0.0,-0.226,같은 세대·연료·배기량·트림,,20.0
EC61407031,https://www.kcar.com/bc/detail/carInfoDtl?i_sCarCd=EC61407031,기아,스팅어,스팅어,기아 스팅어 2.0 터보 2WD 플래티넘,2.0 터보 2WD 플래티넘,2.0,2.0 터보 2WD,2020-01,2020,2020,93953,1850,,1983,가솔린,가솔린,오토,1998,5,세단,중형차,단순수리,,,후방카메라|전방카메라|어라운드뷰|후방센서|전방센서|자동긴급제동|후측방경보|차선이탈경보|스마트크루즈|헤드업디스플레이|타이어공기압경고|차체자세제어|전자식파킹브레이크|통풍시트|열선시트|스마트키|내비|크루즈|전동시트|하이패스|무선충전,4,자동긴급제동|후측방경보|차선이탈경보|스마트크루즈,4,5,서부산직영점 경남,,,https://img.kcar.com/carpicture/carpicture10/pic6140/kcarM_61407031_045.jpg,,N,SELL,스팅어 2020±1 / 같은 세대·연료·배기량·트림,5,1690,89590,-0.0947,-0.0487,같은 세대·연료·배기량·트림,,20.0
EC61410118,https://www.kcar.com/bc/detail/carInfoDtl?i_sCarCd=EC61410118,기아,K5 3세대,K5,기아 K5 3세대 가솔린 2.0 프레스티지,가솔린 2.0 프레스티지,가솔린,가솔린 2.0,2021-04,2021,2021,89190,1750,,1876,가솔린,가솔린,오토,1999,5,세단,중형차,단순수리,,,후방카메라|후방센서|자동긴급제동|후측방경보|차선이탈경보|스마트크루즈|타이어공기압경고|차체자세제어|전자식파킹브레이크|통풍시트|열선시트|스마트키|내비|크루즈|전동시트|하이패스,4,자동긴급제동|후측방경보|차선이탈경보|스마트크루즈,4,2,대구직영점 경북,,,https://img.kcar.com/carpicture/carpicture01/pic6141/kcarM_61410118_045.jpg,,N,SELL,K5 3세대 2021±1 / 같은 세대·연료·배기량·트림,10,1650.0,88561,-0.0606,-0.0071,같은 세대·연료·배기량·트림,,20.0
EC61403414,https://www.kcar.com/bc/detail/carInfoDtl?i_sCarCd=EC61403414,기아,K5 3세대,K5,기아 K5 3세대 가솔린 2.0 프레스티지,가솔린 2.0 프레스티지,가솔린,가솔린 2.0,2021-05,2021,2021,91615,1650,,1768,가솔린,가솔린,오토,1999,5,세단,중형차,단순수리,,,후방카메라|후방센서|후측방경보|차선이탈경보|스마트크루즈|타이어공기압경고|차체자세제어|전자식파킹브레이크|통풍시트|열선시트|스마트키|내비|크루즈|전동시트|하이패스,4,후측방경보|차선이탈경보|스마트크루즈,3,2,전주직영점 전북,,,https://img.kcar.com/3dcarpicture/2026/08/129/61403414_1/main/main780.jpg,,N,SELL,K5 3세대 2021±1 / 같은 세대·연료·배기량·트림,10,1650.0,88561,0.0,-0.0345,같은 세대·연료·배기량·트림,,20.0
EC61410711,https://www.kcar.com/bc/detail/carInfoDtl?i_sCarCd=EC61410711,현대,쏘나타 DN8,쏘나타,현대 쏘나타 DN8 1.6 터보 프리미엄 플러스,1.6 터보 프리미엄 플러스,1.6,1.6 터보,2021-07,2021,2022,63728,2060,,2207,가솔린,가솔린,오토,1598,5,세단,중형차,단순수리,,,후방카메라|전방카메라|어라운드뷰|후방센서|전방센서|자동긴급제동|후측방경보|차선이탈경보|스마트크루즈|헤드업디스플레이|타이어공기압경고|차체자세제어|경사로밀림방지|전자식파킹브레이크|통풍시트|열선시트|스마트키|내비|크루즈|선루프|전동시트|하이패스|무선충전,4,자동긴급제동|후측방경보|차선이탈경보|스마트크루즈,4,5,포천직영점 경기/인천,,,https://img.kcar.com/3dcarpicture/2026/09/145/61410711_1/main/main780.jpg,,N,SELL,쏘나타 DN8 2021±1 / 같은 세대·연료·배기량·트림,5,1880,58934,-0.0957,-0.0813,같은 세대·연료·배기량·트림,,20.0
EC61405274,https://www.kcar.com/bc/detail/carInfoDtl?i_sCarCd=EC61405274,현대,더 뉴 아반떼 (CN7),아반떼,현대 더 뉴 아반떼 (CN7) 가솔린 1.6 모던 N Line,가솔린 1.6 모던 N Line,가솔린,가솔린 1.6,2024-04,2024,2024,19164,2090,,2239,가솔린,가솔린,오토,1598,5,세단,준중형차,단순수리,,,후방카메라|후방센서|전방센서|후측방경보|차선이탈경보|스마트크루즈|타이어공기압경고|차체자세제어|전자식파킹브레이크|통풍시트|열선시트|스마트키|내비|크루즈|하이패스,4,후측방경보|차선이탈경보|스마트크루즈,3,3,천안직영점 충남,,,https://img.kcar.com/carpicture/carpicture10/pic6140/kcarM_61405274_045.jpg,,N,SELL,더 뉴 아반떼 (CN7) 2024±1 / 같은 세대·연료·배기량·트림,3,2090,19164,0.0,0.0,같은 세대·연료·배기량·트림,,20.0
EC61386855,https://www.kcar.com/bc/detail/carInfoDtl?i_sCarCd=EC61386855,기아,K5 3세대,K5,기아 K5 3세대 가솔린 2.0 트렌디,가솔린 2.0 트렌디,가솔린,가솔린 2.0,2022-02,2022,2022,74414,1700,,1822,가솔린,가솔린,오토,1999,5,세단,중형차,단순수리,,,후방카메라|후방센서|자동긴급제동|후측방경보|차선이탈경보|스마트크루즈|타이어공기압경고|차체자세제어|전자식파킹브레이크|열선시트|스마트키|내비|크루즈|하이패스,4,자동긴급제동|후측방경보|차선이탈경보|스마트크루즈,4,2,김포직영점 경기/인천,,,https://img.kcar.com/3dcarpicture/2026/07/087/61386855_2/main/main780.jpg,,N,SELL,K5 3세대 2022±1 / 같은 세대·연료·배기량·트림,3,1700,74414,0.0,0.0,같은 세대·연료·배기량·트림,,20.0
EC61394326,https://www.kcar.com/bc/detail/carInfoDtl?i_sCarCd=EC61394326,현대,쏘나타 DN8,쏘나타,현대 쏘나타 DN8 1.6 터보 프리미엄 패밀리,1.6 터보 프리미엄 패밀리,1.6,1.6 터보,2021-03,2021,2021,93913,1640,,1758,가솔린,가솔린,오토,1598,5,세단,중형차,단순수리,,,후방카메라|후방센서|전방센서|자동긴급제동|후측방경보|차선이탈경보|스마트크루즈|타이어공기압경고|차체자세제어|전자식파킹브레이크|통풍시트|열선시트|스마트키|내비|크루즈|전동시트|하이패스|무선충전,4,자동긴급제동|후측방경보|차선이탈경보|스마트크루즈,4,3,포항직영점 경북,,,https://img.kcar.com/3dcarpicture/2026/08/162/61394326_1/main/main780.jpg,,N,SELL,쏘나타 DN8 2021±1 / 같은 세대·연료·배기량·트림,3,1640,93913,0.0,0.0,같은 세대·연료·배기량·트림,,20.0
EC61407248,https://www.kcar.com/bc/detail/carInfoDtl?i_sCarCd=EC61407248,현대,아반떼 (CN7),아반떼,현대 아반떼 (CN7) 가솔린 1.6 모던,가솔린 1.6 모던,가솔린,가솔린 1.6,2021-08,2021,2021,88717,1580,,1694,가솔린,가솔린,오토,1598,5,세단,준중형차,단순수리,,,후방카메라|후방센서|자동긴급제동|후측방경보|차선이탈경보|스마트크루즈|타이어공기압경고|차체자세제어|경사로밀림방지|통풍시트|열선시트|스마트키|내비|크루즈|하이패스,4,자동긴급제동|후측방경보|차선이탈경보|스마트크루즈,4,2,구미직영점 경북,,,https://img.kcar.com/3dcarpicture/2026/09/075/61407248_2/main/main780.jpg,,N,SELL,아반떼 (CN7) 2021±1 / 같은 세대·연료·배기량·트림,18,1495.0,69408,-0.0569,-0.2782,같은 세대·연료·배기량·트림,,20.0
EC61409685,https://www.kcar.com/bc/detail/carInfoDtl?i_sCarCd=EC61409685,제네시스,G70,G70,제네시스 G70 2.0T 어드밴스드,2.0T 어드밴스드,2.0T,2.0T,2020-07,2020,2020,62153,1920,,2057,가솔린,가솔린,오토,1998,5,세단,중형차,단순수리,,,후방카메라|후방센서|자동긴급제동|차선이탈경보|스마트크루즈|타이어공기압경고|차체자세제어|전자식파킹브레이크|열선시트|스마트키|내비|크루즈|전동시트|하이패스,4,자동긴급제동|차선이탈경보|스마트크루즈,3,2,광명직영점 경기/인천,,,https://img.kcar.com/3dcarpicture/2026/09/104/61409685_1/main/main780.jpg,,N,SELL,G70 2020±1 / 같은 세대·연료·배기량·트림,3,1920,62153,0.0,0.0,같은 세대·연료·배기량·트림,,20.0
EC61405029,https://www.kcar.com/bc/detail/carInfoDtl?i_sCarCd=EC61405029,현대,싼타페 TM,싼타페,현대 싼타페 TM 디젤 2.0 2WD 익스클루시브,디젤 2.0 2WD 익스클루시브,디젤,디젤 2.0 2WD,2020-05,2020,2020,93668,1820,,1950,디젤,디젤,오토,1995,5,SUV,SUV,단순수리,,,후방카메라|후방센서|전방센서|자동긴급제동|후측방경보|차선이탈경보|스마트크루즈|타이어공기압경고|차체자세제어|전자식파킹브레이크|통풍시트|열선시트|스마트키|내비|크루즈|전동시트|하이패스,4,자동긴급제동|후측방경보|차선이탈경보|스마트크루즈,4,3,경기서부직영점 경기/인천,,,https://img.kcar.com/3dcarpicture/2026/08/143/61405029_1/main/main780.jpg,출퇴근용|영업용,N,SELL,싼타페 TM 2020±1 / 같은 세대·연료·배기량·트림,5,1880,84224,0.0319,-0.1121,같은 세대·연료·배기량·트림,,19.8
EC61394847,https://www.kcar.com/bc/detail/carInfoDtl?i_sCarCd=EC61394847,현대,더 뉴 그랜저,그랜저,현대 더 뉴 그랜저 가솔린 2.5 익스클루시브,가솔린 2.5 익스클루시브,가솔린,가솔린 2.5,2020-04,2020,2020,96966,1960,,2100,가솔린,가솔린,오토,2497,5,세단,대형차,단순수리,,,어라운드뷰|후방센서|전방센서|후측방경보|헤드업디스플레이|타이어공기압경고|차체자세제어|전자식파킹브레이크|통풍시트|열선시트|스마트키|내비|크루즈|선루프|전동시트|하이패스|무선충전,4,후측방경보,1,3,수원신갈직영점 경기/인천,,,https://img.kcar.com/carpicture/carpicture09/pic6139/kcarM_61394847_045.jpg,,N,SELL,더 뉴 그랜저 2020±1 / 같은 세대·연료·배기량·트림,29,1990,94810,0.0151,-0.0227,같은 세대·연료·배기량·트림,,19.8
EC61403929,https://www.kcar.com/bc/detail/carInfoDtl?i_sCarCd=EC61403929,기아,스포티지 더 볼드,스포티지,기아 스포티지 더 볼드 디젤 2.0 4WD 프레스티지,디젤 2.0 4WD 프레스티지,디젤,디젤 2.0 4WD,2020-06,2020,2020,80333,1550,,1662,디젤,디젤,오토,1995,5,SUV,SUV,단순수리,,,후방카메라|후방센서|차선이탈경보|타이어공기압경고|차체자세제어|통풍시트|열선시트|스마트키|내비|크루즈|전동시트|하이패스,4,차선이탈경보,1,2,원주직영점 강원,,,https://img.kcar.com/3dcarpicture/2026/09/168/61403929_2/main/main780.jpg,출퇴근용|영업용,N,SELL,스포티지 더 볼드 2020±1 / 같은 세대·연료·배기량(트림 섞임),26,1600.0,80376,0.0312,0.0005,같은 세대·연료·배기량(트림 섞임),비교군 가격 산포 52% — 시세차를 그대로 믿지 말 것,19.7
EC61406651,https://www.kcar.com/bc/detail/carInfoDtl?i_sCarCd=EC61406651,기아,디 올 뉴 스포티지,스포티지,기아 디 올 뉴 스포티지 2.0 디젤 AWD 트렌디,2.0 디젤 AWD 트렌디,2.0,2.0 디젤 AWD,2022-09,2022,2023,27608,2090,,2239,디젤,디젤,오토,1998,5,SUV,SUV,단순수리,,,후방카메라|후방센서|차선이탈경보|타이어공기압경고|차체자세제어|전자식파킹브레이크|열선시트|스마트키|내비|크루즈|하이패스,4,차선이탈경보,1,2,수원직영점 경기/인천,,,https://img.kcar.com/carpicture/carpicture10/pic6140/kcarM_61406651_045.jpg,출퇴근용|영업용,N,SELL,디 올 뉴 스포티지 2022±1 / 같은 세대·연료·배기량·트림,10,2145.0,24917,0.0256,-0.108,같은 세대·연료·배기량·트림,,18.8
EC61408887,https://www.kcar.com/bc/detail/carInfoDtl?i_sCarCd=EC61408887,현대,더 뉴 싼타페,싼타페,현대 더 뉴 싼타페 디젤 2.2 2WD 프레스티지,디젤 2.2 2WD 프레스티지,디젤,디젤 2.2 2WD,2021-07,2021,2021,83120,2170,,2325,디젤,디젤,오토,2151,5,SUV,SUV,단순수리,,,후방카메라|전방카메라|어라운드뷰|후방센서|전방센서|후측방경보|차선이탈경보|스마트크루즈|타이어공기압경고|차체자세제어|전자식파킹브레이크|통풍시트|열선시트|스마트키|내비|크루즈|전동시트|하이패스,4,후측방경보|차선이탈경보|스마트크루즈,3,5,광주풍암직영점 전남,,,https://img.kcar.com/carpicture/carpicture10/pic6140/kcarM_61408887_045.jpg,출퇴근용|영업용,N,SELL,더 뉴 싼타페 2021±1 / 같은 세대·연료·배기량·트림,34,2205.0,80689,0.0159,-0.0301,같은 세대·연료·배기량·트림,,17.4
EC61406076,https://www.kcar.com/bc/detail/carInfoDtl?i_sCarCd=EC61406076,기아,스포티지 더 볼드,스포티지,기아 스포티지 더 볼드 디젤 1.6 4WD 프레스티지,디젤 1.6 4WD 프레스티지,디젤,디젤 1.6 4WD,2021-05,2021,2022,99581,1530,,1640,디젤,디젤,오토,1598,5,SUV,SUV,단순수리,,,후방카메라|후방센서|자동긴급제동|차선이탈경보|타이어공기압경고|차체자세제어|경사로밀림방지|전자식파킹브레이크|통풍시트|열선시트|스마트키|내비|크루즈|전동시트|하이패스,4,자동긴급제동|차선이탈경보,2,2,화성직영점 경기/인천,,,https://img.kcar.com/3dcarpicture/2026/08/175/61406076_1/main/main780.jpg,출퇴근용|영업용,N,SELL,스포티지 더 볼드 2021±1 / 같은 세대·연료·배기량(트림 섞임),4,1550.0,76380,0.0129,-0.3037,같은 세대·연료·배기량(트림 섞임),,16.9
EC61404610,https://www.kcar.com/bc/detail/carInfoDtl?i_sCarCd=EC61404610,현대,투싼 (4세대),투싼,현대 투싼 (4세대) 2.0 디젤 프리미엄,2.0 디젤 프리미엄,2.0,2.0 디젤,2022-04,2022,2022,67672,2160,,2314,디젤,디젤,오토,1998,5,SUV,SUV,단순수리,,,후방카메라|후방센서|전방센서|자동긴급제동|후측방경보|차선이탈경보|스마트크루즈|타이어공기압경고|차체자세제어|전자식파킹브레이크|통풍시트|열선시트|스마트키|내비|크루즈|전동시트|하이패스,4,자동긴급제동|후측방경보|차선이탈경보|스마트크루즈,4,3,경기서부직영점 경기/인천,,,https://img.kcar.com/3dcarpicture/2026/08/143/61404610_1/main/main780.jpg,출퇴근용|영업용,N,SELL,투싼 (4세대) 2022±1 / 같은 세대·연료·배기량·트림,5,2160,63731,0.0,-0.0618,같은 세대·연료·배기량·트림,,15.0
EC61381881,https://www.kcar.com/bc/detail/carInfoDtl?i_sCarCd=EC61381881,현대,더 뉴 싼타페,싼타페,현대 더 뉴 싼타페 디젤 2.2 2WD 익스클루시브,디젤 2.2 2WD 익스클루시브,디젤,디젤 2.2 2WD,2022-03,2022,2022,73926,2040,,2186,디젤,디젤,오토,2151,5,SUV,SUV,단순수리,,,후방카메라|후방센서|차선이탈경보|타이어공기압경고|차체자세제어|전자식파킹브레이크|통풍시트|열선시트|스마트키|내비|크루즈|하이패스,4,차선이탈경보,1,2,강남직영점 서울,,,https://img.kcar.com/carpicture/carpicture08/pic6138/kcarM_61381881_045.jpg,출퇴근용|영업용,N,SELL,더 뉴 싼타페 2022±1 / 같은 세대·연료·배기량·트림,3,2040,73926,0.0,0.0,같은 세대·연료·배기량·트림,,15.0
EC61404311,https://www.kcar.com/bc/detail/carInfoDtl?i_sCarCd=EC61404311,기아,스포티지 더 볼드,스포티지,기아 스포티지 더 볼드 디젤 2.0 2WD 프레스티지,디젤 2.0 2WD 프레스티지,디젤,디젤 2.0 2WD,2021-02,2021,2021,68560,1790,,1918,디젤,디젤,오토,1995,5,SUV,SUV,단순수리,,,후방카메라|후방센서|전방센서|자동긴급제동|후측방경보|차선이탈경보|스마트크루즈|타이어공기압경고|차체자세제어|전자식파킹브레이크|통풍시트|열선시트|스마트키|내비|크루즈|전동시트|하이패스,4,자동긴급제동|후측방경보|차선이탈경보|스마트크루즈,4,3,서대구직영점 경북,,,https://img.kcar.com/carpicture/carpicture10/pic6140/kcarM_61404311_045.jpg,출퇴근용|영업용,N,SELL,스포티지 더 볼드 2021±1 / 같은 세대·연료·배기량·트림,6,1630.0,68092,-0.0982,-0.0069,같은 세대·연료·배기량·트림,,15.0
EC61353179,https://www.kcar.com/bc/detail/carInfoDtl?i_sCarCd=EC61353179,기아,더 뉴 쏘렌토,쏘렌토,기아 더 뉴 쏘렌토 디젤 2.0 4WD 마스터,디젤 2.0 4WD 마스터,디젤,디젤 2.0 4WD,2020-01,2020,2020,92536,1790,,1918,디젤,디젤,오토,1995,5,SUV,SUV,단순수리,,,후방카메라|후방센서|전방센서|자동긴급제동|후측방경보|차선이탈경보|스마트크루즈|타이어공기압경고|차체자세제어|전자식파킹브레이크|통풍시트|열선시트|스마트키|내비|크루즈|전동시트|하이패스,4,자동긴급제동|후측방경보|차선이탈경보|스마트크루즈,4,3,천안직영점 충남,,,https://img.kcar.com/carpicture/carpicture05/pic6135/kcarM_61353179_045.jpg,출퇴근용|영업용,N,SELL,더 뉴 쏘렌토 2020±1 / 같은 세대·연료·배기량(트림 섞임),34,1740.0,85458,-0.0287,-0.0828,같은 세대·연료·배기량(트림 섞임),,15.0
EC61399991,https://www.kcar.com/bc/detail/carInfoDtl?i_sCarCd=EC61399991,기아,스포티지 더 볼드,스포티지,기아 스포티지 더 볼드 디젤 2.0 2WD 프레스티지,디젤 2.0 2WD 프레스티지,디젤,디젤 2.0 2WD,2020-06,2020,2020,80419,1490,,1597,디젤,디젤,오토,1995,5,SUV,SUV,단순수리,,,후방카메라|후방센서|자동긴급제동|차선이탈경보|타이어공기압경고|차체자세제어|경사로밀림방지|통풍시트|열선시트|스마트키|내비|크루즈|전동시트|하이패스,4,자동긴급제동|차선이탈경보,2,2,인천직영점 경기/인천,,,https://img.kcar.com/carpicture/carpicture09/pic6139/kcarM_61399991_045.jpg,출퇴근용|영업용,N,SELL,스포티지 더 볼드 2020±1 / 같은 세대·연료·배기량·트림,11,1490,80419,0.0,0.0,같은 세대·연료·배기량·트림,,15.0
EC61395154,https://www.kcar.com/bc/detail/carInfoDtl?i_sCarCd=EC61395154,기아,디 올 뉴 스포티지,스포티지,기아 디 올 뉴 스포티지 2.0 디젤 2WD 프레스티지,2.0 디젤 2WD 프레스티지,2.0,2.0 디젤 2WD,2023-03,2023,2023,86168,2090,,2239,디젤,디젤,오토,1998,5,SUV,SUV,단순수리,,,후방카메라|후방센서|후측방경보|차선이탈경보|스마트크루즈|타이어공기압경고|차체자세제어|전자식파킹브레이크|통풍시트|열선시트|스마트키|내비|크루즈|전동시트|하이패스|무선충전,4,후측방경보|차선이탈경보|스마트크루즈,3,2,수원신갈직영점 경기/인천,,,https://img.kcar.com/carpicture/carpicture09/pic6139/kcarM_61395154_045.jpg,출퇴근용|영업용,N,SELL,디 올 뉴 스포티지 2023±1 / 같은 세대·연료·배기량·트림,5,2090,53783,0.0,-0.6021,같은 세대·연료·배기량·트림,,15.0
EC61410010,https://www.kcar.com/bc/detail/carInfoDtl?i_sCarCd=EC61410010,기아,디 올 뉴 스포티지,스포티지,기아 디 올 뉴 스포티지 2.0 디젤 2WD 프레스티지,2.0 디젤 2WD 프레스티지,2.0,2.0 디젤 2WD,2021-10,2021,2022,66608,2120,,2271,디젤,디젤,오토,1998,5,SUV,SUV,단순수리,,,후방카메라|후방센서|자동긴급제동|후측방경보|차선이탈경보|스마트크루즈|타이어공기압경고|차체자세제어|경사로밀림방지|전자식파킹브레이크|통풍시트|열선시트|스마트키|내비|크루즈|하이패스|무선충전,4,자동긴급제동|후측방경보|차선이탈경보|스마트크루즈,4,2,김포공항직영점 경기/인천,,,https://img.kcar.com/carpicture/carpicture01/pic6141/kcarM_61410010_045.jpg,출퇴근용|영업용,N,SELL,디 올 뉴 스포티지 2021±1 / 같은 세대·연료·배기량·트림,4,2065.0,63251,-0.0266,-0.0531,같은 세대·연료·배기량·트림,,15.0
EC61404962,https://www.kcar.com/bc/detail/carInfoDtl?i_sCarCd=EC61404962,현대,코나,코나,현대 코나 디젤 1.6 2WD 프리미엄,디젤 1.6 2WD 프리미엄,디젤,디젤 1.6 2WD,2020-08,2020,2020,69936,1470,,1576,디젤,디젤,오토,1598,5,SUV,SUV,단순수리,,,후방카메라|후방센서|전방센서|차선이탈경보|헤드업디스플레이|타이어공기압경고|차체자세제어|통풍시트|열선시트|스마트키|내비|크루즈|전동시트|하이패스|무선충전,4,차선이탈경보,1,3,고양직영점 경기/인천,,,https://img.kcar.com/carpicture/carpicture10/pic6140/kcarM_61404962_045.jpg,출퇴근용|영업용,N,SELL,코나 2020±1 / 같은 세대·연료·배기량·트림,3,1420,63343,-0.0352,-0.1041,같은 세대·연료·배기량·트림,,15.0
